ticker,entry_date,entry_ref,exit_date,exit_ref,weekly_return,weekly_return_pct,bucket,entry_ref_date,exit_ref_date,entry_fallback,exit_fallback,n_entry_bars,n_exit_bars
TSLA,2024-06-28,197.609,2024-07-05,250.971,0.270038,27.00%,up,2024-06-28,2024-07-05,False,False,10,10
TSLA,2024-07-05,250.971,2024-07-12,248.569,-0.009571,-0.96%,flat,2024-07-05,2024-07-12,False,False,10,10
TSLA,2024-07-12,248.569,2024-07-19,239.4595,-0.036648,-3.66%,down,2024-07-12,2024-07-19,False,False,10,10
TSLA,2024-07-19,239.4595,2024-07-26,219.526,-0.083244,-8.32%,down,2024-07-19,2024-07-26,False,False,10,10
TSLA,2024-07-26,219.526,2024-08-02,207.0085,-0.057021,-5.70%,down,2024-07-26,2024-08-02,False,False,10,10
TSLA,2024-08-02,207.0085,2024-08-09,199.8975,-0.034351,-3.44%,down,2024-08-02,2024-08-09,False,False,10,10
TSLA,2024-08-09,199.8975,2024-08-16,216.4035,0.082572,8.26%,up,2024-08-09,2024-08-16,False,False,10,10
TSLA,2024-08-16,216.4035,2024-08-23,220.372,0.018338,1.83%,up,2024-08-16,2024-08-23,False,False,10,10
TSLA,2024-08-23,220.372,2024-08-30,213.566,-0.030884,-3.09%,down,2024-08-23,2024-08-30,False,False,10,10
TSLA,2024-08-30,213.566,2024-09-06,211.84,-0.008082,-0.81%,flat,2024-08-30,2024-09-06,False,False,10,10
TSLA,2024-09-06,211.84,2024-09-13,230.168,0.086518,8.65%,up,2024-09-06,2024-09-13,False,False,10,10
TSLA,2024-09-13,230.168,2024-09-20,238.41,0.035809,3.58%,up,2024-09-13,2024-09-20,False,False,10,10
TSLA,2024-09-20,238.41,2024-09-27,260.2425,0.091575,9.16%,up,2024-09-20,2024-09-27,False,False,10,10
TSLA,2024-09-27,260.2425,2024-10-04,249.955,-0.039530,-3.95%,down,2024-09-27,2024-10-04,False,False,10,10
TSLA,2024-10-04,249.955,2024-10-11,217.9675,-0.127973,-12.80%,down,2024-10-04,2024-10-11,False,False,10,10
TSLA,2024-10-11,217.9675,2024-10-18,220.735,0.012697,1.27%,flat,2024-10-11,2024-10-18,False,False,10,10
TSLA,2024-10-18,220.735,2024-10-25,269.0795,0.219016,21.90%,up,2024-10-18,2024-10-25,False,False,10,10
TSLA,2024-10-25,269.0795,2024-11-01,248.769,-0.075481,-7.55%,down,2024-10-25,2024-11-01,False,False,10,10
TSLA,2024-11-01,248.769,2024-11-08,320.8165,0.289616,28.96%,up,2024-11-01,2024-11-08,False,False,10,10
TSLA,2024-11-08,320.8165,2024-11-15,320.5505,-0.000829,-0.08%,flat,2024-11-08,2024-11-15,False,False,10,10
TSLA,2024-11-15,320.5505,2024-11-22,352.856,0.100781,10.08%,up,2024-11-15,2024-11-22,False,False,10,10
TSLA,2024-11-22,352.856,2024-11-29,332.87,-0.056641,-5.66%,down,2024-11-22,2024-11-27,False,True,10,10
TSLA,2024-11-29,332.87,2024-12-06,387.7435,0.164850,16.48%,up,2024-11-27,2024-12-06,True,False,10,10
TSLA,2024-12-06,387.7435,2024-12-13,434.8565,0.121506,12.15%,up,2024-12-06,2024-12-13,False,False,10,10
TSLA,2024-12-13,434.8565,2024-12-20,424.1825,-0.024546,-2.45%,down,2024-12-13,2024-12-20,False,False,10,10
TSLA,2024-12-20,424.1825,2024-12-27,431.1105,0.016333,1.63%,up,2024-12-20,2024-12-27,False,False,10,10
TSLA,2024-12-27,431.1105,2025-01-03,410.347,-0.048163,-4.82%,down,2024-12-27,2025-01-03,False,False,10,10
TSLA,2025-01-03,410.347,2025-01-10,394.7755,-0.037947,-3.79%,down,2025-01-03,2025-01-10,False,False,10,10
TSLA,2025-01-10,394.7755,2025-01-17,428.246,0.084784,8.48%,up,2025-01-10,2025-01-17,False,False,10,10
TSLA,2025-01-17,428.246,2025-01-24,406.5105,-0.050755,-5.08%,down,2025-01-17,2025-01-24,False,False,10,10
TSLA,2025-01-24,406.5105,2025-01-31,404.236,-0.005595,-0.56%,flat,2025-01-24,2025-01-31,False,False,10,10
TSLA,2025-01-31,404.236,2025-02-07,361.8885,-0.104759,-10.48%,down,2025-01-31,2025-02-07,False,False,10,10
TSLA,2025-02-07,361.8885,2025-02-14,355.724,-0.017034,-1.70%,down,2025-02-07,2025-02-14,False,False,10,10
TSLA,2025-02-14,355.724,2025-02-21,337.3255,-0.051721,-5.17%,down,2025-02-14,2025-02-21,False,False,10,10
TSLA,2025-02-21,337.3255,2025-02-28,291.2995,-0.136444,-13.64%,down,2025-02-21,2025-02-28,False,False,10,10
TSLA,2025-02-28,291.2995,2025-03-07,262.071,-0.100338,-10.03%,down,2025-02-28,2025-03-07,False,False,10,10
TSLA,2025-03-07,262.071,2025-03-14,249.635,-0.047453,-4.75%,down,2025-03-07,2025-03-14,False,False,10,10
TSLA,2025-03-14,249.635,2025-03-21,248.261,-0.005504,-0.55%,flat,2025-03-14,2025-03-21,False,False,10,10
TSLA,2025-03-21,248.261,2025-03-28,263.4325,0.061111,6.11%,up,2025-03-21,2025-03-28,False,False,10,10
TSLA,2025-03-28,263.4325,2025-04-04,239.8955,-0.089347,-8.93%,down,2025-03-28,2025-04-04,False,False,10,10
TSLA,2025-04-04,239.8955,2025-04-11,250.9475,0.046070,4.61%,up,2025-04-04,2025-04-11,False,False,10,10
TSLA,2025-04-11,250.9475,2025-04-18,240.9985,-0.039646,-3.96%,down,2025-04-11,2025-04-17,False,True,10,10
TSLA,2025-04-18,240.9985,2025-04-25,284.7065,0.181362,18.14%,up,2025-04-17,2025-04-25,True,False,10,10
TSLA,2025-04-25,284.7065,2025-05-02,287.16,0.008618,0.86%,flat,2025-04-25,2025-05-02,False,False,10,10
TSLA,2025-05-02,287.16,2025-05-09,298.5865,0.039791,3.98%,up,2025-05-02,2025-05-09,False,False,10,10
TSLA,2025-05-09,298.5865,2025-05-16,349.336,0.169966,17.00%,up,2025-05-09,2025-05-16,False,False,10,10
TSLA,2025-05-16,349.336,2025-05-23,339.662,-0.027693,-2.77%,down,2025-05-16,2025-05-23,False,False,10,10
TSLA,2025-05-23,339.662,2025-05-30,347.081,0.021842,2.18%,up,2025-05-23,2025-05-30,False,False,10,10
TSLA,2025-05-30,347.081,2025-06-06,295.2385,-0.149367,-14.94%,down,2025-05-30,2025-06-06,False,False,10,10
TSLA,2025-06-06,295.2385,2025-06-13,325.299,0.101818,10.18%,up,2025-06-06,2025-06-13,False,False,10,10
TSLA,2025-06-13,325.299,2025-06-20,321.2075,-0.012578,-1.26%,flat,2025-06-13,2025-06-20,False,False,10,10
TSLA,2025-06-20,321.2075,2025-06-27,323.131,0.005988,0.60%,flat,2025-06-20,2025-06-27,False,False,10,10
TSLA,2025-06-27,323.131,2025-07-04,314.365,-0.027128,-2.71%,down,2025-06-27,2025-07-02,False,True,10,10
TSLA,2025-07-04,314.365,2025-07-11,313.5505,-0.002591,-0.26%,flat,2025-07-02,2025-07-11,True,False,10,10
TSLA,2025-07-11,313.5505,2025-07-18,329.286,0.050185,5.02%,up,2025-07-11,2025-07-18,False,False,10,10
TSLA,2025-07-18,329.286,2025-07-25,315.9825,-0.040401,-4.04%,down,2025-07-18,2025-07-25,False,False,10,10
TSLA,2025-07-25,315.9825,2025-08-01,302.963,-0.041203,-4.12%,down,2025-07-25,2025-08-01,False,False,10,10
TSLA,2025-08-01,302.963,2025-08-08,328.9235,0.085689,8.57%,up,2025-08-01,2025-08-08,False,False,10,10
TSLA,2025-08-08,328.9235,2025-08-15,329.6115,0.002092,0.21%,flat,2025-08-08,2025-08-15,False,False,10,10
TSLA,2025-08-15,329.6115,2025-08-22,339.4035,0.029708,2.97%,up,2025-08-15,2025-08-22,False,False,10,10
TSLA,2025-08-22,339.4035,2025-08-29,333.901,-0.016212,-1.62%,down,2025-08-22,2025-08-29,False,False,10,10
TSLA,2025-08-29,333.901,2025-09-05,350.522,0.049778,4.98%,up,2025-08-29,2025-09-05,False,False,10,10
TSLA,2025-09-05,350.522,2025-09-12,395.5245,0.128387,12.84%,up,2025-09-05,2025-09-12,False,False,10,10
TSLA,2025-09-12,395.5245,2025-09-19,426.2465,0.077674,7.77%,up,2025-09-12,2025-09-19,False,False,10,10
TSLA,2025-09-19,426.2465,2025-09-26,439.476,0.031037,3.10%,up,2025-09-19,2025-09-26,False,False,10,10
TSLA,2025-09-26,439.476,2025-10-03,428.9545,-0.023941,-2.39%,down,2025-09-26,2025-10-03,False,False,10,10
TSLA,2025-10-03,428.9545,2025-10-10,414.2655,-0.034244,-3.42%,down,2025-10-03,2025-10-10,False,False,10,10
TSLA,2025-10-10,414.2655,2025-10-17,438.94,0.059562,5.96%,up,2025-10-10,2025-10-17,False,False,10,10
TSLA,2025-10-17,438.94,2025-10-24,432.576,-0.014499,-1.45%,flat,2025-10-17,2025-10-24,False,False,10,10
TSLA,2025-10-24,432.576,2025-10-31,455.604,0.053235,5.32%,up,2025-10-24,2025-10-31,False,False,10,10
TSLA,2025-10-31,455.604,2025-11-07,429.555,-0.057175,-5.72%,down,2025-10-31,2025-11-07,False,False,10,10
TSLA,2025-11-07,429.555,2025-11-14,404.3255,-0.058734,-5.87%,down,2025-11-07,2025-11-14,False,False,10,10
TSLA,2025-11-14,404.3255,2025-11-21,392.3385,-0.029647,-2.96%,down,2025-11-14,2025-11-21,False,False,10,10
TSLA,2025-11-21,392.3385,2025-11-28,426.0285,0.085870,8.59%,up,2025-11-21,2025-11-26,False,True,10,10
TSLA,2025-11-28,426.0285,2025-12-05,454.8935,0.067754,6.78%,up,2025-11-26,2025-12-05,True,False,10,10
TSLA,2025-12-05,454.8935,2025-12-12,457.998,0.006825,0.68%,flat,2025-12-05,2025-12-12,False,False,10,10
TSLA,2025-12-12,457.998,2025-12-19,482.3485,0.053167,5.32%,up,2025-12-12,2025-12-19,False,False,10,10
TSLA,2025-12-19,482.3485,2025-12-26,476.078,-0.013000,-1.30%,flat,2025-12-19,2025-12-26,False,False,10,10
TSLA,2025-12-26,476.078,2026-01-02,438.3615,-0.079223,-7.92%,down,2025-12-26,2026-01-02,False,False,10,10
TSLA,2026-01-02,438.3615,2026-01-09,445.339,0.015917,1.59%,up,2026-01-02,2026-01-09,False,False,10,10
TSLA,2026-01-09,445.339,2026-01-16,438.4165,-0.015544,-1.55%,down,2026-01-09,2026-01-16,False,False,10,10
TSLA,2026-01-16,438.4165,2026-01-23,448.2445,0.022417,2.24%,up,2026-01-16,2026-01-23,False,False,10,10
TSLA,2026-01-23,448.2445,2026-01-30,432.3395,-0.035483,-3.55%,down,2026-01-23,2026-01-30,False,False,10,10
TSLA,2026-01-30,432.3395,2026-02-06,412.1825,-0.046623,-4.66%,down,2026-01-30,2026-02-06,False,False,10,10
TSLA,2026-02-06,412.1825,2026-02-13,417.276,0.012357,1.24%,flat,2026-02-06,2026-02-13,False,False,10,10
TSLA,2026-02-13,417.276,2026-02-20,411.6445,-0.013496,-1.35%,flat,2026-02-13,2026-02-20,False,False,10,10
TSLA,2026-02-20,411.6445,2026-02-27,402.36,-0.022555,-2.26%,down,2026-02-20,2026-02-27,False,False,10,10
TSLA,2026-02-27,402.36,2026-03-06,397.057,-0.013180,-1.32%,flat,2026-02-27,2026-03-06,False,False,10,10
TSLA,2026-03-06,397.057,2026-03-13,391.046,-0.015139,-1.51%,down,2026-03-06,2026-03-13,False,False,10,10
TSLA,2026-03-13,391.046,2026-03-20,367.0565,-0.061347,-6.13%,down,2026-03-13,2026-03-20,False,False,10,10
TSLA,2026-03-20,367.0565,2026-03-27,361.444,-0.015291,-1.53%,down,2026-03-20,2026-03-27,False,False,10,10
TSLA,2026-03-27,361.444,2026-04-03,360.8045,-0.001769,-0.18%,flat,2026-03-27,2026-04-02,False,True,10,10
TSLA,2026-04-03,360.8045,2026-04-10,348.057,-0.035331,-3.53%,down,2026-04-02,2026-04-10,True,False,10,10
TSLA,2026-04-10,348.057,2026-04-17,400.4205,0.150445,15.04%,up,2026-04-10,2026-04-17,False,False,10,10
TSLA,2026-04-17,400.4205,2026-04-24,376.824,-0.058929,-5.89%,down,2026-04-17,2026-04-24,False,False,10,10
TSLA,2026-04-24,376.824,2026-05-01,390.9735,0.037549,3.75%,up,2026-04-24,2026-05-01,False,False,10,10
TSLA,2026-05-01,390.9735,2026-05-08,426.601,0.091125,9.11%,up,2026-05-01,2026-05-08,False,False,10,10
TSLA,2026-05-08,426.601,2026-05-15,422.7885,-0.008937,-0.89%,flat,2026-05-08,2026-05-15,False,False,10,10
TSLA,2026-05-15,422.7885,2026-05-22,425.2275,0.005769,0.58%,flat,2026-05-15,2026-05-22,False,False,10,10
TSLA,2026-05-22,425.2275,2026-05-29,435.8955,0.025088,2.51%,up,2026-05-22,2026-05-29,False,False,10,10
TSLA,2026-05-29,435.8955,2026-06-05,392.203,-0.100236,-10.02%,down,2026-05-29,2026-06-05,False,False,10,10
TSLA,2026-06-05,392.203,2026-06-12,404.5385,0.031452,3.15%,up,2026-06-05,2026-06-12,False,False,10,10
TSLA,2026-06-12,404.5385,2026-06-19,400.442,-0.010126,-1.01%,flat,2026-06-12,2026-06-18,False,True,10,10
TSLA,2026-06-19,400.442,2026-06-26,380.936,-0.048711,-4.87%,down,2026-06-18,2026-06-26,True,False,10,10
AAPL,2024-06-28,211.769,2024-07-05,226.0945,0.067647,6.76%,up,2024-06-28,2024-07-05,False,False,10,10
AAPL,2024-07-05,226.0945,2024-07-12,230.3775,0.018943,1.89%,up,2024-07-05,2024-07-12,False,False,10,10
AAPL,2024-07-12,230.3775,2024-07-19,224.2665,-0.026526,-2.65%,down,2024-07-12,2024-07-19,False,False,10,10
AAPL,2024-07-19,224.2665,2024-07-26,217.581,-0.029811,-2.98%,down,2024-07-19,2024-07-26,False,False,10,10
AAPL,2024-07-26,217.581,2024-08-02,219.8,0.010199,1.02%,flat,2024-07-26,2024-08-02,False,False,10,10
AAPL,2024-08-02,219.8,2024-08-09,216.133,-0.016683,-1.67%,down,2024-08-02,2024-08-09,False,False,10,10
AAPL,2024-08-09,216.133,2024-08-16,225.8935,0.045160,4.52%,up,2024-08-09,2024-08-16,False,False,10,10
AAPL,2024-08-16,225.8935,2024-08-23,226.875,0.004345,0.43%,flat,2024-08-16,2024-08-23,False,False,10,10
AAPL,2024-08-23,226.875,2024-08-30,229.219,0.010332,1.03%,flat,2024-08-23,2024-08-30,False,False,10,10
AAPL,2024-08-30,229.219,2024-09-06,220.7865,-0.036788,-3.68%,down,2024-08-30,2024-09-06,False,False,10,10
AAPL,2024-09-06,220.7865,2024-09-13,222.525,0.007874,0.79%,flat,2024-09-06,2024-09-13,False,False,10,10
AAPL,2024-09-13,222.525,2024-09-20,230.4645,0.035679,3.57%,up,2024-09-13,2024-09-20,False,False,10,10
AAPL,2024-09-20,230.4645,2024-09-27,227.839,-0.011392,-1.14%,flat,2024-09-20,2024-09-27,False,False,10,10
AAPL,2024-09-27,227.839,2024-10-04,226.555,-0.005636,-0.56%,flat,2024-09-27,2024-10-04,False,False,10,10
AAPL,2024-10-04,226.555,2024-10-11,227.949,0.006153,0.62%,flat,2024-10-04,2024-10-11,False,False,10,10
AAPL,2024-10-11,227.949,2024-10-18,234.988,0.030880,3.09%,up,2024-10-11,2024-10-18,False,False,10,10
AAPL,2024-10-18,234.988,2024-10-25,231.399,-0.015273,-1.53%,down,2024-10-18,2024-10-25,False,False,10,10
AAPL,2024-10-25,231.399,2024-11-01,222.821,-0.037070,-3.71%,down,2024-10-25,2024-11-01,False,False,10,10
AAPL,2024-11-01,222.821,2024-11-08,227.0875,0.019148,1.91%,up,2024-11-01,2024-11-08,False,False,10,10
AAPL,2024-11-08,227.0875,2024-11-15,225.0425,-0.009005,-0.90%,flat,2024-11-08,2024-11-15,False,False,10,10
AAPL,2024-11-15,225.0425,2024-11-22,229.7875,0.021085,2.11%,up,2024-11-15,2024-11-22,False,False,10,10
AAPL,2024-11-22,229.7875,2024-11-29,234.9335,0.022395,2.24%,up,2024-11-22,2024-11-27,False,True,10,10
AAPL,2024-11-29,234.9335,2024-12-06,242.6955,0.033039,3.30%,up,2024-11-27,2024-12-06,True,False,10,10
AAPL,2024-12-06,242.6955,2024-12-13,248.0575,0.022094,2.21%,up,2024-12-06,2024-12-13,False,False,10,10
AAPL,2024-12-13,248.0575,2024-12-20,253.708,0.022779,2.28%,up,2024-12-13,2024-12-20,False,False,10,10
AAPL,2024-12-20,253.708,2024-12-27,255.525,0.007162,0.72%,flat,2024-12-20,2024-12-27,False,False,10,10
AAPL,2024-12-27,255.525,2025-01-03,243.0445,-0.048843,-4.88%,down,2024-12-27,2025-01-03,False,False,10,10
AAPL,2025-01-03,243.0445,2025-01-10,236.87,-0.025405,-2.54%,down,2025-01-03,2025-01-10,False,False,10,10
AAPL,2025-01-10,236.87,2025-01-17,229.613,-0.030637,-3.06%,down,2025-01-10,2025-01-17,False,False,10,10
AAPL,2025-01-17,229.613,2025-01-24,222.7675,-0.029813,-2.98%,down,2025-01-17,2025-01-24,False,False,10,10
AAPL,2025-01-24,222.7675,2025-01-31,235.847,0.058714,5.87%,up,2025-01-24,2025-01-31,False,False,10,10
AAPL,2025-01-31,235.847,2025-02-07,227.7965,-0.034134,-3.41%,down,2025-01-31,2025-02-07,False,False,10,10
AAPL,2025-02-07,227.7965,2025-02-14,244.835,0.074797,7.48%,up,2025-02-07,2025-02-14,False,False,10,10
AAPL,2025-02-14,244.835,2025-02-21,245.7675,0.003809,0.38%,flat,2025-02-14,2025-02-21,False,False,10,10
AAPL,2025-02-21,245.7675,2025-02-28,241.0035,-0.019384,-1.94%,down,2025-02-21,2025-02-28,False,False,10,10
AAPL,2025-02-28,241.0035,2025-03-07,239.055,-0.008085,-0.81%,flat,2025-02-28,2025-03-07,False,False,10,10
AAPL,2025-03-07,239.055,2025-03-14,213.3615,-0.107479,-10.75%,down,2025-03-07,2025-03-14,False,False,10,10
AAPL,2025-03-14,213.3615,2025-03-21,217.5735,0.019741,1.97%,up,2025-03-14,2025-03-21,False,False,10,10
AAPL,2025-03-21,217.5735,2025-03-28,218.162,0.002705,0.27%,flat,2025-03-21,2025-03-28,False,False,10,10
AAPL,2025-03-28,218.162,2025-04-04,188.8665,-0.134283,-13.43%,down,2025-03-28,2025-04-04,False,False,10,10
AAPL,2025-04-04,188.8665,2025-04-11,198.247,0.049667,4.97%,up,2025-04-04,2025-04-11,False,False,10,10
AAPL,2025-04-11,198.247,2025-04-18,196.646,-0.008076,-0.81%,flat,2025-04-11,2025-04-17,False,True,10,10
AAPL,2025-04-18,196.646,2025-04-25,209.12,0.063434,6.34%,up,2025-04-17,2025-04-25,True,False,10,10
AAPL,2025-04-25,209.12,2025-05-02,204.9685,-0.019852,-1.99%,down,2025-04-25,2025-05-02,False,False,10,10
AAPL,2025-05-02,204.9685,2025-05-09,198.5675,-0.031229,-3.12%,down,2025-05-02,2025-05-09,False,False,10,10
AAPL,2025-05-09,198.5675,2025-05-16,211.376,0.064505,6.45%,up,2025-05-09,2025-05-16,False,False,10,10
AAPL,2025-05-16,211.376,2025-05-23,195.3905,-0.075626,-7.56%,down,2025-05-16,2025-05-23,False,False,10,10
AAPL,2025-05-23,195.3905,2025-05-30,201.074,0.029088,2.91%,up,2025-05-23,2025-05-30,False,False,10,10
AAPL,2025-05-30,201.074,2025-06-06,204.6075,0.017573,1.76%,up,2025-05-30,2025-06-06,False,False,10,10
AAPL,2025-06-06,204.6075,2025-06-13,196.005,-0.042044,-4.20%,down,2025-06-06,2025-06-13,False,False,10,10
AAPL,2025-06-13,196.005,2025-06-20,200.6955,0.023931,2.39%,up,2025-06-13,2025-06-20,False,False,10,10
AAPL,2025-06-20,200.6955,2025-06-27,200.919,0.001114,0.11%,flat,2025-06-20,2025-06-27,False,False,10,10
AAPL,2025-06-27,200.919,2025-07-04,212.488,0.057580,5.76%,up,2025-06-27,2025-07-02,False,True,10,10
AAPL,2025-07-04,212.488,2025-07-11,211.178,-0.006165,-0.62%,flat,2025-07-02,2025-07-11,True,False,10,10
AAPL,2025-07-11,211.178,2025-07-18,211.0815,-0.000457,-0.05%,flat,2025-07-11,2025-07-18,False,False,10,10
AAPL,2025-07-18,211.0815,2025-07-25,213.881,0.013263,1.33%,flat,2025-07-18,2025-07-25,False,False,10,10
AAPL,2025-07-25,213.881,2025-08-01,202.4865,-0.053275,-5.33%,down,2025-07-25,2025-08-01,False,False,10,10
AAPL,2025-08-01,202.4865,2025-08-08,229.42,0.133014,13.30%,up,2025-08-01,2025-08-08,False,False,10,10
AAPL,2025-08-08,229.42,2025-08-15,231.404,0.008648,0.86%,flat,2025-08-08,2025-08-15,False,False,10,10
AAPL,2025-08-15,231.404,2025-08-22,227.6855,-0.016069,-1.61%,down,2025-08-15,2025-08-22,False,False,10,10
AAPL,2025-08-22,227.6855,2025-08-29,231.9145,0.018574,1.86%,up,2025-08-22,2025-08-29,False,False,10,10
AAPL,2025-08-29,231.9145,2025-09-05,239.424,0.032380,3.24%,up,2025-08-29,2025-09-05,False,False,10,10
AAPL,2025-09-05,239.424,2025-09-12,234.033,-0.022517,-2.25%,down,2025-09-05,2025-09-12,False,False,10,10
AAPL,2025-09-12,234.033,2025-09-19,245.4885,0.048948,4.89%,up,2025-09-12,2025-09-19,False,False,10,10
AAPL,2025-09-19,245.4885,2025-09-26,255.233,0.039694,3.97%,up,2025-09-19,2025-09-26,False,False,10,10
AAPL,2025-09-26,255.233,2025-10-03,257.779,0.009975,1.00%,flat,2025-09-26,2025-10-03,False,False,10,10
AAPL,2025-10-03,257.779,2025-10-10,245.402,-0.048014,-4.80%,down,2025-10-03,2025-10-10,False,False,10,10
AAPL,2025-10-10,245.402,2025-10-17,252.402,0.028525,2.85%,up,2025-10-10,2025-10-17,False,False,10,10
AAPL,2025-10-17,252.402,2025-10-24,262.9375,0.041741,4.17%,up,2025-10-17,2025-10-24,False,False,10,10
AAPL,2025-10-24,262.9375,2025-10-31,271.2465,0.031601,3.16%,up,2025-10-24,2025-10-31,False,False,10,10
AAPL,2025-10-31,271.2465,2025-11-07,268.229,-0.011125,-1.11%,flat,2025-10-31,2025-11-07,False,False,10,10
AAPL,2025-11-07,268.229,2025-11-14,272.4385,0.015694,1.57%,up,2025-11-07,2025-11-14,False,False,10,10
AAPL,2025-11-14,272.4385,2025-11-21,270.9965,-0.005293,-0.53%,flat,2025-11-14,2025-11-21,False,False,10,10
AAPL,2025-11-21,270.9965,2025-11-28,277.6645,0.024605,2.46%,up,2025-11-21,2025-11-26,False,True,10,10
AAPL,2025-11-28,277.6645,2025-12-05,278.5465,0.003176,0.32%,flat,2025-11-26,2025-12-05,True,False,10,10
AAPL,2025-12-05,278.5465,2025-12-12,278.045,-0.001800,-0.18%,flat,2025-12-05,2025-12-12,False,False,10,10
AAPL,2025-12-12,278.045,2025-12-19,271.679,-0.022896,-2.29%,down,2025-12-12,2025-12-19,False,False,10,10
AAPL,2025-12-19,271.679,2025-12-26,273.2985,0.005961,0.60%,flat,2025-12-19,2025-12-26,False,False,10,10
AAPL,2025-12-26,273.2985,2026-01-02,270.7325,-0.009389,-0.94%,flat,2025-12-26,2026-01-02,False,False,10,10
AAPL,2026-01-02,270.7325,2026-01-09,259.2495,-0.042415,-4.24%,down,2026-01-02,2026-01-09,False,False,10,10
AAPL,2026-01-09,259.2495,2026-01-16,255.564,-0.014216,-1.42%,flat,2026-01-09,2026-01-16,False,False,10,10
AAPL,2026-01-16,255.564,2026-01-23,248.094,-0.029229,-2.92%,down,2026-01-16,2026-01-23,False,False,10,10
AAPL,2026-01-23,248.094,2026-01-30,260.096,0.048377,4.84%,up,2026-01-23,2026-01-30,False,False,10,10
AAPL,2026-01-30,260.096,2026-02-06,278.5625,0.070999,7.10%,up,2026-01-30,2026-02-06,False,False,10,10
AAPL,2026-02-06,278.5625,2026-02-13,256.033,-0.080878,-8.09%,down,2026-02-06,2026-02-13,False,False,10,10
AAPL,2026-02-13,256.033,2026-02-20,264.416,0.032742,3.27%,up,2026-02-13,2026-02-20,False,False,10,10
AAPL,2026-02-20,264.416,2026-02-27,264.3,-0.000439,-0.04%,flat,2026-02-20,2026-02-27,False,False,10,10
AAPL,2026-02-27,264.3,2026-03-06,257.3215,-0.026404,-2.64%,down,2026-02-27,2026-03-06,False,False,10,10
AAPL,2026-03-06,257.3215,2026-03-13,250.3445,-0.027114,-2.71%,down,2026-03-06,2026-03-13,False,False,10,10
AAPL,2026-03-13,250.3445,2026-03-20,247.619,-0.010887,-1.09%,flat,2026-03-13,2026-03-20,False,False,10,10
AAPL,2026-03-20,247.619,2026-03-27,248.759,0.004604,0.46%,flat,2026-03-20,2026-03-27,False,False,10,10
AAPL,2026-03-27,248.759,2026-04-03,255.744,0.028079,2.81%,up,2026-03-27,2026-04-02,False,True,10,10
AAPL,2026-04-03,255.744,2026-04-10,260.1245,0.017128,1.71%,up,2026-04-02,2026-04-10,True,False,10,10
AAPL,2026-04-10,260.1245,2026-04-17,270.1215,0.038432,3.84%,up,2026-04-10,2026-04-17,False,False,10,10
AAPL,2026-04-17,270.1215,2026-04-24,271.0945,0.003602,0.36%,flat,2026-04-17,2026-04-24,False,False,10,10
AAPL,2026-04-24,271.0945,2026-05-01,280.088,0.033175,3.32%,up,2026-04-24,2026-05-01,False,False,10,10
AAPL,2026-05-01,280.088,2026-05-08,293.73,0.048706,4.87%,up,2026-05-01,2026-05-08,False,False,10,10
AAPL,2026-05-08,293.73,2026-05-15,300.1395,0.021821,2.18%,up,2026-05-08,2026-05-15,False,False,10,10
AAPL,2026-05-15,300.1395,2026-05-22,308.6625,0.028397,2.84%,up,2026-05-15,2026-05-22,False,False,10,10
AAPL,2026-05-22,308.6625,2026-05-29,312.336,0.011901,1.19%,flat,2026-05-22,2026-05-29,False,False,10,10
AAPL,2026-05-29,312.336,2026-06-05,308.202,-0.013236,-1.32%,flat,2026-05-29,2026-06-05,False,False,10,10
AAPL,2026-06-05,308.202,2026-06-12,291.0795,-0.055556,-5.56%,down,2026-06-05,2026-06-12,False,False,10,10
AAPL,2026-06-12,291.0795,2026-06-19,298.317,0.024864,2.49%,up,2026-06-12,2026-06-18,False,True,10,10
AAPL,2026-06-19,298.317,2026-06-26,284.535,-0.046199,-4.62%,down,2026-06-18,2026-06-26,True,False,10,10
NVDA,2024-06-28,124.0925,2024-07-05,126.2555,0.017431,1.74%,up,2024-06-28,2024-07-05,False,False,10,10
NVDA,2024-07-05,126.2555,2024-07-12,129.329,0.024343,2.43%,up,2024-07-05,2024-07-12,False,False,10,10
NVDA,2024-07-12,129.329,2024-07-19,117.923,-0.088194,-8.82%,down,2024-07-12,2024-07-19,False,False,10,10
NVDA,2024-07-19,117.923,2024-07-26,112.637,-0.044826,-4.48%,down,2024-07-19,2024-07-26,False,False,10,10
NVDA,2024-07-26,112.637,2024-08-02,106.5635,-0.053921,-5.39%,down,2024-07-26,2024-08-02,False,False,10,10
NVDA,2024-08-02,106.5635,2024-08-09,104.603,-0.018397,-1.84%,down,2024-08-02,2024-08-09,False,False,10,10
NVDA,2024-08-09,104.603,2024-08-16,124.3455,0.188737,18.87%,up,2024-08-09,2024-08-16,False,False,10,10
NVDA,2024-08-16,124.3455,2024-08-23,128.9975,0.037412,3.74%,up,2024-08-16,2024-08-23,False,False,10,10
NVDA,2024-08-23,128.9975,2024-08-30,119.224,-0.075765,-7.58%,down,2024-08-23,2024-08-30,False,False,10,10
NVDA,2024-08-30,119.224,2024-09-06,102.88,-0.137086,-13.71%,down,2024-08-30,2024-09-06,False,False,10,10
NVDA,2024-09-06,102.88,2024-09-13,119.0215,0.156896,15.69%,up,2024-09-06,2024-09-13,False,False,10,10
NVDA,2024-09-13,119.0215,2024-09-20,116.0365,-0.025080,-2.51%,down,2024-09-13,2024-09-20,False,False,10,10
NVDA,2024-09-20,116.0365,2024-09-27,121.2465,0.044900,4.49%,up,2024-09-20,2024-09-27,False,False,10,10
NVDA,2024-09-27,121.2465,2024-10-04,124.888,0.030034,3.00%,up,2024-09-27,2024-10-04,False,False,10,10
NVDA,2024-10-04,124.888,2024-10-11,134.804,0.079399,7.94%,up,2024-10-04,2024-10-11,False,False,10,10
NVDA,2024-10-11,134.804,2024-10-18,138.003,0.023731,2.37%,up,2024-10-11,2024-10-18,False,False,10,10
NVDA,2024-10-18,138.003,2024-10-25,141.6405,0.026358,2.64%,up,2024-10-18,2024-10-25,False,False,10,10
NVDA,2024-10-25,141.6405,2024-11-01,135.2805,-0.044902,-4.49%,down,2024-10-25,2024-11-01,False,False,10,10
NVDA,2024-11-01,135.2805,2024-11-08,147.607,0.091118,9.11%,up,2024-11-01,2024-11-08,False,False,10,10
NVDA,2024-11-08,147.607,2024-11-15,142.035,-0.037749,-3.77%,down,2024-11-08,2024-11-15,False,False,10,10
NVDA,2024-11-15,142.035,2024-11-22,141.8835,-0.001067,-0.11%,flat,2024-11-15,2024-11-22,False,False,10,10
NVDA,2024-11-22,141.8835,2024-11-29,135.0135,-0.048420,-4.84%,down,2024-11-22,2024-11-27,False,True,10,10
NVDA,2024-11-29,135.0135,2024-12-06,142.2425,0.053543,5.35%,up,2024-11-27,2024-12-06,True,False,10,10
NVDA,2024-12-06,142.2425,2024-12-13,134.036,-0.057694,-5.77%,down,2024-12-06,2024-12-13,False,False,10,10
NVDA,2024-12-13,134.036,2024-12-20,134.152,0.000865,0.09%,flat,2024-12-13,2024-12-20,False,False,10,10
NVDA,2024-12-20,134.152,2024-12-27,136.941,0.020790,2.08%,up,2024-12-20,2024-12-27,False,False,10,10
NVDA,2024-12-27,136.941,2025-01-03,144.3825,0.054341,5.43%,up,2024-12-27,2025-01-03,False,False,10,10
NVDA,2025-01-03,144.3825,2025-01-10,135.896,-0.058778,-5.88%,down,2025-01-03,2025-01-10,False,False,10,10
NVDA,2025-01-10,135.896,2025-01-17,137.764,0.013746,1.37%,flat,2025-01-10,2025-01-17,False,False,10,10
NVDA,2025-01-17,137.764,2025-01-24,142.475,0.034196,3.42%,up,2025-01-17,2025-01-24,False,False,10,10
NVDA,2025-01-24,142.475,2025-01-31,120.113,-0.156954,-15.70%,down,2025-01-24,2025-01-31,False,False,10,10
NVDA,2025-01-31,120.113,2025-02-07,129.757,0.080291,8.03%,up,2025-01-31,2025-02-07,False,False,10,10
NVDA,2025-02-07,129.757,2025-02-14,139.0085,0.071299,7.13%,up,2025-02-07,2025-02-14,False,False,10,10
NVDA,2025-02-14,139.0085,2025-02-21,134.601,-0.031707,-3.17%,down,2025-02-14,2025-02-21,False,False,10,10
NVDA,2025-02-21,134.601,2025-02-28,124.2625,-0.076808,-7.68%,down,2025-02-21,2025-02-28,False,False,10,10
NVDA,2025-02-28,124.2625,2025-03-07,112.465,-0.094940,-9.49%,down,2025-02-28,2025-03-07,False,False,10,10
NVDA,2025-03-07,112.465,2025-03-14,121.3595,0.079087,7.91%,up,2025-03-07,2025-03-14,False,False,10,10
NVDA,2025-03-14,121.3595,2025-03-21,117.209,-0.034200,-3.42%,down,2025-03-14,2025-03-21,False,False,10,10
NVDA,2025-03-21,117.209,2025-03-28,109.6265,-0.064692,-6.47%,down,2025-03-21,2025-03-28,False,False,10,10
NVDA,2025-03-28,109.6265,2025-04-04,94.517,-0.137827,-13.78%,down,2025-03-28,2025-04-04,False,False,10,10
NVDA,2025-04-04,94.517,2025-04-11,110.591,0.170065,17.01%,up,2025-04-04,2025-04-11,False,False,10,10
NVDA,2025-04-11,110.591,2025-04-18,101.194,-0.084971,-8.50%,down,2025-04-11,2025-04-17,False,True,10,10
NVDA,2025-04-18,101.194,2025-04-25,110.776,0.094689,9.47%,up,2025-04-17,2025-04-25,True,False,10,10
NVDA,2025-04-25,110.776,2025-05-02,114.245,0.031315,3.13%,up,2025-04-25,2025-05-02,False,False,10,10
NVDA,2025-05-02,114.245,2025-05-09,116.6735,0.021257,2.13%,up,2025-05-02,2025-05-09,False,False,10,10
NVDA,2025-05-09,116.6735,2025-05-16,135.2015,0.158802,15.88%,up,2025-05-09,2025-05-16,False,False,10,10
NVDA,2025-05-16,135.2015,2025-05-23,131.4285,-0.027906,-2.79%,down,2025-05-16,2025-05-23,False,False,10,10
NVDA,2025-05-23,131.4285,2025-05-30,135.167,0.028445,2.84%,up,2025-05-23,2025-05-30,False,False,10,10
NVDA,2025-05-30,135.167,2025-06-06,141.825,0.049258,4.93%,up,2025-05-30,2025-06-06,False,False,10,10
NVDA,2025-06-06,141.825,2025-06-13,141.7775,-0.000335,-0.03%,flat,2025-06-06,2025-06-13,False,False,10,10
NVDA,2025-06-13,141.7775,2025-06-20,143.6445,0.013169,1.32%,flat,2025-06-13,2025-06-20,False,False,10,10
NVDA,2025-06-20,143.6445,2025-06-27,157.56,0.096875,9.69%,up,2025-06-20,2025-06-27,False,False,10,10
NVDA,2025-06-27,157.56,2025-07-04,157.2315,-0.002085,-0.21%,flat,2025-06-27,2025-07-02,False,True,10,10
NVDA,2025-07-04,157.2315,2025-07-11,165.0355,0.049634,4.96%,up,2025-07-02,2025-07-11,True,False,10,10
NVDA,2025-07-11,165.0355,2025-07-18,172.257,0.043757,4.38%,up,2025-07-11,2025-07-18,False,False,10,10
NVDA,2025-07-18,172.257,2025-07-25,173.5255,0.007364,0.74%,flat,2025-07-18,2025-07-25,False,False,10,10
NVDA,2025-07-25,173.5255,2025-08-01,174.063,0.003098,0.31%,flat,2025-07-25,2025-08-01,False,False,10,10
NVDA,2025-08-01,174.063,2025-08-08,182.683,0.049522,4.95%,up,2025-08-01,2025-08-08,False,False,10,10
NVDA,2025-08-08,182.683,2025-08-15,180.2735,-0.013190,-1.32%,flat,2025-08-08,2025-08-15,False,False,10,10
NVDA,2025-08-15,180.2735,2025-08-22,177.894,-0.013199,-1.32%,flat,2025-08-15,2025-08-22,False,False,10,10
NVDA,2025-08-22,177.894,2025-08-29,173.8655,-0.022646,-2.26%,down,2025-08-22,2025-08-29,False,False,10,10
NVDA,2025-08-29,173.8655,2025-09-05,166.796,-0.040661,-4.07%,down,2025-08-29,2025-09-05,False,False,10,10
NVDA,2025-09-05,166.796,2025-09-12,177.7885,0.065904,6.59%,up,2025-09-05,2025-09-12,False,False,10,10
NVDA,2025-09-12,177.7885,2025-09-19,176.3735,-0.007959,-0.80%,flat,2025-09-12,2025-09-19,False,False,10,10
NVDA,2025-09-19,176.3735,2025-09-26,177.965,0.009023,0.90%,flat,2025-09-19,2025-09-26,False,False,10,10
NVDA,2025-09-26,177.965,2025-10-03,187.6695,0.054530,5.45%,up,2025-09-26,2025-10-03,False,False,10,10
NVDA,2025-10-03,187.6695,2025-10-10,184.058,-0.019244,-1.92%,down,2025-10-03,2025-10-10,False,False,10,10
NVDA,2025-10-10,184.058,2025-10-17,183.0785,-0.005322,-0.53%,flat,2025-10-10,2025-10-17,False,False,10,10
NVDA,2025-10-17,183.0785,2025-10-24,186.295,0.017569,1.76%,up,2025-10-17,2025-10-24,False,False,10,10
NVDA,2025-10-24,186.295,2025-10-31,203.3845,0.091734,9.17%,up,2025-10-24,2025-10-31,False,False,10,10
NVDA,2025-10-31,203.3845,2025-11-07,187.604,-0.077589,-7.76%,down,2025-10-31,2025-11-07,False,False,10,10
NVDA,2025-11-07,187.604,2025-11-14,190.0905,0.013254,1.33%,flat,2025-11-07,2025-11-14,False,False,10,10
NVDA,2025-11-14,190.0905,2025-11-21,179.243,-0.057065,-5.71%,down,2025-11-14,2025-11-21,False,False,10,10
NVDA,2025-11-21,179.243,2025-11-28,180.157,0.005099,0.51%,flat,2025-11-21,2025-11-26,False,True,10,10
NVDA,2025-11-28,180.157,2025-12-05,181.9435,0.009916,0.99%,flat,2025-11-26,2025-12-05,True,False,10,10
NVDA,2025-12-05,181.9435,2025-12-12,174.913,-0.038641,-3.86%,down,2025-12-05,2025-12-12,False,False,10,10
NVDA,2025-12-12,174.913,2025-12-19,180.757,0.033411,3.34%,up,2025-12-12,2025-12-19,False,False,10,10
NVDA,2025-12-19,180.757,2025-12-26,190.855,0.055865,5.59%,up,2025-12-19,2025-12-26,False,False,10,10
NVDA,2025-12-26,190.855,2026-01-02,188.6245,-0.011687,-1.17%,flat,2025-12-26,2026-01-02,False,False,10,10
NVDA,2026-01-02,188.6245,2026-01-09,184.997,-0.019231,-1.92%,down,2026-01-02,2026-01-09,False,False,10,10
NVDA,2026-01-09,184.997,2026-01-16,186.834,0.009930,0.99%,flat,2026-01-09,2026-01-16,False,False,10,10
NVDA,2026-01-16,186.834,2026-01-23,187.587,0.004030,0.40%,flat,2026-01-16,2026-01-23,False,False,10,10
NVDA,2026-01-23,187.587,2026-01-30,191.094,0.018695,1.87%,up,2026-01-23,2026-01-30,False,False,10,10
NVDA,2026-01-30,191.094,2026-02-06,186.153,-0.025856,-2.59%,down,2026-01-30,2026-02-06,False,False,10,10
NVDA,2026-02-06,186.153,2026-02-13,182.7075,-0.018509,-1.85%,down,2026-02-06,2026-02-13,False,False,10,10
NVDA,2026-02-13,182.7075,2026-02-20,189.7725,0.038668,3.87%,up,2026-02-13,2026-02-20,False,False,10,10
NVDA,2026-02-20,189.7725,2026-02-27,177.188,-0.066314,-6.63%,down,2026-02-20,2026-02-27,False,False,10,10
NVDA,2026-02-27,177.188,2026-03-06,177.9665,0.004394,0.44%,flat,2026-02-27,2026-03-06,False,False,10,10
NVDA,2026-03-06,177.9665,2026-03-13,180.1655,0.012356,1.24%,flat,2026-03-06,2026-03-13,False,False,10,10
NVDA,2026-03-13,180.1655,2026-03-20,172.673,-0.041587,-4.16%,down,2026-03-13,2026-03-20,False,False,10,10
NVDA,2026-03-20,172.673,2026-03-27,167.482,-0.030063,-3.01%,down,2026-03-20,2026-03-27,False,False,10,10
NVDA,2026-03-27,167.482,2026-04-03,177.295,0.058591,5.86%,up,2026-03-27,2026-04-02,False,True,10,10
NVDA,2026-04-03,177.295,2026-04-10,188.481,0.063093,6.31%,up,2026-04-02,2026-04-10,True,False,10,10
NVDA,2026-04-10,188.481,2026-04-17,201.508,0.069116,6.91%,up,2026-04-10,2026-04-17,False,False,10,10
NVDA,2026-04-17,201.508,2026-04-24,207.9975,0.032205,3.22%,up,2026-04-17,2026-04-24,False,False,10,10
NVDA,2026-04-24,207.9975,2026-05-01,198.7575,-0.044424,-4.44%,down,2026-04-24,2026-05-01,False,False,10,10
NVDA,2026-05-01,198.7575,2026-05-08,215.1275,0.082362,8.24%,up,2026-05-01,2026-05-08,False,False,10,10
NVDA,2026-05-08,215.1275,2026-05-15,225.599,0.048676,4.87%,up,2026-05-08,2026-05-15,False,False,10,10
NVDA,2026-05-15,225.599,2026-05-22,215.539,-0.044592,-4.46%,down,2026-05-15,2026-05-22,False,False,10,10
NVDA,2026-05-22,215.539,2026-05-29,212.7535,-0.012923,-1.29%,flat,2026-05-22,2026-05-29,False,False,10,10
NVDA,2026-05-29,212.7535,2026-06-05,205.993,-0.031776,-3.18%,down,2026-05-29,2026-06-05,False,False,10,10
NVDA,2026-06-05,205.993,2026-06-12,204.8215,-0.005687,-0.57%,flat,2026-06-05,2026-06-12,False,False,10,10
NVDA,2026-06-12,204.8215,2026-06-19,210.971,0.030024,3.00%,up,2026-06-12,2026-06-18,False,True,10,10
NVDA,2026-06-19,210.971,2026-06-26,193.594,-0.082367,-8.24%,down,2026-06-18,2026-06-26,True,False,10,10
ORCL,2024-06-28,141.309,2024-07-05,144.749,0.024344,2.43%,up,2024-06-28,2024-07-05,False,False,10,10
ORCL,2024-07-05,144.749,2024-07-12,144.5035,-0.001696,-0.17%,flat,2024-07-05,2024-07-12,False,False,10,10
ORCL,2024-07-12,144.5035,2024-07-19,138.277,-0.043089,-4.31%,down,2024-07-12,2024-07-19,False,False,10,10
ORCL,2024-07-19,138.277,2024-07-26,138.9005,0.004509,0.45%,flat,2024-07-19,2024-07-26,False,False,10,10
ORCL,2024-07-26,138.9005,2024-08-02,133.2525,-0.040662,-4.07%,down,2024-07-26,2024-08-02,False,False,10,10
ORCL,2024-08-02,133.2525,2024-08-09,132.036,-0.009129,-0.91%,flat,2024-08-02,2024-08-09,False,False,10,10
ORCL,2024-08-09,132.036,2024-08-16,137.3425,0.040190,4.02%,up,2024-08-09,2024-08-16,False,False,10,10
ORCL,2024-08-16,137.3425,2024-08-23,139.1175,0.012924,1.29%,flat,2024-08-16,2024-08-23,False,False,10,10
ORCL,2024-08-23,139.1175,2024-08-30,141.453,0.016788,1.68%,up,2024-08-23,2024-08-30,False,False,10,10
ORCL,2024-08-30,141.453,2024-09-06,141.8415,0.002746,0.27%,flat,2024-08-30,2024-09-06,False,False,10,10
ORCL,2024-09-06,141.8415,2024-09-13,161.8285,0.140911,14.09%,up,2024-09-06,2024-09-13,False,False,10,10
ORCL,2024-09-13,161.8285,2024-09-20,167.8305,0.037089,3.71%,up,2024-09-13,2024-09-20,False,False,10,10
ORCL,2024-09-20,167.8305,2024-09-27,168.8635,0.006155,0.62%,flat,2024-09-20,2024-09-27,False,False,10,10
ORCL,2024-09-27,168.8635,2024-10-04,170.706,0.010911,1.09%,flat,2024-09-27,2024-10-04,False,False,10,10
ORCL,2024-10-04,170.706,2024-10-11,175.837,0.030058,3.01%,up,2024-10-04,2024-10-11,False,False,10,10
ORCL,2024-10-11,175.837,2024-10-18,174.746,-0.006205,-0.62%,flat,2024-10-11,2024-10-18,False,False,10,10
ORCL,2024-10-18,174.746,2024-10-25,173.4185,-0.007597,-0.76%,flat,2024-10-18,2024-10-25,False,False,10,10
ORCL,2024-10-25,173.4185,2024-11-01,170.0095,-0.019658,-1.97%,down,2024-10-25,2024-11-01,False,False,10,10
ORCL,2024-11-01,170.0095,2024-11-08,189.211,0.112944,11.29%,up,2024-11-01,2024-11-08,False,False,10,10
ORCL,2024-11-08,189.211,2024-11-15,183.277,-0.031362,-3.14%,down,2024-11-08,2024-11-15,False,False,10,10
ORCL,2024-11-15,183.277,2024-11-22,192.37,0.049613,4.96%,up,2024-11-15,2024-11-22,False,False,10,10
ORCL,2024-11-22,192.37,2024-11-29,182.8025,-0.049735,-4.97%,down,2024-11-22,2024-11-27,False,True,10,10
ORCL,2024-11-29,182.8025,2024-12-06,191.8715,0.049611,4.96%,up,2024-11-27,2024-12-06,True,False,10,10
ORCL,2024-12-06,191.8715,2024-12-13,173.199,-0.097318,-9.73%,down,2024-12-06,2024-12-13,False,False,10,10
ORCL,2024-12-13,173.199,2024-12-20,169.6425,-0.020534,-2.05%,down,2024-12-13,2024-12-20,False,False,10,10
ORCL,2024-12-20,169.6425,2024-12-27,169.0572,-0.003450,-0.34%,flat,2024-12-20,2024-12-27,False,False,10,9
ORCL,2024-12-27,169.0572,2025-01-03,166.0095,-0.018028,-1.80%,down,2024-12-27,2025-01-03,False,False,9,10
ORCL,2025-01-03,166.0095,2025-01-10,154.23,-0.070957,-7.10%,down,2025-01-03,2025-01-10,False,False,10,10
ORCL,2025-01-10,154.23,2025-01-17,160.9745,0.043730,4.37%,up,2025-01-10,2025-01-17,False,False,10,10
ORCL,2025-01-17,160.9745,2025-01-24,183.3385,0.138929,13.89%,up,2025-01-17,2025-01-24,False,False,10,10
ORCL,2025-01-24,183.3385,2025-01-31,169.9485,-0.073034,-7.30%,down,2025-01-24,2025-01-31,False,False,10,10
ORCL,2025-01-31,169.9485,2025-02-07,174.704,0.027982,2.80%,up,2025-01-31,2025-02-07,False,False,10,10
ORCL,2025-02-07,174.704,2025-02-14,173.578,-0.006445,-0.64%,flat,2025-02-07,2025-02-14,False,False,10,10
ORCL,2025-02-14,173.578,2025-02-21,168.0205,-0.032017,-3.20%,down,2025-02-14,2025-02-21,False,False,10,10
ORCL,2025-02-21,168.0205,2025-02-28,164.996,-0.018001,-1.80%,down,2025-02-21,2025-02-28,False,False,10,10
ORCL,2025-02-28,164.996,2025-03-07,155.3225,-0.058629,-5.86%,down,2025-02-28,2025-03-07,False,False,10,10
ORCL,2025-03-07,155.3225,2025-03-14,149.2845,-0.038874,-3.89%,down,2025-03-07,2025-03-14,False,False,10,10
ORCL,2025-03-14,149.2845,2025-03-21,152.901,0.024226,2.42%,up,2025-03-14,2025-03-21,False,False,10,10
ORCL,2025-03-21,152.901,2025-03-28,140.4825,-0.081219,-8.12%,down,2025-03-21,2025-03-28,False,False,10,10
ORCL,2025-03-28,140.4825,2025-04-04,128.5445,-0.084979,-8.50%,down,2025-03-28,2025-04-04,False,False,10,10
ORCL,2025-04-04,128.5445,2025-04-11,132.354,0.029636,2.96%,up,2025-04-04,2025-04-11,False,False,10,10
ORCL,2025-04-11,132.354,2025-04-18,128.61,-0.028288,-2.83%,down,2025-04-11,2025-04-17,False,True,10,10
ORCL,2025-04-18,128.61,2025-04-25,138.316,0.075468,7.55%,up,2025-04-17,2025-04-25,True,False,10,10
ORCL,2025-04-25,138.316,2025-05-02,150.979,0.091551,9.16%,up,2025-04-25,2025-05-02,False,False,10,10
ORCL,2025-05-02,150.979,2025-05-09,150.2,-0.005160,-0.52%,flat,2025-05-02,2025-05-09,False,False,10,10
ORCL,2025-05-09,150.2,2025-05-16,160.2805,0.067114,6.71%,up,2025-05-09,2025-05-16,False,False,10,10
ORCL,2025-05-16,160.2805,2025-05-23,156.214,-0.025371,-2.54%,down,2025-05-16,2025-05-23,False,False,10,10
ORCL,2025-05-23,156.214,2025-05-30,165.25,0.057844,5.78%,up,2025-05-23,2025-05-30,False,False,10,10
ORCL,2025-05-30,165.25,2025-06-06,174.3615,0.055138,5.51%,up,2025-05-30,2025-06-06,False,False,10,10
ORCL,2025-06-06,174.3615,2025-06-13,215.785,0.237573,23.76%,up,2025-06-06,2025-06-13,False,False,10,10
ORCL,2025-06-13,215.785,2025-06-20,205.0085,-0.049941,-4.99%,down,2025-06-13,2025-06-20,False,False,10,10
ORCL,2025-06-20,205.0085,2025-06-27,210.469,0.026635,2.66%,up,2025-06-20,2025-06-27,False,False,10,10
ORCL,2025-06-27,210.469,2025-07-04,229.397,0.089932,8.99%,up,2025-06-27,2025-07-02,False,True,10,10
ORCL,2025-07-04,229.397,2025-07-11,230.5335,0.004954,0.50%,flat,2025-07-02,2025-07-11,True,False,10,10
ORCL,2025-07-11,230.5335,2025-07-18,245.5875,0.065301,6.53%,up,2025-07-11,2025-07-18,False,False,10,10
ORCL,2025-07-18,245.5875,2025-07-25,245.0685,-0.002113,-0.21%,flat,2025-07-18,2025-07-25,False,False,10,10
ORCL,2025-07-25,245.0685,2025-08-01,244.6165,-0.001844,-0.18%,flat,2025-07-25,2025-08-01,False,False,10,10
ORCL,2025-08-01,244.6165,2025-08-08,249.894,0.021575,2.16%,up,2025-08-01,2025-08-08,False,False,10,10
ORCL,2025-08-08,249.894,2025-08-15,248.938,-0.003826,-0.38%,flat,2025-08-08,2025-08-15,False,False,10,10
ORCL,2025-08-15,248.938,2025-08-22,236.044,-0.051796,-5.18%,down,2025-08-15,2025-08-22,False,False,10,10
ORCL,2025-08-22,236.044,2025-08-29,225.5885,-0.044295,-4.43%,down,2025-08-22,2025-08-29,False,False,10,10
ORCL,2025-08-29,225.5885,2025-09-05,233.0985,0.033291,3.33%,up,2025-08-29,2025-09-05,False,False,10,10
ORCL,2025-09-05,233.0985,2025-09-12,292.7455,0.255888,25.59%,up,2025-09-05,2025-09-12,False,False,10,10
ORCL,2025-09-12,292.7455,2025-09-19,308.307,0.053157,5.32%,up,2025-09-12,2025-09-19,False,False,10,10
ORCL,2025-09-19,308.307,2025-09-26,283.561,-0.080264,-8.03%,down,2025-09-19,2025-09-26,False,False,10,10
ORCL,2025-09-26,283.561,2025-10-03,286.444,0.010167,1.02%,flat,2025-09-26,2025-10-03,False,False,10,10
ORCL,2025-10-03,286.444,2025-10-10,293.5215,0.024708,2.47%,up,2025-10-03,2025-10-10,False,False,10,10
ORCL,2025-10-10,293.5215,2025-10-17,291.019,-0.008526,-0.85%,flat,2025-10-10,2025-10-17,False,False,10,10
ORCL,2025-10-17,291.019,2025-10-24,283.633,-0.025380,-2.54%,down,2025-10-17,2025-10-24,False,False,10,10
ORCL,2025-10-24,283.633,2025-10-31,262.8015,-0.073445,-7.34%,down,2025-10-24,2025-10-31,False,False,10,10
ORCL,2025-10-31,262.8015,2025-11-07,238.7765,-0.091419,-9.14%,down,2025-10-31,2025-11-07,False,False,10,10
ORCL,2025-11-07,238.7765,2025-11-14,223.187,-0.065289,-6.53%,down,2025-11-07,2025-11-14,False,False,10,10
ORCL,2025-11-14,223.187,2025-11-21,198.2985,-0.111514,-11.15%,down,2025-11-14,2025-11-21,False,False,10,10
ORCL,2025-11-21,198.2985,2025-11-28,205.5665,0.036652,3.67%,up,2025-11-21,2025-11-26,False,True,10,10
ORCL,2025-11-28,205.5665,2025-12-05,217.3715,0.057427,5.74%,up,2025-11-26,2025-12-05,True,False,10,10
ORCL,2025-12-05,217.3715,2025-12-12,189.6425,-0.127565,-12.76%,down,2025-12-05,2025-12-12,False,False,10,10
ORCL,2025-12-12,189.6425,2025-12-19,193.3425,0.019510,1.95%,up,2025-12-12,2025-12-19,False,False,10,10
ORCL,2025-12-19,193.3425,2025-12-26,198.2035,0.025142,2.51%,up,2025-12-19,2025-12-26,False,False,10,10
ORCL,2025-12-26,198.2035,2026-01-02,195.664,-0.012813,-1.28%,flat,2025-12-26,2026-01-02,False,False,10,10
ORCL,2026-01-02,195.664,2026-01-09,198.9395,0.016740,1.67%,up,2026-01-02,2026-01-09,False,False,10,10
ORCL,2026-01-09,198.9395,2026-01-16,191.4275,-0.037760,-3.78%,down,2026-01-09,2026-01-16,False,False,10,10
ORCL,2026-01-16,191.4275,2026-01-23,177.062,-0.075044,-7.50%,down,2026-01-16,2026-01-23,False,False,10,10
ORCL,2026-01-23,177.062,2026-01-30,164.657,-0.070060,-7.01%,down,2026-01-23,2026-01-30,False,False,10,10
ORCL,2026-01-30,164.657,2026-02-06,142.848,-0.132451,-13.25%,down,2026-01-30,2026-02-06,False,False,10,10
ORCL,2026-02-06,142.848,2026-02-13,159.921,0.119519,11.95%,up,2026-02-06,2026-02-13,False,False,10,10
ORCL,2026-02-13,159.921,2026-02-20,148.088,-0.073993,-7.40%,down,2026-02-13,2026-02-20,False,False,10,10
ORCL,2026-02-20,148.088,2026-02-27,144.4315,-0.024691,-2.47%,down,2026-02-20,2026-02-27,False,False,10,10
ORCL,2026-02-27,144.4315,2026-03-06,153.6185,0.063608,6.36%,up,2026-02-27,2026-03-06,False,False,10,10
ORCL,2026-03-06,153.6185,2026-03-13,154.9895,0.008925,0.89%,flat,2026-03-06,2026-03-13,False,False,10,10
ORCL,2026-03-13,154.9895,2026-03-20,149.2865,-0.036796,-3.68%,down,2026-03-13,2026-03-20,False,False,10,10
ORCL,2026-03-20,149.2865,2026-03-27,139.7175,-0.064098,-6.41%,down,2026-03-20,2026-03-27,False,False,10,10
ORCL,2026-03-27,139.7175,2026-04-03,146.091,0.045617,4.56%,up,2026-03-27,2026-04-02,False,True,10,10
ORCL,2026-04-03,146.091,2026-04-10,137.8095,-0.056687,-5.67%,down,2026-04-02,2026-04-10,True,False,10,10
ORCL,2026-04-10,137.8095,2026-04-17,175.0955,0.270562,27.06%,up,2026-04-10,2026-04-17,False,False,10,10
ORCL,2026-04-17,175.0955,2026-04-24,173.68,-0.008084,-0.81%,flat,2026-04-17,2026-04-24,False,False,10,10
ORCL,2026-04-24,173.68,2026-05-01,171.9335,-0.010056,-1.01%,flat,2026-04-24,2026-05-01,False,False,10,10
ORCL,2026-05-01,171.9335,2026-05-08,196.153,0.140866,14.09%,up,2026-05-01,2026-05-08,False,False,10,10
ORCL,2026-05-08,196.153,2026-05-15,193.208,-0.015014,-1.50%,down,2026-05-08,2026-05-15,False,False,10,10
ORCL,2026-05-15,193.208,2026-05-22,192.0535,-0.005975,-0.60%,flat,2026-05-15,2026-05-22,False,False,10,10
ORCL,2026-05-22,192.0535,2026-05-29,225.271,0.172960,17.30%,up,2026-05-22,2026-05-29,False,False,10,10
ORCL,2026-05-29,225.271,2026-06-05,213.7825,-0.050999,-5.10%,down,2026-05-29,2026-06-05,False,False,10,10
ORCL,2026-06-05,213.7825,2026-06-12,183.8805,-0.139871,-13.99%,down,2026-06-05,2026-06-12,False,False,10,10
ORCL,2026-06-12,183.8805,2026-06-19,184.8725,0.005395,0.54%,flat,2026-06-12,2026-06-18,False,True,10,10
ORCL,2026-06-19,184.8725,2026-06-26,149.4105,-0.191819,-19.18%,down,2026-06-18,2026-06-26,True,False,10,10
MSFT,2024-06-28,449.702,2024-07-05,467.6235,0.039852,3.99%,up,2024-06-28,2024-07-05,False,False,10,10
MSFT,2024-07-05,467.6235,2024-07-12,452.981,-0.031313,-3.13%,down,2024-07-05,2024-07-12,False,False,10,10
MSFT,2024-07-12,452.981,2024-07-19,436.511,-0.036359,-3.64%,down,2024-07-12,2024-07-19,False,False,10,10
MSFT,2024-07-19,436.511,2024-07-26,424.8325,-0.026754,-2.68%,down,2024-07-19,2024-07-26,False,False,10,10
MSFT,2024-07-26,424.8325,2024-08-02,407.614,-0.040530,-4.05%,down,2024-07-26,2024-08-02,False,False,10,10
MSFT,2024-08-02,407.614,2024-08-09,406.264,-0.003312,-0.33%,flat,2024-08-02,2024-08-09,False,False,10,10
MSFT,2024-08-09,406.264,2024-08-16,418.576,0.030305,3.03%,up,2024-08-09,2024-08-16,False,False,10,10
MSFT,2024-08-16,418.576,2024-08-23,416.3115,-0.005410,-0.54%,flat,2024-08-16,2024-08-23,False,False,10,10
MSFT,2024-08-23,416.3115,2024-08-30,416.245,-0.000160,-0.02%,flat,2024-08-23,2024-08-30,False,False,10,10
MSFT,2024-08-30,416.245,2024-09-06,401.547,-0.035311,-3.53%,down,2024-08-30,2024-09-06,False,False,10,10
MSFT,2024-09-06,401.547,2024-09-13,430.965,0.073262,7.33%,up,2024-09-06,2024-09-13,False,False,10,10
MSFT,2024-09-13,430.965,2024-09-20,435.857,0.011351,1.14%,flat,2024-09-13,2024-09-20,False,False,10,10
MSFT,2024-09-20,435.857,2024-09-27,427.873,-0.018318,-1.83%,down,2024-09-20,2024-09-27,False,False,10,10
MSFT,2024-09-27,427.873,2024-10-04,416.309,-0.027027,-2.70%,down,2024-09-27,2024-10-04,False,False,10,10
MSFT,2024-10-04,416.309,2024-10-11,416.306,-0.000007,-0.00%,flat,2024-10-04,2024-10-11,False,False,10,10
MSFT,2024-10-11,416.306,2024-10-18,417.7195,0.003395,0.34%,flat,2024-10-11,2024-10-18,False,False,10,10
MSFT,2024-10-18,417.7195,2024-10-25,427.935,0.024455,2.45%,up,2024-10-18,2024-10-25,False,False,10,10
MSFT,2024-10-25,427.935,2024-11-01,410.374,-0.041037,-4.10%,down,2024-10-25,2024-11-01,False,False,10,10
MSFT,2024-11-01,410.374,2024-11-08,422.4275,0.029372,2.94%,up,2024-11-01,2024-11-08,False,False,10,10
MSFT,2024-11-08,422.4275,2024-11-15,415.072,-0.017412,-1.74%,down,2024-11-08,2024-11-15,False,False,10,10
MSFT,2024-11-15,415.072,2024-11-22,416.1715,0.002649,0.26%,flat,2024-11-15,2024-11-22,False,False,10,10
MSFT,2024-11-22,416.1715,2024-11-29,423.558,0.017749,1.77%,up,2024-11-22,2024-11-27,False,True,10,10
MSFT,2024-11-29,423.558,2024-12-06,443.9775,0.048209,4.82%,up,2024-11-27,2024-12-06,True,False,10,10
MSFT,2024-12-06,443.9775,2024-12-13,447.359,0.007616,0.76%,flat,2024-12-06,2024-12-13,False,False,10,10
MSFT,2024-12-13,447.359,2024-12-20,435.9115,-0.025589,-2.56%,down,2024-12-13,2024-12-20,False,False,10,10
MSFT,2024-12-20,435.9115,2024-12-27,430.4995,-0.012415,-1.24%,flat,2024-12-20,2024-12-27,False,False,10,10
MSFT,2024-12-27,430.4995,2025-01-03,422.657,-0.018217,-1.82%,down,2024-12-27,2025-01-03,False,False,10,10
MSFT,2025-01-03,422.657,2025-01-10,419.8595,-0.006619,-0.66%,flat,2025-01-03,2025-01-10,False,False,10,10
MSFT,2025-01-10,419.8595,2025-01-17,429.71,0.023461,2.35%,up,2025-01-10,2025-01-17,False,False,10,10
MSFT,2025-01-17,429.71,2025-01-24,443.682,0.032515,3.25%,up,2025-01-17,2025-01-24,False,False,10,10
MSFT,2025-01-24,443.682,2025-01-31,415.9115,-0.062591,-6.26%,down,2025-01-24,2025-01-31,False,False,10,10
MSFT,2025-01-31,415.9115,2025-02-07,410.0585,-0.014073,-1.41%,flat,2025-01-31,2025-02-07,False,False,10,10
MSFT,2025-02-07,410.0585,2025-02-14,408.208,-0.004513,-0.45%,flat,2025-02-07,2025-02-14,False,False,10,10
MSFT,2025-02-14,408.208,2025-02-21,408.5175,0.000758,0.08%,flat,2025-02-14,2025-02-21,False,False,10,10
MSFT,2025-02-21,408.5175,2025-02-28,396.361,-0.029758,-2.98%,down,2025-02-21,2025-02-28,False,False,10,10
MSFT,2025-02-28,396.361,2025-03-07,392.9635,-0.008572,-0.86%,flat,2025-02-28,2025-03-07,False,False,10,10
MSFT,2025-03-07,392.9635,2025-03-14,388.782,-0.010641,-1.06%,flat,2025-03-07,2025-03-14,False,False,10,10
MSFT,2025-03-14,388.782,2025-03-21,389.101,0.000821,0.08%,flat,2025-03-14,2025-03-21,False,False,10,10
MSFT,2025-03-21,389.101,2025-03-28,378.6395,-0.026886,-2.69%,down,2025-03-21,2025-03-28,False,False,10,10
MSFT,2025-03-28,378.6395,2025-04-04,360.955,-0.046705,-4.67%,down,2025-03-28,2025-04-04,False,False,10,10
MSFT,2025-04-04,360.955,2025-04-11,388.5565,0.076468,7.65%,up,2025-04-04,2025-04-11,False,False,10,10
MSFT,2025-04-11,388.5565,2025-04-18,367.4815,-0.054239,-5.42%,down,2025-04-11,2025-04-17,False,True,10,10
MSFT,2025-04-18,367.4815,2025-04-25,391.6275,0.065707,6.57%,up,2025-04-17,2025-04-25,True,False,10,10
MSFT,2025-04-25,391.6275,2025-05-02,435.309,0.111538,11.15%,up,2025-04-25,2025-05-02,False,False,10,10
MSFT,2025-05-02,435.309,2025-05-09,438.885,0.008215,0.82%,flat,2025-05-02,2025-05-09,False,False,10,10
MSFT,2025-05-09,438.885,2025-05-16,453.2805,0.032800,3.28%,up,2025-05-09,2025-05-16,False,False,10,10
MSFT,2025-05-16,453.2805,2025-05-23,450.858,-0.005344,-0.53%,flat,2025-05-16,2025-05-23,False,False,10,10
MSFT,2025-05-23,450.858,2025-05-30,460.135,0.020576,2.06%,up,2025-05-23,2025-05-30,False,False,10,10
MSFT,2025-05-30,460.135,2025-06-06,470.455,0.022428,2.24%,up,2025-05-30,2025-06-06,False,False,10,10
MSFT,2025-06-06,470.455,2025-06-13,474.3675,0.008316,0.83%,flat,2025-06-06,2025-06-13,False,False,10,10
MSFT,2025-06-13,474.3675,2025-06-20,477.6405,0.006900,0.69%,flat,2025-06-13,2025-06-20,False,False,10,10
MSFT,2025-06-20,477.6405,2025-06-27,495.4935,0.037377,3.74%,up,2025-06-20,2025-06-27,False,False,10,10
MSFT,2025-06-27,495.4935,2025-07-04,491.2955,-0.008472,-0.85%,flat,2025-06-27,2025-07-02,False,True,10,10
MSFT,2025-07-04,491.2955,2025-07-11,503.523,0.024888,2.49%,up,2025-07-02,2025-07-11,True,False,10,10
MSFT,2025-07-11,503.523,2025-07-18,510.175,0.013211,1.32%,flat,2025-07-11,2025-07-18,False,False,10,10
MSFT,2025-07-18,510.175,2025-07-25,514.2735,0.008034,0.80%,flat,2025-07-18,2025-07-25,False,False,10,10
MSFT,2025-07-25,514.2735,2025-08-01,524.493,0.019872,1.99%,up,2025-07-25,2025-08-01,False,False,10,10
MSFT,2025-08-01,524.493,2025-08-08,521.0135,-0.006634,-0.66%,flat,2025-08-01,2025-08-08,False,False,10,10
MSFT,2025-08-08,521.0135,2025-08-15,520.417,-0.001145,-0.11%,flat,2025-08-08,2025-08-15,False,False,10,10
MSFT,2025-08-15,520.417,2025-08-22,507.0745,-0.025638,-2.56%,down,2025-08-15,2025-08-22,False,False,10,10
MSFT,2025-08-22,507.0745,2025-08-29,506.772,-0.000597,-0.06%,flat,2025-08-22,2025-08-29,False,False,10,10
MSFT,2025-08-29,506.772,2025-09-05,494.2305,-0.024748,-2.47%,down,2025-08-29,2025-09-05,False,False,10,10
MSFT,2025-09-05,494.2305,2025-09-12,510.513,0.032945,3.29%,up,2025-09-05,2025-09-12,False,False,10,10
MSFT,2025-09-12,510.513,2025-09-19,517.038,0.012781,1.28%,flat,2025-09-12,2025-09-19,False,False,10,10
MSFT,2025-09-19,517.038,2025-09-26,511.215,-0.011262,-1.13%,flat,2025-09-19,2025-09-26,False,False,10,10
MSFT,2025-09-26,511.215,2025-10-03,517.221,0.011748,1.17%,flat,2025-09-26,2025-10-03,False,False,10,10
MSFT,2025-10-03,517.221,2025-10-10,511.1125,-0.011810,-1.18%,flat,2025-10-03,2025-10-10,False,False,10,10
MSFT,2025-10-10,511.1125,2025-10-17,513.973,0.005597,0.56%,flat,2025-10-10,2025-10-17,False,False,10,10
MSFT,2025-10-17,513.973,2025-10-24,524.1845,0.019868,1.99%,up,2025-10-17,2025-10-24,False,False,10,10
MSFT,2025-10-24,524.1845,2025-10-31,518.18,-0.011455,-1.15%,flat,2025-10-24,2025-10-31,False,False,10,10
MSFT,2025-10-31,518.18,2025-11-07,497.0725,-0.040734,-4.07%,down,2025-10-31,2025-11-07,False,False,10,10
MSFT,2025-11-07,497.0725,2025-11-14,509.6125,0.025228,2.52%,up,2025-11-07,2025-11-14,False,False,10,10
MSFT,2025-11-14,509.6125,2025-11-21,471.978,-0.073849,-7.38%,down,2025-11-14,2025-11-21,False,False,10,10
MSFT,2025-11-21,471.978,2025-11-28,486.0785,0.029875,2.99%,up,2025-11-21,2025-11-26,False,True,10,10
MSFT,2025-11-28,486.0785,2025-12-05,482.504,-0.007354,-0.74%,flat,2025-11-26,2025-12-05,True,False,10,10
MSFT,2025-12-05,482.504,2025-12-12,477.9835,-0.009369,-0.94%,flat,2025-12-05,2025-12-12,False,False,10,10
MSFT,2025-12-12,477.9835,2025-12-19,485.391,0.015497,1.55%,up,2025-12-12,2025-12-19,False,False,10,10
MSFT,2025-12-19,485.391,2025-12-26,487.5665,0.004482,0.45%,flat,2025-12-19,2025-12-26,False,False,10,10
MSFT,2025-12-26,487.5665,2026-01-02,472.2445,-0.031425,-3.14%,down,2025-12-26,2026-01-02,False,False,10,10
MSFT,2026-01-02,472.2445,2026-01-09,479.1985,0.014725,1.47%,flat,2026-01-02,2026-01-09,False,False,10,10
MSFT,2026-01-09,479.1985,2026-01-16,460.2105,-0.039624,-3.96%,down,2026-01-09,2026-01-16,False,False,10,10
MSFT,2026-01-16,460.2105,2026-01-23,466.689,0.014077,1.41%,flat,2026-01-16,2026-01-23,False,False,10,10
MSFT,2026-01-23,466.689,2026-01-30,428.89,-0.080994,-8.10%,down,2026-01-23,2026-01-30,False,False,10,10
MSFT,2026-01-30,428.89,2026-02-06,401.3685,-0.064169,-6.42%,down,2026-01-30,2026-02-06,False,False,10,10
MSFT,2026-02-06,401.3685,2026-02-13,401.03,-0.000843,-0.08%,flat,2026-02-06,2026-02-13,False,False,10,10
MSFT,2026-02-13,401.03,2026-02-20,397.1765,-0.009609,-0.96%,flat,2026-02-13,2026-02-20,False,False,10,10
MSFT,2026-02-20,397.1765,2026-02-27,393.1115,-0.010235,-1.02%,flat,2026-02-20,2026-02-27,False,False,10,10
MSFT,2026-02-27,393.1115,2026-03-06,409.0475,0.040538,4.05%,up,2026-02-27,2026-03-06,False,False,10,10
MSFT,2026-03-06,409.0475,2026-03-13,395.408,-0.033345,-3.33%,down,2026-03-06,2026-03-13,False,False,10,10
MSFT,2026-03-13,395.408,2026-03-20,381.325,-0.035616,-3.56%,down,2026-03-13,2026-03-20,False,False,10,10
MSFT,2026-03-20,381.325,2026-03-27,357.061,-0.063631,-6.36%,down,2026-03-20,2026-03-27,False,False,10,10
MSFT,2026-03-27,357.061,2026-04-03,372.817,0.044127,4.41%,up,2026-03-27,2026-04-02,False,True,10,10
MSFT,2026-04-03,372.817,2026-04-10,371.0495,-0.004741,-0.47%,flat,2026-04-02,2026-04-10,True,False,10,10
MSFT,2026-04-10,371.0495,2026-04-17,422.8165,0.139515,13.95%,up,2026-04-10,2026-04-17,False,False,10,10
MSFT,2026-04-17,422.8165,2026-04-24,424.4555,0.003876,0.39%,flat,2026-04-17,2026-04-24,False,False,10,10
MSFT,2026-04-24,424.4555,2026-05-01,414.614,-0.023186,-2.32%,down,2026-04-24,2026-05-01,False,False,10,10
MSFT,2026-05-01,414.614,2026-05-08,415.361,0.001802,0.18%,flat,2026-05-01,2026-05-08,False,False,10,10
MSFT,2026-05-08,415.361,2026-05-15,421.8295,0.015573,1.56%,up,2026-05-08,2026-05-15,False,False,10,10
MSFT,2026-05-15,421.8295,2026-05-22,418.5905,-0.007678,-0.77%,flat,2026-05-15,2026-05-22,False,False,10,10
MSFT,2026-05-22,418.5905,2026-05-29,448.008,0.070278,7.03%,up,2026-05-22,2026-05-29,False,False,10,10
MSFT,2026-05-29,448.008,2026-06-05,417.027,-0.069153,-6.92%,down,2026-05-29,2026-06-05,False,False,10,10
MSFT,2026-06-05,417.027,2026-06-12,390.2975,-0.064095,-6.41%,down,2026-06-05,2026-06-12,False,False,10,10
MSFT,2026-06-12,390.2975,2026-06-19,379.601,-0.027406,-2.74%,down,2026-06-12,2026-06-18,False,True,10,10
MSFT,2026-06-19,379.601,2026-06-26,374.885,-0.012424,-1.24%,flat,2026-06-18,2026-06-26,True,False,10,10
