"# Backtest method: MAX EXPECTED PROFIT, target-spend sized (win_rate × avg_payoff)  (PUTs)"
"# Position sizing: contracts = ceil($1.00 / mean(entry_frame)), min 1. Pass 2 concentration cap: biggest single win <= 51% of net total P&L."
# Lookback = 730 calendar days
# Session window = 9:30AM–4:00PM ET (full regular session)
# Generated 2026-07-09 21:26:43  |  data source: Alpaca Markets API
# P&L $ assumes 1 contract = 100 shares
# Optimal entry frame = 9:45–9:51 AM  |  Optimal exit frame = 10:59–11:05 AM

DETAIL — one row per Friday (ATM put at the optimal frames)
date,opt_type,contract_symbol,strike,source,entry_frame,entry_price,exit_frame,exit_price,payoff_per_share,contracts,cost_dollars,pnl_dollars,profitable,note
2024-07-12,P,AMZN240712P00195000,195.0,REAL,9:45–9:51 AM,1.205,10:59–11:05 AM,0.81,-0.395,1,120.5,-39.5,False,
2024-07-19,P,AMZN240719P00180000,180.0,REAL,9:45–9:51 AM,0.395,10:59–11:05 AM,0.0717,-0.3233,3,118.5,-97.0,False,
2024-07-26,P,AMZN240726P00180000,180.0,REAL,9:45–9:51 AM,0.6483,10:59–11:05 AM,0.2367,-0.4117,2,129.67,-82.33,False,
2024-08-02,P,AMZN240802P00165000,165.0,REAL,9:45–9:51 AM,2.64,10:59–11:05 AM,2.2,-0.44,1,264.0,-44.0,False,
2024-08-09,P,AMZN240809P00165000,165.0,REAL,9:45–9:51 AM,0.4967,10:59–11:05 AM,0.1817,-0.315,3,149.0,-94.5,False,
2024-08-16,P,AMZN240816P00175000,175.0,REAL,9:45–9:51 AM,0.1817,10:59–11:05 AM,0.06,-0.1217,6,109.0,-73.0,False,
2024-08-23,P,AMZN240823P00180000,180.0,REAL,9:45–9:51 AM,3.175,10:59–11:05 AM,3.3225,0.1475,1,317.5,14.75,True,
2024-08-30,P,AMZN240830P00175000,175.0,REAL,9:45–9:51 AM,0.9783,10:59–11:05 AM,1.1667,0.1883,2,195.67,37.67,True,
2024-09-06,P,AMZN240906P00180000,180.0,REAL,9:45–9:51 AM,2.8725,10:59–11:05 AM,5.9575,3.085,1,287.25,308.5,True,
2024-09-13,P,AMZN240913P00185000,185.0,REAL,9:45–9:51 AM,0.1,10:59–11:05 AM,0.1133,0.0133,11,110.0,14.67,True,
2024-09-20,P,AMZN240920P00190000,190.0,REAL,9:45–9:51 AM,0.8683,10:59–11:05 AM,1.9567,1.0883,2,173.67,217.67,True,
2024-09-27,P,AMZN240927P00190000,190.0,REAL,9:45–9:51 AM,0.7417,10:59–11:05 AM,1.0067,0.265,2,148.33,53.0,True,
2024-10-04,P,AMZN241004P00185000,185.0,REAL,9:45–9:51 AM,0.2617,10:59–11:05 AM,0.6217,0.36,4,104.67,144.0,True,
2024-10-11,P,AMZN241011P00185000,185.0,REAL,9:45–9:51 AM,0.0917,10:59–11:05 AM,0.026,-0.0657,11,100.83,-72.23,False,
2024-10-18,P,AMZN241018P00185000,185.0,REAL,9:45–9:51 AM,0.1217,10:59–11:05 AM,0.036,-0.0857,9,109.5,-77.1,False,
2024-10-25,P,AMZN241025P00190000,190.0,REAL,9:45–9:51 AM,1.2733,10:59–11:05 AM,0.7067,-0.5667,1,127.33,-56.67,False,
2024-11-01,P,AMZN241101P00200000,200.0,REAL,9:45–9:51 AM,1.8833,10:59–11:05 AM,1.0433,-0.84,1,188.33,-84.0,False,
2024-11-08,P,AMZN241108P00210000,210.0,REAL,9:45–9:51 AM,1.4067,10:59–11:05 AM,1.785,0.3783,1,140.67,37.83,True,
2024-11-15,P,AMZN241115P00207500,207.5,REAL,9:45–9:51 AM,2.3617,10:59–11:05 AM,2.9967,0.635,1,236.17,63.5,True,
2024-11-22,P,AMZN241122P00200000,200.0,REAL,9:45–9:51 AM,2.1817,10:59–11:05 AM,1.7383,-0.4433,1,218.17,-44.33,False,
2024-11-29,P,AMZN241129P00205000,205.0,REAL,9:45–9:51 AM,0.3233,10:59–11:05 AM,0.1117,-0.2117,4,129.33,-84.67,False,
2024-12-06,P,AMZN241206P00220000,220.0,REAL,9:45–9:51 AM,0.1367,10:59–11:05 AM,0.045,-0.0917,8,109.33,-73.33,False,
2024-12-13,P,AMZN241213P00230000,230.0,REAL,9:45–9:51 AM,1.2917,10:59–11:05 AM,3.6583,2.3667,1,129.17,236.67,True,
2024-12-20,P,AMZN241220P00220000,220.0,REAL,9:45–9:51 AM,1.4917,10:59–11:05 AM,0.255,-1.2367,1,149.17,-123.67,False,
2024-12-27,P,AMZN241227P00225000,225.0,REAL,9:45–9:51 AM,2.1867,10:59–11:05 AM,3.4625,1.2758,1,218.67,127.58,True,
2025-01-03,P,AMZN250103P00222500,222.5,REAL,9:45–9:51 AM,0.475,10:59–11:05 AM,0.722,0.247,3,142.5,74.1,True,
2025-01-10,P,AMZN250110P00220000,220.0,REAL,9:45–9:51 AM,2.2017,10:59–11:05 AM,2.3083,0.1067,1,220.17,10.67,True,
2025-01-17,P,AMZN250117P00225000,225.0,REAL,9:45–9:51 AM,1.3617,10:59–11:05 AM,1.48,0.1183,1,136.17,11.83,True,
2025-01-24,P,AMZN250124P00235000,235.0,REAL,9:45–9:51 AM,0.58,10:59–11:05 AM,1.1967,0.6167,2,116.0,123.33,True,
2025-01-31,P,AMZN250131P00237500,237.5,REAL,9:45–9:51 AM,0.48,10:59–11:05 AM,0.225,-0.255,3,144.0,-76.5,False,
2025-02-07,P,AMZN250207P00232500,232.5,REAL,9:45–9:51 AM,1.4583,10:59–11:05 AM,2.902,1.4437,1,145.83,144.37,True,
2025-02-14,P,AMZN250214P00230000,230.0,REAL,9:45–9:51 AM,1.85,10:59–11:05 AM,1.965,0.115,1,185.0,11.5,True,
2025-02-21,P,AMZN250221P00222500,222.5,REAL,9:45–9:51 AM,1.4567,10:59–11:05 AM,3.32,1.8633,1,145.67,186.33,True,
2025-02-28,P,AMZN250228P00207500,207.5,REAL,9:45–9:51 AM,1.2,10:59–11:05 AM,0.19,-1.01,1,120.0,-101.0,False,
2025-03-07,P,AMZN250307P00200000,200.0,REAL,9:45–9:51 AM,1.4067,10:59–11:05 AM,3.738,2.3313,1,140.67,233.13,True,
2025-03-14,P,AMZN250314P00195000,195.0,REAL,9:45–9:51 AM,0.4083,10:59–11:05 AM,0.21,-0.1983,3,122.5,-59.5,False,
2025-03-21,P,AMZN250321P00195000,195.0,REAL,9:45–9:51 AM,1.5833,10:59–11:05 AM,0.865,-0.7183,1,158.33,-71.83,False,
2025-03-28,P,AMZN250328P00200000,200.0,REAL,9:45–9:51 AM,2.1983,10:59–11:05 AM,5.686,3.4877,1,219.83,348.77,True,
2025-04-04,P,AMZN250404P00165000,165.0,REAL,9:45–9:51 AM,0.345,10:59–11:05 AM,0.1933,-0.1517,3,103.5,-45.5,False,
2025-04-11,P,AMZN250411P00180000,180.0,REAL,9:45–9:51 AM,1.475,10:59–11:05 AM,2.09,0.615,1,147.5,61.5,True,
2025-04-18,P,AMZN250417P00175000,175.0,REAL,9:45–9:51 AM,1.6483,10:59–11:05 AM,2.3567,0.7083,1,164.83,70.83,True,Fri closed → Thu expiry
2025-04-25,P,AMZN250425P00185000,185.0,REAL,9:45–9:51 AM,0.6783,10:59–11:05 AM,0.4,-0.2783,2,135.67,-55.67,False,
2025-05-02,P,AMZN250502P00190000,190.0,REAL,9:45–9:51 AM,3.2967,10:59–11:05 AM,1.6483,-1.6483,1,329.67,-164.83,False,
2025-05-09,P,AMZN250509P00195000,195.0,REAL,9:45–9:51 AM,1.94,10:59–11:05 AM,2.98,1.04,1,194.0,104.0,True,
2025-05-16,P,AMZN250516P00205000,205.0,REAL,9:45–9:51 AM,1.215,10:59–11:05 AM,0.7533,-0.4617,1,121.5,-46.17,False,
2025-05-23,P,AMZN250523P00200000,200.0,REAL,9:45–9:51 AM,1.245,10:59–11:05 AM,0.745,-0.5,1,124.5,-50.0,False,
2025-05-30,P,AMZN250530P00205000,205.0,REAL,9:45–9:51 AM,1.4967,10:59–11:05 AM,1.0667,-0.43,1,149.67,-43.0,False,
2025-06-06,P,AMZN250606P00212500,212.5,REAL,9:45–9:51 AM,0.7417,10:59–11:05 AM,1.024,0.2823,2,148.33,56.47,True,
2025-06-13,P,AMZN250613P00210000,210.0,REAL,9:45–9:51 AM,0.7283,10:59–11:05 AM,0.2367,-0.4917,2,145.67,-98.33,False,
2025-06-20,P,AMZN250620P00215000,215.0,REAL,9:45–9:51 AM,1.7483,10:59–11:05 AM,5.126,3.3777,1,174.83,337.77,True,
2025-06-27,P,AMZN250627P00220000,220.0,REAL,9:45–9:51 AM,0.58,10:59–11:05 AM,1.255,0.675,2,116.0,135.0,True,
2025-07-04,P,AMZN250703P00222500,222.5,REAL,9:45–9:51 AM,0.9533,10:59–11:05 AM,0.708,-0.2453,2,190.67,-49.07,False,Fri closed → Thu expiry
2025-07-11,P,AMZN250711P00225000,225.0,REAL,9:45–9:51 AM,2.0,10:59–11:05 AM,0.7583,-1.2417,1,200.0,-124.17,False,
2025-07-18,P,AMZN250718P00225000,225.0,REAL,9:45–9:51 AM,0.7517,10:59–11:05 AM,1.6717,0.92,2,150.33,184.0,True,
2025-07-25,P,AMZN250725P00232500,232.5,REAL,9:45–9:51 AM,1.2417,10:59–11:05 AM,0.965,-0.2767,1,124.17,-27.67,False,
2025-08-01,P,AMZN250801P00217500,217.5,REAL,9:45–9:51 AM,1.12,10:59–11:05 AM,2.17,1.05,1,112.0,105.0,True,
2025-08-08,P,AMZN250808P00222500,222.5,REAL,9:45–9:51 AM,0.48,10:59–11:05 AM,0.44,-0.04,3,144.0,-12.0,False,
2025-08-15,P,AMZN250815P00232500,232.5,REAL,9:45–9:51 AM,1.6483,10:59–11:05 AM,1.2833,-0.365,1,164.83,-36.5,False,
2025-08-22,P,AMZN250822P00222500,222.5,REAL,9:45–9:51 AM,1.4967,10:59–11:05 AM,0.0717,-1.425,1,149.67,-142.5,False,
2025-08-29,P,AMZN250829P00230000,230.0,REAL,9:45–9:51 AM,0.935,10:59–11:05 AM,1.465,0.53,2,187.0,106.0,True,
2025-09-05,P,AMZN250905P00235000,235.0,REAL,9:45–9:51 AM,1.2833,10:59–11:05 AM,2.505,1.2217,1,128.33,122.17,True,
2025-09-12,P,AMZN250912P00230000,230.0,REAL,9:45–9:51 AM,1.5867,10:59–11:05 AM,0.6217,-0.965,1,158.67,-96.5,False,
2025-09-19,P,AMZN250919P00232500,232.5,REAL,9:45–9:51 AM,0.9183,10:59–11:05 AM,0.2983,-0.62,2,183.67,-124.0,False,
2025-09-26,P,AMZN250926P00217500,217.5,REAL,9:45–9:51 AM,0.25,10:59–11:05 AM,0.25,0.0,4,100.0,0.0,True,
2025-10-03,P,AMZN251003P00222500,222.5,REAL,9:45–9:51 AM,0.7483,10:59–11:05 AM,0.585,-0.1633,2,149.67,-32.67,False,
2025-10-10,P,AMZN251010P00227500,227.5,REAL,9:45–9:51 AM,0.9933,10:59–11:05 AM,3.9583,2.965,2,198.67,593.0,True,
2025-10-17,P,AMZN251017P00212500,212.5,REAL,9:45–9:51 AM,1.0133,10:59–11:05 AM,1.3233,0.31,1,101.33,31.0,True,
2025-10-24,P,AMZN251024P00222500,222.5,REAL,9:45–9:51 AM,0.61,10:59–11:05 AM,0.39,-0.22,2,122.0,-44.0,False,
2025-10-31,P,AMZN251031P00247500,247.5,REAL,9:45–9:51 AM,2.275,10:59–11:05 AM,2.355,0.08,1,227.5,8.0,True,
2025-11-07,P,AMZN251107P00242500,242.5,REAL,9:45–9:51 AM,2.92,10:59–11:05 AM,2.7217,-0.1983,1,292.0,-19.83,False,
2025-11-14,P,AMZN251114P00235000,235.0,REAL,9:45–9:51 AM,1.6517,10:59–11:05 AM,0.22,-1.4317,1,165.17,-143.17,False,
2025-11-21,P,AMZN251121P00217500,217.5,REAL,9:45–9:51 AM,2.2767,10:59–11:05 AM,2.5783,0.3017,1,227.67,30.17,True,
2025-11-28,P,AMZN251128P00230000,230.0,REAL,9:45–9:51 AM,0.2833,10:59–11:05 AM,0.092,-0.1913,4,113.33,-76.53,False,
2025-12-05,P,AMZN251205P00230000,230.0,REAL,9:45–9:51 AM,0.855,10:59–11:05 AM,0.56,-0.295,2,171.0,-59.0,False,
2025-12-12,P,AMZN251212P00230000,230.0,REAL,9:45–9:51 AM,2.31,10:59–11:05 AM,3.684,1.374,1,231.0,137.4,True,
2025-12-19,P,AMZN251219P00227500,227.5,REAL,9:45–9:51 AM,1.2867,10:59–11:05 AM,0.8433,-0.4433,1,128.67,-44.33,False,
2025-12-26,P,AMZN251226P00232500,232.5,REAL,9:45–9:51 AM,0.5933,10:59–11:05 AM,0.41,-0.1833,2,118.67,-36.67,False,
2026-01-02,P,AMZN260102P00232500,232.5,REAL,9:45–9:51 AM,0.2133,10:59–11:05 AM,6.9467,6.7333,5,106.67,3366.67,True,
2026-01-09,P,AMZN260109P00245000,245.0,REAL,9:45–9:51 AM,1.8483,10:59–11:05 AM,0.5033,-1.345,1,184.83,-134.5,False,
2026-01-16,P,AMZN260116P00240000,240.0,REAL,9:45–9:51 AM,2.6867,10:59–11:05 AM,2.715,0.0283,1,268.67,2.83,True,
2026-01-23,P,AMZN260123P00237500,237.5,REAL,9:45–9:51 AM,1.8867,10:59–11:05 AM,0.1583,-1.7283,1,188.67,-172.83,False,
2026-01-30,P,AMZN260130P00240000,240.0,REAL,9:45–9:51 AM,0.8283,10:59–11:05 AM,0.36,-0.4683,2,165.67,-93.67,False,
2026-02-06,P,AMZN260206P00202500,202.5,REAL,9:45–9:51 AM,1.9733,10:59–11:05 AM,0.8917,-1.0817,1,197.33,-108.17,False,
2026-02-13,P,AMZN260213P00200000,200.0,REAL,9:45–9:51 AM,1.85,10:59–11:05 AM,1.6917,-0.1583,1,185.0,-15.83,False,
2026-02-20,P,AMZN260220P00205000,205.0,REAL,9:45–9:51 AM,0.5117,10:59–11:05 AM,0.045,-0.4667,2,102.33,-93.33,False,
2026-02-27,P,AMZN260227P00207500,207.5,REAL,9:45–9:51 AM,1.9267,10:59–11:05 AM,0.4217,-1.505,1,192.67,-150.5,False,
2026-03-06,P,AMZN260306P00215000,215.0,REAL,9:45–9:51 AM,1.19,10:59–11:05 AM,0.5483,-0.6417,1,119.0,-64.17,False,
2026-03-13,P,AMZN260313P00210000,210.0,REAL,9:45–9:51 AM,1.0833,10:59–11:05 AM,1.915,0.8317,1,108.33,83.17,True,
2026-03-20,P,AMZN260320P00205000,205.0,REAL,9:45–9:51 AM,0.5983,10:59–11:05 AM,0.2183,-0.38,2,119.67,-76.0,False,
2026-03-27,P,AMZN260327P00205000,205.0,REAL,9:45–9:51 AM,2.21,10:59–11:05 AM,4.0783,1.8683,1,221.0,186.83,True,
2026-04-03,P,AMZN260402P00207500,207.5,REAL,9:45–9:51 AM,1.5367,10:59–11:05 AM,0.2517,-1.285,1,153.67,-128.5,False,Fri closed → Thu expiry
2026-04-10,P,AMZN260410P00235000,235.0,REAL,9:45–9:51 AM,0.565,10:59–11:05 AM,0.13,-0.435,2,113.0,-87.0,False,
2026-04-17,P,AMZN260417P00252500,252.5,REAL,9:45–9:51 AM,0.7833,10:59–11:05 AM,0.245,-0.5383,2,156.67,-107.67,False,
2026-04-24,P,AMZN260424P00260000,260.0,REAL,9:45–9:51 AM,1.9417,10:59–11:05 AM,1.0983,-0.8433,1,194.17,-84.33,False,
2026-05-01,P,AMZN260501P00262500,262.5,REAL,9:45–9:51 AM,0.6367,10:59–11:05 AM,0.075,-0.5617,2,127.33,-112.33,False,
2026-05-08,P,AMZN260508P00270000,270.0,REAL,9:45–9:51 AM,0.5,10:59–11:05 AM,0.2417,-0.2583,2,100.0,-51.67,False,
2026-05-15,P,AMZN260515P00262500,262.5,REAL,9:45–9:51 AM,1.7567,10:59–11:05 AM,0.7783,-0.9783,1,175.67,-97.83,False,
2026-05-22,P,AMZN260522P00270000,270.0,REAL,9:45–9:51 AM,1.79,10:59–11:05 AM,2.1725,0.3825,1,179.0,38.25,True,
2026-05-29,P,AMZN260529P00272500,272.5,REAL,9:45–9:51 AM,0.77,10:59–11:05 AM,1.675,0.905,2,154.0,181.0,True,
2026-06-05,P,AMZN260605P00255000,255.0,REAL,9:45–9:51 AM,2.0617,10:59–11:05 AM,1.9017,-0.16,1,206.17,-16.0,False,
2026-06-12,P,AMZN260612P00240000,240.0,REAL,9:45–9:51 AM,5.1117,10:59–11:05 AM,3.112,-1.9997,1,511.17,-199.97,False,
2026-06-19,P,AMZN260618P00240000,240.0,REAL,9:45–9:51 AM,3.335,10:59–11:05 AM,0.72,-2.615,1,333.5,-261.5,False,Fri closed → Thu expiry
2026-06-26,P,AMZN260626P00227500,227.5,REAL,9:45–9:51 AM,1.4017,10:59–11:05 AM,0.2133,-1.1883,1,140.17,-118.83,False,
2026-07-03,P,AMZN260702P00242500,242.5,REAL,9:45–9:51 AM,1.4,10:59–11:05 AM,0.3033,-1.0967,1,140.0,-109.67,False,Fri closed → Thu expiry

SUMMARY — optimal frames
opt_type,optimal_entry_frame,optimal_exit_frame,trades,wins,win_rate,total_pnl_dollars,avg_pnl_dollars,best_day,worst_day,skipped_no_data,premium_spent,return_on_spend
PUT,9:45–9:51 AM,10:59–11:05 AM,104,41,0.3942,3129.36,30.09,3366.67,-261.5,0,17221.15,0.1817

TOP 15 FRAME PAIRS (by win_rate × avg payoff)
rank,entry_frame,exit_frame,trades,wins,win_rate,avg_pnl_dollars,total_pnl_dollars
1,9:45–9:50 AM,11:00–11:05 AM,104,41,0.3942,29.61,3079.28
2,9:45–9:50 AM,11:15–11:20 AM,104,38,0.3654,30.04,3124.03
3,9:45–9:50 AM,10:55–11:10 AM,104,41,0.3942,27.39,2849.03
4,9:45–9:50 AM,11:00–11:10 AM,104,39,0.3750,28.68,2982.24
5,9:45–9:50 AM,11:05–11:10 AM,103,37,0.3592,29.83,3072.03
6,9:45–9:50 AM,10:55–11:05 AM,104,41,0.3942,27.03,2811.09
7,9:45–9:50 AM,11:15–11:25 AM,104,36,0.3462,30.71,3193.5
8,9:45–9:50 AM,11:00–11:15 AM,104,39,0.3750,27.59,2869.26
9,9:45–9:50 AM,10:55–11:15 AM,104,40,0.3846,26.6,2766.37
10,9:45–9:50 AM,11:05–11:25 AM,104,36,0.3462,28.84,2999.74
11,9:45–9:50 AM,11:10–11:25 AM,104,35,0.3365,29.6,3078.55
12,9:45–9:50 AM,10:50–11:10 AM,104,40,0.3846,25.7,2673.09
13,9:45–9:50 AM,11:10–11:20 AM,104,36,0.3462,28.31,2944.03
14,9:45–9:50 AM,10:25–10:35 AM,104,44,0.4231,22.95,2386.95
15,9:45–9:50 AM,10:55–11:00 AM,104,40,0.3846,25.25,2625.77
