"# Backtest method: Wednesday intraday — MAX EXPECTED PROFIT, target-spend sized (win_rate × avg_payoff)  (CALLs)"
"# Wednesday entry → Wednesday expiry, lookback 150d, tickers AAPL, MSFT, GOOGL, AMZN, NVDA, TSLA."
# Lookback = 150 calendar days
# Session window = 9:30AM–4:00PM ET (full regular session)
# Generated 2026-07-14 14:04:09  |  data source: Alpaca Markets API
# P&L $ assumes 1 contract = 100 shares
# Optimal entry frame = 9:48–9:53 AM  |  Optimal exit frame = 1:02–1:15 PM

DETAIL — one row per session (ATM call at the optimal frames)
date,opt_type,contract_symbol,strike,source,entry_frame,entry_price,exit_frame,exit_price,payoff_per_share,contracts,cost_dollars,pnl_dollars,profitable,note
2026-02-18,C,AAPL260218C00265000,265.0,REAL,9:48–9:53 AM,0.486,1:02–1:15 PM,0.9854,0.4994,3,145.8,149.82,True,0DTE (same-day expiry)
2026-02-25,C,AAPL260225C00272500,272.5,REAL,9:48–9:53 AM,1.662,1:02–1:15 PM,1.777,0.115,1,166.2,11.5,True,0DTE (same-day expiry)
2026-03-04,C,AAPL260304C00265000,265.0,REAL,9:48–9:53 AM,0.38,1:02–1:15 PM,0.3977,0.0177,3,114.0,5.31,True,0DTE (same-day expiry)
2026-03-11,C,AAPL260311C00262500,262.5,REAL,9:48–9:53 AM,0.42,1:02–1:15 PM,0.1146,-0.3054,3,126.0,-91.62,False,0DTE (same-day expiry)
2026-03-18,C,AAPL260318C00252500,252.5,REAL,9:48–9:53 AM,1.96,1:02–1:15 PM,0.1754,-1.7846,1,196.0,-178.46,False,0DTE (same-day expiry)
2026-03-25,C,AAPL260325C00255000,255.0,REAL,9:48–9:53 AM,0.274,1:02–1:15 PM,0.1854,-0.0886,4,109.6,-35.45,False,0DTE (same-day expiry)
2026-04-01,C,AAPL260401C00255000,255.0,REAL,9:48–9:53 AM,1.208,1:02–1:15 PM,0.4177,-0.7903,1,120.8,-79.03,False,0DTE (same-day expiry)
2026-04-08,C,AAPL260408C00257500,257.5,REAL,9:48–9:53 AM,1.77,1:02–1:15 PM,1.1158,-0.6542,1,177.0,-65.42,False,0DTE (same-day expiry)
2026-04-15,C,AAPL260415C00260000,260.0,REAL,9:48–9:53 AM,0.416,1:02–1:15 PM,5.6011,5.1851,3,124.8,1555.53,True,0DTE (same-day expiry)
2026-04-22,C,AAPL260422C00267500,267.5,REAL,9:48–9:53 AM,1.864,1:02–1:15 PM,5.4917,3.6277,1,186.4,362.77,True,0DTE (same-day expiry)
2026-04-29,C,AAPL260429C00267500,267.5,REAL,9:48–9:53 AM,2.434,1:02–1:15 PM,2.9991,0.5651,1,243.4,56.51,True,0DTE (same-day expiry)
2026-05-06,C,AAPL260506C00282500,282.5,REAL,9:48–9:53 AM,2.684,1:02–1:15 PM,3.8143,1.1303,1,268.4,113.03,True,0DTE (same-day expiry)
2026-05-13,C,AAPL260513C00295000,295.0,REAL,9:48–9:53 AM,1.854,1:02–1:15 PM,4.6923,2.8383,1,185.4,283.83,True,0DTE (same-day expiry)
2026-05-20,C,AAPL260520C00300000,300.0,REAL,9:48–9:53 AM,2.006,1:02–1:15 PM,0.9354,-1.0706,1,200.6,-107.06,False,0DTE (same-day expiry)
2026-05-27,C,AAPL260527C00310000,310.0,REAL,9:48–9:53 AM,1.68,1:02–1:15 PM,1.0577,-0.6223,1,168.0,-62.23,False,0DTE (same-day expiry)
2026-06-03,C,AAPL260603C00315000,315.0,REAL,9:48–9:53 AM,1.978,1:02–1:15 PM,0.0231,-1.9549,1,197.8,-195.49,False,0DTE (same-day expiry)
2026-06-10,C,AAPL260610C00290000,290.0,REAL,9:48–9:53 AM,0.992,1:02–1:15 PM,2.4715,1.4795,2,198.4,295.91,True,0DTE (same-day expiry)
2026-06-17,C,AAPL260617C00300000,300.0,REAL,9:48–9:53 AM,1.172,1:02–1:15 PM,0.1038,-1.0682,1,117.2,-106.82,False,0DTE (same-day expiry)
2026-06-24,C,AAPL260624C00292500,292.5,REAL,9:48–9:53 AM,3.582,1:02–1:15 PM,4.83,1.248,1,358.2,124.8,True,0DTE (same-day expiry)
2026-07-01,C,AAPL260701C00290000,290.0,REAL,9:48–9:53 AM,1.62,1:02–1:15 PM,4.193,2.573,1,162.0,257.3,True,0DTE (same-day expiry)
2026-07-08,C,AAPL260708C00310000,310.0,REAL,9:48–9:53 AM,0.894,1:02–1:15 PM,3.6692,2.7752,2,178.8,555.05,True,0DTE (same-day expiry)

SUMMARY — optimal frames
opt_type,optimal_entry_frame,optimal_exit_frame,trades,wins,win_rate,total_pnl_dollars,avg_pnl_dollars,best_day,worst_day,skipped_no_data,premium_spent,return_on_spend
CALL,9:48–9:53 AM,1:02–1:15 PM,21,12,0.5714,2849.78,135.7,1555.53,-195.49,0,3744.8,0.7610

TOP 15 FRAME PAIRS (by win_rate × avg payoff)
rank,entry_frame,exit_frame,trades,wins,win_rate,avg_pnl_dollars,total_pnl_dollars
1,9:50–9:55 AM,1:00–1:15 PM,21,12,0.5714,131.83,2768.53
2,9:45–9:55 AM,1:00–1:15 PM,21,12,0.5714,131.69,2765.49
3,9:50–9:55 AM,1:00–1:10 PM,21,12,0.5714,130.1,2732.02
4,9:45–9:55 AM,1:00–1:10 PM,21,12,0.5714,130.06,2731.22
5,9:50–9:55 AM,1:10–1:15 PM,20,11,0.5500,134.51,2690.18
6,9:45–9:55 AM,1:10–1:15 PM,20,11,0.5500,134.36,2687.18
7,9:50–9:55 AM,12:55–1:15 PM,21,12,0.5714,128.78,2704.4
8,9:45–9:55 AM,12:55–1:15 PM,21,12,0.5714,128.74,2703.6
9,9:50–9:55 AM,1:05–1:15 PM,20,11,0.5500,132.81,2656.11
10,9:45–9:55 AM,1:05–1:15 PM,20,11,0.5500,132.7,2654.01
11,9:50–9:55 AM,1:00–1:20 PM,21,12,0.5714,127.53,2678.14
12,9:45–9:55 AM,1:00–1:20 PM,21,12,0.5714,127.31,2673.44
13,9:50–10:05 AM,12:55–1:10 PM,21,13,0.6190,116.89,2454.79
14,9:45–9:55 AM,12:55–1:10 PM,21,12,0.5714,126.63,2659.23
15,9:50–9:55 AM,12:55–1:10 PM,21,12,0.5714,126.56,2657.8
