"# Backtest method: Tuesday intraday — MAX EXPECTED PROFIT, target-spend sized (win_rate × avg_payoff)  (CALLs)"
"# Tuesday entry → Wednesday expiry, lookback 150d, tickers AAPL, MSFT, GOOGL, AMZN, NVDA, TSLA."
# Lookback = 150 calendar days
# Session window = 9:30AM–4:00PM ET (full regular session)
# Generated 2026-07-14 14:01:07  |  data source: Alpaca Markets API
# P&L $ assumes 1 contract = 100 shares
# Optimal entry frame = 11:31–11:36 AM  |  Optimal exit frame = 1:41–1:46 PM

DETAIL — one row per session (ATM call at the optimal frames)
date,opt_type,contract_symbol,strike,source,entry_frame,entry_price,exit_frame,exit_price,payoff_per_share,contracts,cost_dollars,pnl_dollars,profitable,note
2026-02-17,C,AMZN260218C00200000,200.0,REAL,11:31–11:36 AM,2.44,1:41–1:46 PM,2.444,0.004,1,244.0,0.4,True,1DTE (expiry Wed 02-18)
2026-02-24,C,AMZN260225C00205000,205.0,REAL,11:31–11:36 AM,4.355,1:41–1:46 PM,5.17,0.815,1,435.5,81.5,True,1DTE (expiry Wed 02-25)
2026-03-03,C,AMZN260304C00202500,202.5,REAL,11:31–11:36 AM,4.1033,1:41–1:46 PM,6.268,2.1647,1,410.33,216.47,True,1DTE (expiry Wed 03-04)
2026-03-10,C,AMZN260311C00215000,215.0,REAL,11:31–11:36 AM,1.488,1:41–1:46 PM,1.67,0.182,1,148.8,18.2,True,1DTE (expiry Wed 03-11)
2026-03-17,C,AMZN260318C00212500,212.5,REAL,11:31–11:36 AM,,1:41–1:46 PM,,,,,,,no usable price in entry/exit frame
2026-03-24,C,AMZN260325C00207500,207.5,REAL,11:31–11:36 AM,2.014,1:41–1:46 PM,1.5925,-0.4215,1,201.4,-42.15,False,1DTE (expiry Wed 03-25)
2026-03-31,C,AMZN260401C00205000,205.0,REAL,11:31–11:36 AM,2.388,1:41–1:46 PM,4.5133,2.1253,1,238.8,212.53,True,1DTE (expiry Wed 04-01)
2026-04-07,C,AMZN260408C00210000,210.0,REAL,11:31–11:36 AM,2.302,1:41–1:46 PM,3.778,1.476,1,230.2,147.6,True,1DTE (expiry Wed 04-08)
2026-04-14,C,AMZN260415C00242500,242.5,REAL,11:31–11:36 AM,5.77,1:41–1:46 PM,9.6333,3.8633,1,577.0,386.33,True,1DTE (expiry Wed 04-15)
2026-04-21,C,AMZN260422C00252500,252.5,REAL,11:31–11:36 AM,1.972,1:41–1:46 PM,2.084,0.112,1,197.2,11.2,True,1DTE (expiry Wed 04-22)
2026-04-28,C,AMZN260429C00255000,255.0,REAL,11:31–11:36 AM,,1:41–1:46 PM,,,,,,,no usable price in entry/exit frame
2026-05-05,C,AMZN260506C00277500,277.5,REAL,11:31–11:36 AM,1.496,1:41–1:46 PM,0.6625,-0.8335,1,149.6,-83.35,False,1DTE (expiry Wed 05-06)
2026-05-12,C,AMZN260513C00267500,267.5,REAL,11:31–11:36 AM,0.896,1:41–1:46 PM,0.624,-0.272,2,179.2,-54.4,False,1DTE (expiry Wed 05-13)
2026-05-19,C,AMZN260520C00262500,262.5,REAL,11:31–11:36 AM,0.314,1:41–1:46 PM,0.644,0.33,4,125.6,132.0,True,1DTE (expiry Wed 05-20)
2026-05-26,C,AMZN260527C00267500,267.5,REAL,11:31–11:36 AM,0.612,1:41–1:46 PM,0.3267,-0.2853,2,122.4,-57.07,False,1DTE (expiry Wed 05-27)
2026-06-02,C,AMZN260603C00257500,257.5,REAL,11:31–11:36 AM,3.8825,1:41–1:46 PM,2.274,-1.6085,1,388.25,-160.85,False,1DTE (expiry Wed 06-03)
2026-06-09,C,AMZN260610C00247500,247.5,REAL,11:31–11:36 AM,0.608,1:41–1:46 PM,0.954,0.346,2,121.6,69.2,True,1DTE (expiry Wed 06-10)
2026-06-16,C,AMZN260617C00247500,247.5,REAL,11:31–11:36 AM,2.518,1:41–1:46 PM,1.098,-1.42,1,251.8,-142.0,False,1DTE (expiry Wed 06-17)
2026-06-23,C,AMZN260624C00232500,232.5,REAL,11:31–11:36 AM,2.61,1:41–1:46 PM,2.845,0.235,1,261.0,23.5,True,1DTE (expiry Wed 06-24)
2026-06-30,C,AMZN260701C00237500,237.5,REAL,11:31–11:36 AM,2.768,1:41–1:46 PM,2.87,0.102,1,276.8,10.2,True,1DTE (expiry Wed 07-01)
2026-07-07,C,AMZN260708C00245000,245.0,REAL,11:31–11:36 AM,1.352,1:41–1:46 PM,2.3333,0.9813,1,135.2,98.13,True,1DTE (expiry Wed 07-08)

SUMMARY — optimal frames
opt_type,optimal_entry_frame,optimal_exit_frame,trades,wins,win_rate,total_pnl_dollars,avg_pnl_dollars,best_day,worst_day,skipped_no_data,premium_spent,return_on_spend
CALL,11:31–11:36 AM,1:41–1:46 PM,19,13,0.6842,867.44,45.65,386.33,-160.85,2,4694.68,0.1848

TOP 15 FRAME PAIRS (by win_rate × avg payoff)
rank,entry_frame,exit_frame,trades,wins,win_rate,avg_pnl_dollars,total_pnl_dollars
1,11:30–11:35 AM,1:40–1:45 PM,20,14,0.7000,43.35,866.92
2,11:30–11:40 AM,1:40–1:45 PM,20,14,0.7000,43.15,863.05
3,11:35–11:40 AM,2:00–2:10 PM,20,12,0.6000,50.03,1000.66
4,11:30–11:45 AM,2:00–2:10 PM,20,12,0.6000,49.25,985.05
5,11:30–11:45 AM,1:40–1:45 PM,20,14,0.7000,41.85,837.07
6,11:35–11:45 AM,1:40–1:45 PM,20,14,0.7000,40.9,817.9
7,11:00–11:05 AM,2:00–2:10 PM,20,12,0.6000,46.79,935.89
8,11:30–11:35 AM,2:00–2:10 PM,20,11,0.5500,50.74,1014.89
9,11:00–11:10 AM,2:00–2:10 PM,20,12,0.6000,46.5,929.91
10,11:30–11:40 AM,2:00–2:10 PM,20,11,0.5500,50.55,1011.02
11,11:30–11:40 AM,1:55–2:10 PM,20,12,0.6000,46.31,926.21
12,12:10–12:15 PM,2:00–2:10 PM,20,12,0.6000,46.28,925.57
13,11:35–11:40 AM,1:40–1:45 PM,20,13,0.6500,42.63,852.68
14,11:35–11:40 AM,2:05–2:15 PM,20,12,0.6000,46.05,921.0
15,11:05–11:10 AM,2:00–2:10 PM,20,12,0.6000,45.87,917.37
