"# Backtest method: Thursday intraday — MAX EXPECTED PROFIT, target-spend sized (win_rate × avg_payoff)  (CALLs)"
"# Thursday entry → Friday expiry, lookback 730d, tickers AAPL, MSFT, GOOGL, AMZN, NVDA, TSLA, AMD, ORCL."
# Lookback = 730 calendar days
# Session window = 9:30AM–4:00PM ET (full regular session)
# Generated 2026-07-14 14:24:03  |  data source: Alpaca Markets API
# P&L $ assumes 1 contract = 100 shares
# Optimal entry frame = 9:50–9:55 AM  |  Optimal exit frame = 10:37–10:46 AM

DETAIL — one row per session (ATM call at the optimal frames)
date,opt_type,contract_symbol,strike,source,entry_frame,entry_price,exit_frame,exit_price,payoff_per_share,contracts,cost_dollars,pnl_dollars,profitable,note
2024-07-18,C,MSFT240719C00445000,445.0,REAL,9:50–9:55 AM,1.362,10:37–10:46 AM,0.7611,-0.6009,1,136.2,-60.09,False,1DTE (expiry Fri 07-19)
2024-07-25,C,MSFT240726C00430000,430.0,REAL,9:50–9:55 AM,1.388,10:37–10:46 AM,1.0,-0.388,1,138.8,-38.8,False,1DTE (expiry Fri 07-26)
2024-08-01,C,MSFT240802C00420000,420.0,REAL,9:50–9:55 AM,7.24,10:37–10:46 AM,6.5475,-0.6925,1,724.0,-69.25,False,1DTE (expiry Fri 08-02)
2024-08-08,C,MSFT240809C00402500,402.5,REAL,9:50–9:55 AM,3.484,10:37–10:46 AM,4.768,1.284,1,348.4,128.4,True,1DTE (expiry Fri 08-09)
2024-08-15,C,MSFT240816C00420000,420.0,REAL,9:50–9:55 AM,1.724,10:37–10:46 AM,1.7356,0.0116,1,172.4,1.16,True,1DTE (expiry Fri 08-16)
2024-08-22,C,MSFT240823C00425000,425.0,REAL,9:50–9:55 AM,2.798,10:37–10:46 AM,1.63,-1.168,1,279.8,-116.8,False,1DTE (expiry Fri 08-23)
2024-08-29,C,MSFT240830C00415000,415.0,REAL,9:50–9:55 AM,5.792,10:37–10:46 AM,6.3013,0.5093,1,579.2,50.93,True,1DTE (expiry Fri 08-30)
2024-09-05,C,MSFT240906C00407500,407.5,REAL,9:50–9:55 AM,5.025,10:37–10:46 AM,6.498,1.473,1,502.5,147.3,True,1DTE (expiry Fri 09-06)
2024-09-12,C,MSFT240913C00422500,422.5,REAL,9:50–9:55 AM,2.178,10:37–10:46 AM,2.0533,-0.1247,1,217.8,-12.47,False,1DTE (expiry Fri 09-13)
2024-09-19,C,MSFT240920C00440000,440.0,REAL,9:50–9:55 AM,1.706,10:37–10:46 AM,2.1133,0.4073,1,170.6,40.73,True,1DTE (expiry Fri 09-20)
2024-09-26,C,MSFT240927C00432500,432.5,REAL,9:50–9:55 AM,2.46,10:37–10:46 AM,1.6878,-0.7722,1,246.0,-77.22,False,1DTE (expiry Fri 09-27)
2024-10-03,C,MSFT241004C00417500,417.5,REAL,9:50–9:55 AM,2.956,10:37–10:46 AM,2.6556,-0.3004,1,295.6,-30.04,False,1DTE (expiry Fri 10-04)
2024-10-10,C,MSFT241011C00412500,412.5,REAL,9:50–9:55 AM,4.185,10:37–10:46 AM,3.8583,-0.3267,1,418.5,-32.67,False,1DTE (expiry Fri 10-11)
2024-10-17,C,MSFT241018C00420000,420.0,REAL,9:50–9:55 AM,1.956,10:37–10:46 AM,1.1556,-0.8004,1,195.6,-80.04,False,1DTE (expiry Fri 10-18)
2024-10-24,C,MSFT241025C00425000,425.0,REAL,9:50–9:55 AM,2.114,10:37–10:46 AM,2.4389,0.3249,1,211.4,32.49,True,1DTE (expiry Fri 10-25)
2024-10-31,C,MSFT241101C00412500,412.5,REAL,9:50–9:55 AM,2.724,10:37–10:46 AM,1.7611,-0.9629,1,272.4,-96.29,False,1DTE (expiry Fri 11-01)
2024-11-07,C,MSFT241108C00420000,420.0,REAL,9:50–9:55 AM,3.11,10:37–10:46 AM,4.2589,1.1489,1,311.0,114.89,True,1DTE (expiry Fri 11-08)
2024-11-14,C,MSFT241115C00427500,427.5,REAL,9:50–9:55 AM,1.856,10:37–10:46 AM,1.7633,-0.0927,1,185.6,-9.27,False,1DTE (expiry Fri 11-15)
2024-11-21,C,MSFT241122C00417500,417.5,REAL,9:50–9:55 AM,1.902,10:37–10:46 AM,0.6313,-1.2707,1,190.2,-127.07,False,1DTE (expiry Fri 11-22)
2024-11-28,C,,0.0,MISS,9:50–9:55 AM,,10:37–10:46 AM,,,,,,,missing data (entry-day market holiday)
2024-12-05,C,MSFT241206C00440000,440.0,REAL,9:50–9:55 AM,1.094,10:37–10:46 AM,1.4989,0.4049,1,109.4,40.49,True,1DTE (expiry Fri 12-06)
2024-12-12,C,MSFT241213C00450000,450.0,REAL,9:50–9:55 AM,3.148,10:37–10:46 AM,4.6878,1.5398,1,314.8,153.98,True,1DTE (expiry Fri 12-13)
2024-12-19,C,MSFT241220C00442500,442.5,REAL,9:50–9:55 AM,1.864,10:37–10:46 AM,2.4422,0.5782,1,186.4,57.82,True,1DTE (expiry Fri 12-20)
2024-12-26,C,MSFT241227C00440000,440.0,REAL,9:50–9:55 AM,1.168,10:37–10:46 AM,1.12,-0.048,1,116.8,-4.8,False,1DTE (expiry Fri 12-27)
2025-01-02,C,MSFT250103C00425000,425.0,REAL,9:50–9:55 AM,2.34,10:37–10:46 AM,1.1467,-1.1933,1,234.0,-119.33,False,1DTE (expiry Fri 01-03)
2025-01-09,C,,0.0,MISS,9:50–9:55 AM,,10:37–10:46 AM,,,,,,,missing data (no entry-day stock bars)
2025-01-16,C,MSFT250117C00427500,427.5,REAL,9:50–9:55 AM,1.868,10:37–10:46 AM,2.0914,0.2234,1,186.8,22.34,True,1DTE (expiry Fri 01-17)
2025-01-23,C,MSFT250124C00442500,442.5,REAL,9:50–9:55 AM,2.972,10:37–10:46 AM,2.7975,-0.1745,1,297.2,-17.45,False,1DTE (expiry Fri 01-24)
2025-01-30,C,MSFT250131C00417500,417.5,REAL,9:50–9:55 AM,5.986,10:37–10:46 AM,2.7644,-3.2216,1,598.6,-322.16,False,1DTE (expiry Fri 01-31)
2025-02-06,C,MSFT250207C00415000,415.0,REAL,9:50–9:55 AM,4.098,10:37–10:46 AM,3.8156,-0.2824,1,409.8,-28.24,False,1DTE (expiry Fri 02-07)
2025-02-13,C,MSFT250214C00407500,407.5,REAL,9:50–9:55 AM,2.374,10:37–10:46 AM,3.8067,1.4327,1,237.4,143.27,True,1DTE (expiry Fri 02-14)
2025-02-20,C,MSFT250221C00415000,415.0,REAL,9:50–9:55 AM,3.478,10:37–10:46 AM,3.3367,-0.1413,1,347.8,-14.13,False,1DTE (expiry Fri 02-21)
2025-02-27,C,MSFT250228C00402500,402.5,REAL,9:50–9:55 AM,2.818,10:37–10:46 AM,1.73,-1.088,1,281.8,-108.8,False,1DTE (expiry Fri 02-28)
2025-03-06,C,MSFT250307C00395000,395.0,REAL,9:50–9:55 AM,5.488,10:37–10:46 AM,7.9733,2.4853,1,548.8,248.53,True,1DTE (expiry Fri 03-07)
2025-03-13,C,MSFT250314C00382500,382.5,REAL,9:50–9:55 AM,2.994,10:37–10:46 AM,2.8225,-0.1715,1,299.4,-17.15,False,1DTE (expiry Fri 03-14)
2025-03-20,C,MSFT250321C00385000,385.0,REAL,9:50–9:55 AM,3.754,10:37–10:46 AM,6.975,3.221,1,375.4,322.1,True,1DTE (expiry Fri 03-21)
2025-03-27,C,MSFT250328C00390000,390.0,REAL,9:50–9:55 AM,1.948,10:37–10:46 AM,2.685,0.737,1,194.8,73.7,True,1DTE (expiry Fri 03-28)
2025-04-03,C,MSFT250404C00375000,375.0,REAL,9:50–9:55 AM,3.206,10:37–10:46 AM,2.8089,-0.3971,1,320.6,-39.71,False,1DTE (expiry Fri 04-04)
2025-04-10,C,MSFT250411C00380000,380.0,REAL,9:50–9:55 AM,6.55,10:37–10:46 AM,4.3656,-2.1844,1,655.0,-218.44,False,1DTE (expiry Fri 04-11)
2025-04-17,C,MSFT250417C00372500,372.5,REAL,9:50–9:55 AM,2.048,10:37–10:46 AM,0.5678,-1.4802,1,204.8,-148.02,False,1DTE (same-day expiry)
2025-04-24,C,MSFT250425C00375000,375.0,REAL,9:50–9:55 AM,6.6575,10:37–10:46 AM,9.81,3.1525,1,665.75,315.25,True,1DTE (expiry Fri 04-25)
2025-05-01,C,MSFT250502C00435000,435.0,REAL,9:50–9:55 AM,3.614,10:37–10:46 AM,2.5856,-1.0284,1,361.4,-102.84,False,1DTE (expiry Fri 05-02)
2025-05-08,C,MSFT250509C00440000,440.0,REAL,9:50–9:55 AM,1.918,10:37–10:46 AM,1.7633,-0.1547,1,191.8,-15.47,False,1DTE (expiry Fri 05-09)
2025-05-15,C,MSFT250516C00450000,450.0,REAL,9:50–9:55 AM,4.18,10:37–10:46 AM,4.65,0.47,1,418.0,47.0,True,1DTE (expiry Fri 05-16)
2025-05-22,C,MSFT250523C00455000,455.0,REAL,9:50–9:55 AM,4.072,10:37–10:46 AM,4.6271,0.5551,1,407.2,55.51,True,1DTE (expiry Fri 05-23)
2025-05-29,C,MSFT250530C00460000,460.0,REAL,9:50–9:55 AM,2.35,10:37–10:46 AM,2.1122,-0.2378,1,235.0,-23.78,False,1DTE (expiry Fri 05-30)
2025-06-05,C,MSFT250606C00467500,467.5,REAL,9:50–9:55 AM,1.534,10:37–10:46 AM,2.0756,0.5416,1,153.4,54.16,True,1DTE (expiry Fri 06-06)
2025-06-12,C,MSFT250613C00475000,475.0,REAL,9:50–9:55 AM,2.202,10:37–10:46 AM,2.8167,0.6147,1,220.2,61.47,True,1DTE (expiry Fri 06-13)
2025-06-19,C,,0.0,MISS,9:50–9:55 AM,,10:37–10:46 AM,,,,,,,missing data (entry-day market holiday)
2025-06-26,C,MSFT250627C00495000,495.0,REAL,9:50–9:55 AM,1.958,10:37–10:46 AM,1.9622,0.0042,1,195.8,0.42,True,1DTE (expiry Fri 06-27)
2025-07-03,C,MSFT250703C00495000,495.0,REAL,9:50–9:55 AM,1.342,10:37–10:46 AM,3.1778,1.8358,1,134.2,183.58,True,1DTE (same-day expiry)
2025-07-10,C,MSFT250711C00505000,505.0,REAL,9:50–9:55 AM,0.752,10:37–10:46 AM,0.37,-0.382,2,150.4,-76.4,False,1DTE (expiry Fri 07-11)
2025-07-17,C,MSFT250718C00505000,505.0,REAL,9:50–9:55 AM,5.47,10:37–10:46 AM,6.5714,1.1014,1,547.0,110.14,True,1DTE (expiry Fri 07-18)
2025-07-24,C,MSFT250725C00510000,510.0,REAL,9:50–9:55 AM,1.692,10:37–10:46 AM,1.88,0.188,1,169.2,18.8,True,1DTE (expiry Fri 07-25)
2025-07-31,C,MSFT250801C00545000,545.0,REAL,9:50–9:55 AM,2.93,10:37–10:46 AM,1.4822,-1.4478,1,293.0,-144.78,False,1DTE (expiry Fri 08-01)
2025-08-07,C,MSFT250808C00530000,530.0,REAL,9:50–9:55 AM,0.936,10:37–10:46 AM,1.1556,0.2196,2,187.2,43.91,True,1DTE (expiry Fri 08-08)
2025-08-14,C,MSFT250815C00520000,520.0,REAL,9:50–9:55 AM,5.198,10:37–10:46 AM,5.6729,0.4749,1,519.8,47.49,True,1DTE (expiry Fri 08-15)
2025-08-21,C,MSFT250822C00505000,505.0,REAL,9:50–9:55 AM,2.918,10:37–10:46 AM,4.0275,1.1095,1,291.8,110.95,True,1DTE (expiry Fri 08-22)
2025-08-28,C,MSFT250829C00510000,510.0,REAL,9:50–9:55 AM,1.176,10:37–10:46 AM,1.1656,-0.0104,1,117.6,-1.04,False,1DTE (expiry Fri 08-29)
2025-09-04,C,MSFT250905C00505000,505.0,REAL,9:50–9:55 AM,2.55,10:37–10:46 AM,4.0656,1.5156,1,255.0,151.56,True,1DTE (expiry Fri 09-05)
2025-09-11,C,MSFT250912C00500000,500.0,REAL,9:50–9:55 AM,2.856,10:37–10:46 AM,4.5388,1.6827,1,285.6,168.28,True,1DTE (expiry Fri 09-12)
2025-09-18,C,MSFT250919C00510000,510.0,REAL,9:50–9:55 AM,3.502,10:37–10:46 AM,4.4578,0.9558,1,350.2,95.58,True,1DTE (expiry Fri 09-19)
2025-09-25,C,MSFT250926C00510000,510.0,REAL,9:50–9:55 AM,2.14,10:37–10:46 AM,2.5778,0.4378,1,214.0,43.78,True,1DTE (expiry Fri 09-26)
2025-10-02,C,MSFT251003C00515000,515.0,REAL,9:50–9:55 AM,4.562,10:37–10:46 AM,5.3243,0.7623,1,456.2,76.23,True,1DTE (expiry Fri 10-03)
2025-10-09,C,MSFT251010C00525000,525.0,REAL,9:50–9:55 AM,1.456,10:37–10:46 AM,1.72,0.264,1,145.6,26.4,True,1DTE (expiry Fri 10-10)
2025-10-16,C,MSFT251017C00515000,515.0,REAL,9:50–9:55 AM,2.972,10:37–10:46 AM,3.8078,0.8358,1,297.2,83.58,True,1DTE (expiry Fri 10-17)
2025-10-23,C,MSFT251024C00520000,520.0,REAL,9:50–9:55 AM,4.412,10:37–10:46 AM,4.0729,-0.3391,1,441.2,-33.91,False,1DTE (expiry Fri 10-24)
2025-10-30,C,MSFT251031C00530000,530.0,REAL,9:50–9:55 AM,5.002,10:37–10:46 AM,4.5633,-0.4387,1,500.2,-43.87,False,1DTE (expiry Fri 10-31)
2025-11-06,C,MSFT251107C00505000,505.0,REAL,9:50–9:55 AM,1.77,10:37–10:46 AM,1.1044,-0.6656,1,177.0,-66.56,False,1DTE (expiry Fri 11-07)
2025-11-13,C,MSFT251114C00510000,510.0,REAL,9:50–9:55 AM,2.768,10:37–10:46 AM,4.1537,1.3857,1,276.8,138.57,True,1DTE (expiry Fri 11-14)
2025-11-20,C,MSFT251121C00492500,492.5,REAL,9:50–9:55 AM,3.082,10:37–10:46 AM,3.75,0.668,1,308.2,66.8,True,1DTE (expiry Fri 11-21)
2025-11-27,C,,0.0,MISS,9:50–9:55 AM,,10:37–10:46 AM,,,,,,,missing data (entry-day market holiday)
2025-12-04,C,MSFT251205C00480000,480.0,REAL,9:50–9:55 AM,2.236,10:37–10:46 AM,2.4889,0.2529,1,223.6,25.29,True,1DTE (expiry Fri 12-05)
2025-12-11,C,MSFT251212C00477500,477.5,REAL,9:50–9:55 AM,3.984,10:37–10:46 AM,4.974,0.99,1,398.4,99.0,True,1DTE (expiry Fri 12-12)
2025-12-18,C,MSFT251219C00480000,480.0,REAL,9:50–9:55 AM,4.464,10:37–10:46 AM,7.33,2.866,1,446.4,286.6,True,1DTE (expiry Fri 12-19)
2025-12-25,C,,0.0,MISS,9:50–9:55 AM,,10:37–10:46 AM,,,,,,,missing data (entry-day market holiday)
2026-01-01,C,,0.0,MISS,9:50–9:55 AM,,10:37–10:46 AM,,,,,,,missing data (entry-day market holiday)
2026-01-08,C,MSFT260109C00482500,482.5,REAL,9:50–9:55 AM,1.3875,10:37–10:46 AM,1.14,-0.2475,1,138.75,-24.75,False,1DTE (expiry Fri 01-09)
2026-01-15,C,MSFT260116C00460000,460.0,REAL,9:50–9:55 AM,2.53,10:37–10:46 AM,2.8344,0.3044,1,253.0,30.44,True,1DTE (expiry Fri 01-16)
2026-01-22,C,MSFT260123C00447500,447.5,REAL,9:50–9:55 AM,2.556,10:37–10:46 AM,2.56,0.004,1,255.6,0.4,True,1DTE (expiry Fri 01-23)
2026-01-29,C,MSFT260130C00437500,437.5,REAL,9:50–9:55 AM,2.646,10:37–10:46 AM,1.38,-1.266,1,264.6,-126.6,False,1DTE (expiry Fri 01-30)
2026-02-05,C,MSFT260206C00405000,405.0,REAL,9:50–9:55 AM,3.712,10:37–10:46 AM,3.1767,-0.5353,1,371.2,-53.53,False,1DTE (expiry Fri 02-06)
2026-02-12,C,MSFT260213C00405000,405.0,REAL,9:50–9:55 AM,2.46,10:37–10:46 AM,1.9322,-0.5278,1,246.0,-52.78,False,1DTE (expiry Fri 02-13)
2026-02-19,C,MSFT260220C00400000,400.0,REAL,9:50–9:55 AM,4.312,10:37–10:46 AM,3.8389,-0.4731,1,431.2,-47.31,False,1DTE (expiry Fri 02-20)
2026-02-26,C,MSFT260227C00405000,405.0,REAL,9:50–9:55 AM,3.512,10:37–10:46 AM,1.9644,-1.5476,1,351.2,-154.76,False,1DTE (expiry Fri 02-27)
2026-03-05,C,MSFT260306C00407500,407.5,REAL,9:50–9:55 AM,5.182,10:37–10:46 AM,3.6956,-1.4864,1,518.2,-148.64,False,1DTE (expiry Fri 03-06)
2026-03-12,C,MSFT260313C00405000,405.0,REAL,9:50–9:55 AM,2.516,10:37–10:46 AM,2.6156,0.0996,1,251.6,9.96,True,1DTE (expiry Fri 03-13)
2026-03-19,C,MSFT260320C00390000,390.0,REAL,9:50–9:55 AM,3.758,10:37–10:46 AM,2.8756,-0.8824,1,375.8,-88.24,False,1DTE (expiry Fri 03-20)
2026-03-26,C,MSFT260327C00370000,370.0,REAL,9:50–9:55 AM,4.876,10:37–10:46 AM,3.5863,-1.2897,1,487.6,-128.97,False,1DTE (expiry Fri 03-27)
2026-04-02,C,MSFT260402C00365000,365.0,REAL,9:50–9:55 AM,1.982,10:37–10:46 AM,5.3467,3.3647,1,198.2,336.47,True,1DTE (same-day expiry)
2026-04-09,C,MSFT260410C00372500,372.5,REAL,9:50–9:55 AM,1.32,10:37–10:46 AM,0.9656,-0.3544,1,132.0,-35.44,False,1DTE (expiry Fri 04-10)
2026-04-16,C,MSFT260417C00417500,417.5,REAL,9:50–9:55 AM,2.236,10:37–10:46 AM,2.38,0.144,1,223.6,14.4,True,1DTE (expiry Fri 04-17)
2026-04-23,C,MSFT260424C00422500,422.5,REAL,9:50–9:55 AM,2.438,10:37–10:46 AM,2.5,0.062,1,243.8,6.2,True,1DTE (expiry Fri 04-24)
2026-04-30,C,MSFT260501C00412500,412.5,REAL,9:50–9:55 AM,2.652,10:37–10:46 AM,1.5011,-1.1509,1,265.2,-115.09,False,1DTE (expiry Fri 05-01)
2026-05-07,C,MSFT260508C00422500,422.5,REAL,9:50–9:55 AM,4.89,10:37–10:46 AM,4.1388,-0.7512,1,489.0,-75.12,False,1DTE (expiry Fri 05-08)
2026-05-14,C,MSFT260515C00405000,405.0,REAL,9:50–9:55 AM,2.784,10:37–10:46 AM,5.13,2.346,1,278.4,234.6,True,1DTE (expiry Fri 05-15)
2026-05-21,C,MSFT260522C00425000,425.0,REAL,9:50–9:55 AM,1.844,10:37–10:46 AM,0.9978,-0.8462,1,184.4,-84.62,False,1DTE (expiry Fri 05-22)
2026-05-28,C,MSFT260529C00415000,415.0,REAL,9:50–9:55 AM,8.89,10:37–10:46 AM,10.2363,1.3463,1,889.0,134.63,True,1DTE (expiry Fri 05-29)
2026-06-04,C,MSFT260605C00432500,432.5,REAL,9:50–9:55 AM,3.386,10:37–10:46 AM,3.0789,-0.3071,1,338.6,-30.71,False,1DTE (expiry Fri 06-05)
2026-06-11,C,MSFT260612C00395000,395.0,REAL,9:50–9:55 AM,2.834,10:37–10:46 AM,2.0322,-0.8018,1,283.4,-80.18,False,1DTE (expiry Fri 06-12)
2026-06-18,C,MSFT260618C00380000,380.0,REAL,9:50–9:55 AM,0.63,10:37–10:46 AM,0.8144,0.1844,2,126.0,36.89,True,1DTE (same-day expiry)
2026-06-25,C,MSFT260626C00362500,362.5,REAL,9:50–9:55 AM,2.09,10:37–10:46 AM,1.8367,-0.2533,1,209.0,-25.33,False,1DTE (expiry Fri 06-26)
2026-07-02,C,MSFT260702C00385000,385.0,REAL,9:50–9:55 AM,2.83,10:37–10:46 AM,4.7856,1.9556,1,283.0,195.56,True,1DTE (same-day expiry)
2026-07-09,C,MSFT260710C00375000,375.0,REAL,9:50–9:55 AM,5.2575,10:37–10:46 AM,4.6278,-0.6297,1,525.75,-62.97,False,1DTE (expiry Fri 07-10)

SUMMARY — optimal frames
opt_type,optimal_entry_frame,optimal_exit_frame,trades,wins,win_rate,total_pnl_dollars,avg_pnl_dollars,best_day,worst_day,skipped_no_data,premium_spent,return_on_spend
CALL,9:50–9:55 AM,10:37–10:46 AM,98,49,0.5000,1256.1,12.82,336.47,-322.16,6,30164.05,0.0416

TOP 15 FRAME PAIRS (by win_rate × avg payoff)
rank,entry_frame,exit_frame,trades,wins,win_rate,avg_pnl_dollars,total_pnl_dollars
1,9:50–9:55 AM,10:40–10:45 AM,98,48,0.4898,12.76,1250.48
2,9:50–9:55 AM,10:05–10:10 AM,98,55,0.5612,10.79,1057.02
3,9:50–9:55 AM,10:00–10:10 AM,98,56,0.5714,10.57,1036.17
4,9:50–9:55 AM,10:40–10:50 AM,98,48,0.4898,12.08,1183.67
5,9:50–9:55 AM,10:00–10:05 AM,98,53,0.5408,10.52,1030.6
6,9:50–9:55 AM,10:35–10:45 AM,98,49,0.5000,11.35,1112.6
7,9:50–9:55 AM,10:45–10:50 AM,98,47,0.4796,11.77,1153.33
8,9:50–9:55 AM,10:35–10:50 AM,98,48,0.4898,11.34,1111.64
9,9:50–10:00 AM,10:40–10:45 AM,98,48,0.4898,10.93,1070.99
10,9:50–9:55 AM,10:35–10:55 AM,98,49,0.5000,10.31,1010.55
11,9:50–9:55 AM,10:40–10:55 AM,98,48,0.4898,10.44,1022.65
12,1:00–1:05 PM,1:30–1:35 PM,95,54,0.5684,8.87,842.92
13,9:50–9:55 AM,10:00–10:15 AM,98,55,0.5612,8.78,860.87
14,9:50–10:00 AM,10:40–10:50 AM,98,47,0.4796,10.25,1004.18
15,9:40–9:45 AM,10:40–10:45 AM,98,44,0.4490,10.73,1051.48
