"# Backtest method: Friday intraday — MAX EXPECTED PROFIT, target-spend sized (win_rate × avg_payoff)  (PUTs)"
"# Friday entry → Friday expiry, lookback 730d, tickers AAPL, MSFT, GOOGL, AMZN, NVDA, TSLA, AMD, ORCL."
# Lookback = 730 calendar days
# Session window = 9:30AM–4:00PM ET (full regular session)
# Generated 2026-07-14 14:44:52  |  data source: Alpaca Markets API
# P&L $ assumes 1 contract = 100 shares
# Optimal entry frame = 10:18–10:23 AM  |  Optimal exit frame = 3:35–3:40 PM

DETAIL — one row per session (ATM put at the optimal frames)
date,opt_type,contract_symbol,strike,source,entry_frame,entry_price,exit_frame,exit_price,payoff_per_share,contracts,cost_dollars,pnl_dollars,profitable,note
2024-07-19,P,AMD240719P00155000,155.0,REAL,10:18–10:23 AM,2.094,3:35–3:40 PM,3.146,1.052,1,209.4,105.2,True,0DTE (same-day expiry)
2024-07-26,P,AMD240726P00140000,140.0,REAL,10:18–10:23 AM,1.524,3:35–3:40 PM,0.51,-1.014,1,152.4,-101.4,False,0DTE (same-day expiry)
2024-08-02,P,AMD240802P00135000,135.0,REAL,10:18–10:23 AM,2.538,3:35–3:40 PM,2.582,0.044,1,253.8,4.4,True,0DTE (same-day expiry)
2024-08-09,P,AMD240809P00135000,135.0,REAL,10:18–10:23 AM,1.638,3:35–3:40 PM,0.194,-1.444,1,163.8,-144.4,False,0DTE (same-day expiry)
2024-08-16,P,AMD240816P00145000,145.0,REAL,10:18–10:23 AM,0.1,3:35–3:40 PM,0.01,-0.09,10,100.0,-90.0,False,0DTE (same-day expiry)
2024-08-23,P,AMD240823P00155000,155.0,REAL,10:18–10:23 AM,1.094,3:35–3:40 PM,1.382,0.288,1,109.4,28.8,True,0DTE (same-day expiry)
2024-08-30,P,AMD240830P00150000,150.0,REAL,10:18–10:23 AM,3.0625,3:35–3:40 PM,2.67,-0.3925,1,306.25,-39.25,False,0DTE (same-day expiry)
2024-09-06,P,AMD240906P00140000,140.0,REAL,10:18–10:23 AM,3.938,3:35–3:40 PM,5.775,1.837,1,393.8,183.7,True,0DTE (same-day expiry)
2024-09-13,P,AMD240913P00155000,155.0,REAL,10:18–10:23 AM,3.062,3:35–3:40 PM,2.53,-0.532,1,306.2,-53.2,False,0DTE (same-day expiry)
2024-09-20,P,AMD240920P00155000,155.0,REAL,10:18–10:23 AM,1.088,3:35–3:40 PM,0.21,-0.878,1,108.8,-87.8,False,0DTE (same-day expiry)
2024-09-27,P,AMD240927P00165000,165.0,REAL,10:18–10:23 AM,0.388,3:35–3:40 PM,0.7575,0.3695,3,116.4,110.85,True,0DTE (same-day expiry)
2024-10-04,P,AMD241004P00165000,165.0,REAL,10:18–10:23 AM,,3:35–3:40 PM,,,,,,,no usable price in entry/exit frame
2024-10-11,P,AMD241011P00165000,165.0,REAL,10:18–10:23 AM,1.282,3:35–3:40 PM,0.01,-1.272,1,128.2,-127.2,False,0DTE (same-day expiry)
2024-10-18,P,AMD241018P00155000,155.0,REAL,10:18–10:23 AM,0.342,3:35–3:40 PM,0.018,-0.324,3,102.6,-97.2,False,0DTE (same-day expiry)
2024-10-25,P,AMD241025P00155000,155.0,REAL,10:18–10:23 AM,0.108,3:35–3:40 PM,0.0175,-0.0905,10,108.0,-90.5,False,0DTE (same-day expiry)
2024-11-01,P,AMD241101P00145000,145.0,REAL,10:18–10:23 AM,2.184,3:35–3:40 PM,2.896,0.712,1,218.4,71.2,True,0DTE (same-day expiry)
2024-11-08,P,AMD241108P00150000,150.0,REAL,10:18–10:23 AM,0.956,3:35–3:40 PM,1.8267,0.8707,2,191.2,174.13,True,0DTE (same-day expiry)
2024-11-15,P,AMD241115P00135000,135.0,REAL,10:18–10:23 AM,0.432,3:35–3:40 PM,0.678,0.246,3,129.6,73.8,True,0DTE (same-day expiry)
2024-11-22,P,AMD241122P00140000,140.0,REAL,10:18–10:23 AM,2.47,3:35–3:40 PM,2.0075,-0.4625,1,247.0,-46.25,False,0DTE (same-day expiry)
2024-11-29,P,AMD241129P00135000,135.0,REAL,10:18–10:23 AM,,3:35–3:40 PM,,,,,,,no usable price in entry/exit frame
2024-12-06,P,AMD241206P00140000,140.0,REAL,10:18–10:23 AM,0.058,3:35–3:40 PM,2.392,2.334,18,104.4,4201.2,True,0DTE (same-day expiry)
2024-12-13,P,AMD241213P00130000,130.0,REAL,10:18–10:23 AM,2.144,3:35–3:40 PM,3.63,1.486,1,214.4,148.6,True,0DTE (same-day expiry)
2024-12-20,P,AMD241220P00120000,120.0,REAL,10:18–10:23 AM,1.196,3:35–3:40 PM,0.752,-0.444,1,119.6,-44.4,False,0DTE (same-day expiry)
2024-12-27,P,AMD241227P00125000,125.0,REAL,10:18–10:23 AM,2.598,3:35–3:40 PM,0.1,-2.498,1,259.8,-249.8,False,0DTE (same-day expiry)
2025-01-03,P,AMD250103P00120000,120.0,REAL,10:18–10:23 AM,0.164,3:35–3:40 PM,0.01,-0.154,7,114.8,-107.8,False,0DTE (same-day expiry)
2025-01-10,P,AMD250110P00120000,120.0,REAL,10:18–10:23 AM,5.042,3:35–3:40 PM,4.306,-0.736,1,504.2,-73.6,False,0DTE (same-day expiry)
2025-01-17,P,AMD250117P00120000,120.0,REAL,10:18–10:23 AM,0.202,3:35–3:40 PM,0.01,-0.192,5,101.0,-96.0,False,0DTE (same-day expiry)
2025-01-24,P,AMD250124P00125000,125.0,REAL,10:18–10:23 AM,1.8133,3:35–3:40 PM,2.63,0.8167,1,181.33,81.67,True,0DTE (same-day expiry)
2025-01-31,P,AMD250131P00120000,120.0,REAL,10:18–10:23 AM,1.402,3:35–3:40 PM,4.5,3.098,1,140.2,309.8,True,0DTE (same-day expiry)
2025-02-07,P,AMD250207P00110000,110.0,REAL,10:18–10:23 AM,2.594,3:35–3:40 PM,2.714,0.12,1,259.4,12.0,True,0DTE (same-day expiry)
2025-02-14,P,AMD250214P00115000,115.0,REAL,10:18–10:23 AM,1.7475,3:35–3:40 PM,1.92,0.1725,1,174.75,17.25,True,0DTE (same-day expiry)
2025-02-21,P,AMD250221P00115000,115.0,REAL,10:18–10:23 AM,0.544,3:35–3:40 PM,3.72,3.176,2,108.8,635.2,True,0DTE (same-day expiry)
2025-02-28,P,AMD250228P00100000,100.0,REAL,10:18–10:23 AM,0.39,3:35–3:40 PM,0.496,0.106,3,117.0,31.8,True,0DTE (same-day expiry)
2025-03-07,P,AMD250307P00100000,100.0,REAL,10:18–10:23 AM,1.416,3:35–3:40 PM,0.374,-1.042,1,141.6,-104.2,False,0DTE (same-day expiry)
2025-03-14,P,AMD250314P00100000,100.0,REAL,10:18–10:23 AM,0.708,3:35–3:40 PM,0.0167,-0.6913,2,141.6,-138.27,False,0DTE (same-day expiry)
2025-03-21,P,AMD250321P00105000,105.0,REAL,10:18–10:23 AM,0.526,3:35–3:40 PM,0.01,-0.516,2,105.2,-103.2,False,0DTE (same-day expiry)
2025-03-28,P,AMD250328P00105000,105.0,REAL,10:18–10:23 AM,1.386,3:35–3:40 PM,2.142,0.756,1,138.6,75.6,True,0DTE (same-day expiry)
2025-04-04,P,AMD250404P00090000,90.0,REAL,10:18–10:23 AM,3.5775,3:35–3:40 PM,2.266,-1.3115,1,357.75,-131.15,False,0DTE (same-day expiry)
2025-04-11,P,AMD250411P00090000,90.0,REAL,10:18–10:23 AM,0.806,3:35–3:40 PM,0.01,-0.796,2,161.2,-159.2,False,0DTE (same-day expiry)
2025-04-18,P,,0.0,MISS,10:18–10:23 AM,,3:35–3:40 PM,,,,,,,missing data (entry-day market holiday)
2025-04-25,P,AMD250425P00095000,95.0,REAL,10:18–10:23 AM,1.022,3:35–3:40 PM,0.0267,-0.9953,1,102.2,-99.53,False,0DTE (same-day expiry)
2025-05-02,P,AMD250502P00100000,100.0,REAL,10:18–10:23 AM,1.188,3:35–3:40 PM,1.2633,0.0753,1,118.8,7.53,True,0DTE (same-day expiry)
2025-05-09,P,AMD250509P00105000,105.0,REAL,10:18–10:23 AM,2.694,3:35–3:40 PM,2.16,-0.534,1,269.4,-53.4,False,0DTE (same-day expiry)
2025-05-16,P,AMD250516P00120000,120.0,REAL,10:18–10:23 AM,,3:35–3:40 PM,,,,,,,no usable price in entry/exit frame
2025-05-23,P,AMD250523P00110000,110.0,REAL,10:18–10:23 AM,1.644,3:35–3:40 PM,0.022,-1.622,1,164.4,-162.2,False,0DTE (same-day expiry)
2025-05-30,P,AMD250530P00110000,110.0,REAL,10:18–10:23 AM,0.25,3:35–3:40 PM,0.035,-0.215,4,100.0,-86.0,False,0DTE (same-day expiry)
2025-06-06,P,AMD250606P00120000,120.0,REAL,10:18–10:23 AM,2.29,3:35–3:40 PM,3.65,1.36,1,229.0,136.0,True,0DTE (same-day expiry)
2025-06-13,P,AMD250613P00115000,115.0,REAL,10:18–10:23 AM,0.36,3:35–3:40 PM,0.022,-0.338,3,108.0,-101.4,False,0DTE (same-day expiry)
2025-06-20,P,AMD250620P00130000,130.0,REAL,10:18–10:23 AM,0.502,3:35–3:40 PM,1.805,1.303,2,100.4,260.6,True,0DTE (same-day expiry)
2025-06-27,P,AMD250627P00145000,145.0,REAL,10:18–10:23 AM,0.346,3:35–3:40 PM,1.87,1.524,3,103.8,457.2,True,0DTE (same-day expiry)
2025-07-04,P,,0.0,MISS,10:18–10:23 AM,,3:35–3:40 PM,,,,,,,missing data (entry-day market holiday)
2025-07-11,P,AMD250711P00140000,140.0,REAL,10:18–10:23 AM,,3:35–3:40 PM,,,,,,,no usable price in entry/exit frame
2025-07-18,P,AMD250718P00160000,160.0,REAL,10:18–10:23 AM,1.892,3:35–3:40 PM,2.76,0.868,1,189.2,86.8,True,0DTE (same-day expiry)
2025-07-25,P,AMD250725P00165000,165.0,REAL,10:18–10:23 AM,0.598,3:35–3:40 PM,0.01,-0.588,2,119.6,-117.6,False,0DTE (same-day expiry)
2025-08-01,P,AMD250801P00170000,170.0,REAL,10:18–10:23 AM,1.092,3:35–3:40 PM,0.024,-1.068,1,109.2,-106.8,False,0DTE (same-day expiry)
2025-08-08,P,AMD250808P00175000,175.0,REAL,10:18–10:23 AM,1.826,3:35–3:40 PM,3.292,1.466,1,182.6,146.6,True,0DTE (same-day expiry)
2025-08-15,P,AMD250815P00180000,180.0,REAL,10:18–10:23 AM,2.216,3:35–3:40 PM,2.128,-0.088,1,221.6,-8.8,False,0DTE (same-day expiry)
2025-08-22,P,AMD250822P00160000,160.0,REAL,10:18–10:23 AM,,3:35–3:40 PM,,,,,,,no usable price in entry/exit frame
2025-08-29,P,AMD250829P00170000,170.0,REAL,10:18–10:23 AM,6.9333,3:35–3:40 PM,7.1775,0.2442,1,693.33,24.42,True,0DTE (same-day expiry)
2025-09-05,P,AMD250905P00155000,155.0,REAL,10:18–10:23 AM,3.534,3:35–3:40 PM,3.036,-0.498,1,353.4,-49.8,False,0DTE (same-day expiry)
2025-09-12,P,AMD250912P00155000,155.0,REAL,10:18–10:23 AM,0.502,3:35–3:40 PM,0.01,-0.492,2,100.4,-98.4,False,0DTE (same-day expiry)
2025-09-19,P,AMD250919P00155000,155.0,REAL,10:18–10:23 AM,0.124,3:35–3:40 PM,0.03,-0.094,9,111.6,-84.6,False,0DTE (same-day expiry)
2025-09-26,P,AMD250926P00160000,160.0,REAL,10:18–10:23 AM,1.194,3:35–3:40 PM,1.102,-0.092,1,119.4,-9.2,False,0DTE (same-day expiry)
2025-10-03,P,AMD251003P00170000,170.0,REAL,10:18–10:23 AM,1.798,3:35–3:40 PM,5.1633,3.3653,1,179.8,336.53,True,0DTE (same-day expiry)
2025-10-10,P,AMD251010P00232500,232.5,REAL,10:18–10:23 AM,4.5825,3:35–3:40 PM,17.0,12.4175,1,458.25,1241.75,True,0DTE (same-day expiry)
2025-10-17,P,AMD251017P00232500,232.5,REAL,10:18–10:23 AM,1.552,3:35–3:40 PM,0.102,-1.45,1,155.2,-145.0,False,0DTE (same-day expiry)
2025-10-24,P,AMD251024P00242500,242.5,REAL,10:18–10:23 AM,,3:35–3:40 PM,,,,,,,no usable price in entry/exit frame
2025-10-31,P,AMD251031P00260000,260.0,REAL,10:18–10:23 AM,1.506,3:35–3:40 PM,2.415,0.909,1,150.6,90.9,True,0DTE (same-day expiry)
2025-11-07,P,AMD251107P00232500,232.5,REAL,10:18–10:23 AM,2.78,3:35–3:40 PM,1.65,-1.13,1,278.0,-113.0,False,0DTE (same-day expiry)
2025-11-14,P,AMD251114P00240000,240.0,REAL,10:18–10:23 AM,0.818,3:35–3:40 PM,0.01,-0.808,2,163.6,-161.6,False,0DTE (same-day expiry)
2025-11-21,P,AMD251121P00207500,207.5,REAL,10:18–10:23 AM,9.036,3:35–3:40 PM,2.084,-6.952,1,903.6,-695.2,False,0DTE (same-day expiry)
2025-11-28,P,AMD251128P00215000,215.0,REAL,10:18–10:23 AM,,3:35–3:40 PM,,,,,,,no usable price in entry/exit frame
2025-12-05,P,AMD251205P00220000,220.0,REAL,10:18–10:23 AM,0.704,3:35–3:40 PM,2.325,1.621,2,140.8,324.2,True,0DTE (same-day expiry)
2025-12-12,P,AMD251212P00220000,220.0,REAL,10:18–10:23 AM,3.842,3:35–3:40 PM,9.7,5.858,1,384.2,585.8,True,0DTE (same-day expiry)
2025-12-19,P,AMD251219P00205000,205.0,REAL,10:18–10:23 AM,,3:35–3:40 PM,,,,,,,no usable price in entry/exit frame
2025-12-26,P,AMD251226P00215000,215.0,REAL,10:18–10:23 AM,1.212,3:35–3:40 PM,0.23,-0.982,1,121.2,-98.2,False,0DTE (same-day expiry)
2026-01-02,P,AMD260102P00222500,222.5,REAL,10:18–10:23 AM,1.03,3:35–3:40 PM,0.018,-1.012,1,103.0,-101.2,False,0DTE (same-day expiry)
2026-01-09,P,AMD260109P00205000,205.0,REAL,10:18–10:23 AM,1.51,3:35–3:40 PM,1.272,-0.238,1,151.0,-23.8,False,0DTE (same-day expiry)
2026-01-16,P,AMD260116P00232500,232.5,REAL,10:18–10:23 AM,1.872,3:35–3:40 PM,0.592,-1.28,1,187.2,-128.0,False,0DTE (same-day expiry)
2026-01-23,P,AMD260123P00265000,265.0,REAL,10:18–10:23 AM,3.074,3:35–3:40 PM,6.995,3.921,1,307.4,392.1,True,0DTE (same-day expiry)
2026-01-30,P,AMD260130P00240000,240.0,REAL,10:18–10:23 AM,0.734,3:35–3:40 PM,4.764,4.03,2,146.8,806.0,True,0DTE (same-day expiry)
2026-02-06,P,AMD260206P00200000,200.0,REAL,10:18–10:23 AM,0.578,3:35–3:40 PM,0.01,-0.568,2,115.6,-113.6,False,0DTE (same-day expiry)
2026-02-13,P,AMD260213P00207500,207.5,REAL,10:18–10:23 AM,2.158,3:35–3:40 PM,0.886,-1.272,1,215.8,-127.2,False,0DTE (same-day expiry)
2026-02-20,P,AMD260220P00200000,200.0,REAL,10:18–10:23 AM,0.65,3:35–3:40 PM,0.418,-0.232,2,130.0,-46.4,False,0DTE (same-day expiry)
2026-02-27,P,AMD260227P00200000,200.0,REAL,10:18–10:23 AM,1.16,3:35–3:40 PM,0.766,-0.394,1,116.0,-39.4,False,0DTE (same-day expiry)
2026-03-06,P,AMD260306P00195000,195.0,REAL,10:18–10:23 AM,0.532,3:35–3:40 PM,3.428,2.896,2,106.4,579.2,True,0DTE (same-day expiry)
2026-03-13,P,AMD260313P00195000,195.0,REAL,10:18–10:23 AM,0.646,3:35–3:40 PM,2.204,1.558,2,129.2,311.6,True,0DTE (same-day expiry)
2026-03-20,P,AMD260320P00202500,202.5,REAL,10:18–10:23 AM,2.344,3:35–3:40 PM,3.72,1.376,1,234.4,137.6,True,0DTE (same-day expiry)
2026-03-27,P,AMD260327P00202500,202.5,REAL,10:18–10:23 AM,3.044,3:35–3:40 PM,1.144,-1.9,1,304.4,-190.0,False,0DTE (same-day expiry)
2026-04-03,P,,0.0,MISS,10:18–10:23 AM,,3:35–3:40 PM,,,,,,,missing data (entry-day market holiday)
2026-04-10,P,AMD260410P00242500,242.5,REAL,10:18–10:23 AM,0.642,3:35–3:40 PM,0.03,-0.612,2,128.4,-122.4,False,0DTE (same-day expiry)
2026-04-17,P,AMD260417P00275000,275.0,REAL,10:18–10:23 AM,0.862,3:35–3:40 PM,0.0133,-0.8487,2,172.4,-169.73,False,0DTE (same-day expiry)
2026-04-24,P,AMD260424P00335000,335.0,REAL,10:18–10:23 AM,,3:35–3:40 PM,,,,,,,no usable price in entry/exit frame
2026-05-01,P,AMD260501P00350000,350.0,REAL,10:18–10:23 AM,1.518,3:35–3:40 PM,0.01,-1.508,1,151.8,-150.8,False,0DTE (same-day expiry)
2026-05-08,P,AMD260508P00422500,422.5,REAL,10:18–10:23 AM,0.664,3:35–3:40 PM,0.01,-0.654,2,132.8,-130.8,False,0DTE (same-day expiry)
2026-05-15,P,AMD260515P00435000,435.0,REAL,10:18–10:23 AM,3.57,3:35–3:40 PM,5.195,1.625,1,357.0,162.5,True,0DTE (same-day expiry)
2026-05-22,P,AMD260522P00475000,475.0,REAL,10:18–10:23 AM,12.975,3:35–3:40 PM,7.43,-5.545,1,1297.5,-554.5,False,0DTE (same-day expiry)
2026-05-29,P,AMD260529P00515000,515.0,REAL,10:18–10:23 AM,4.362,3:35–3:40 PM,6.74,2.378,1,436.2,237.8,True,0DTE (same-day expiry)
2026-06-05,P,AMD260605P00500000,500.0,REAL,10:18–10:23 AM,8.76,3:35–3:40 PM,28.005,19.245,1,876.0,1924.5,True,0DTE (same-day expiry)
2026-06-12,P,AMD260612P00497500,497.5,REAL,10:18–10:23 AM,1.092,3:35–3:40 PM,0.0633,-1.0287,1,109.2,-102.87,False,0DTE (same-day expiry)
2026-06-19,P,,0.0,MISS,10:18–10:23 AM,,3:35–3:40 PM,,,,,,,missing data (entry-day market holiday)
2026-06-26,P,AMD260626P00515000,515.0,REAL,10:18–10:23 AM,2.782,3:35–3:40 PM,0.806,-1.976,1,278.2,-197.6,False,0DTE (same-day expiry)
2026-07-03,P,,0.0,MISS,10:18–10:23 AM,,3:35–3:40 PM,,,,,,,missing data (entry-day market holiday)
2026-07-10,P,AMD260710P00545000,545.0,REAL,10:18–10:23 AM,4.146,3:35–3:40 PM,0.058,-4.088,1,414.6,-408.8,False,0DTE (same-day expiry)

SUMMARY — optimal frames
opt_type,optimal_entry_frame,optimal_exit_frame,trades,wins,win_rate,total_pnl_dollars,avg_pnl_dollars,best_day,worst_day,skipped_no_data,premium_spent,return_on_spend
PUT,10:18–10:23 AM,3:35–3:40 PM,90,37,0.4111,7632.18,84.8,4201.2,-695.2,14,19823.76,0.3850

TOP 15 FRAME PAIRS (by win_rate × avg payoff)
rank,entry_frame,exit_frame,trades,wins,win_rate,avg_pnl_dollars,total_pnl_dollars
1,10:20–10:25 AM,3:35–3:40 PM,90,37,0.4111,80.7,7263.35
2,10:15–10:25 AM,3:35–3:40 PM,90,36,0.4000,79.49,7153.98
3,10:10–10:15 AM,3:35–3:40 PM,90,38,0.4222,74.48,6703.57
4,10:10–10:25 AM,3:35–3:40 PM,90,37,0.4111,76.36,6872.65
5,10:15–10:20 AM,3:35–3:40 PM,89,35,0.3933,79.16,7044.82
6,10:05–10:25 AM,3:35–3:40 PM,90,38,0.4222,72.94,6564.56
7,10:15–10:35 AM,3:35–3:40 PM,90,38,0.4222,72.04,6483.19
8,10:10–10:30 AM,3:35–3:40 PM,90,37,0.4111,73.93,6653.5
9,10:20–10:40 AM,3:35–3:40 PM,90,38,0.4222,71.98,6478.08
10,10:15–10:30 AM,3:35–3:40 PM,90,37,0.4111,73.34,6600.2
11,10:10–10:40 AM,3:35–3:40 PM,90,38,0.4222,71.21,6408.98
12,10:15–10:45 AM,3:35–3:40 PM,90,38,0.4222,71.19,6407.26
13,10:10–10:20 AM,3:35–3:40 PM,90,36,0.4000,74.87,6738.22
14,10:20–10:30 AM,3:35–3:40 PM,90,38,0.4222,70.37,6333.65
15,10:30–10:40 AM,3:35–3:40 PM,90,40,0.4444,66.45,5980.53
