"# Backtest method: Tuesday intraday — MAX EXPECTED PROFIT, target-spend sized (win_rate × avg_payoff)  (PUTs)"
"# Tuesday entry → Wednesday expiry, lookback 150d, tickers AAPL, MSFT, GOOGL, AMZN, NVDA, TSLA."
# Lookback = 150 calendar days
# Session window = 9:30AM–4:00PM ET (full regular session)
# Generated 2026-07-14 14:01:14  |  data source: Alpaca Markets API
# P&L $ assumes 1 contract = 100 shares
# Optimal entry frame = 9:32–9:58 AM  |  Optimal exit frame = 12:30–12:35 PM

DETAIL — one row per session (ATM put at the optimal frames)
date,opt_type,contract_symbol,strike,source,entry_frame,entry_price,exit_frame,exit_price,payoff_per_share,contracts,cost_dollars,pnl_dollars,profitable,note
2026-02-17,P,TSLA260218P00410000,410.0,REAL,9:32–9:58 AM,6.5288,12:30–12:35 PM,7.15,0.6212,1,652.88,62.12,True,1DTE (expiry Wed 02-18)
2026-02-24,P,TSLA260225P00400000,400.0,REAL,9:32–9:58 AM,4.0277,12:30–12:35 PM,2.218,-1.8097,1,402.77,-180.97,False,1DTE (expiry Wed 02-25)
2026-03-03,P,TSLA260304P00395000,395.0,REAL,9:32–9:58 AM,6.5712,12:30–12:35 PM,6.89,0.3188,1,657.12,31.88,True,1DTE (expiry Wed 03-04)
2026-03-10,P,TSLA260311P00405000,405.0,REAL,9:32–9:58 AM,5.3662,12:30–12:35 PM,5.37,0.0038,1,536.62,0.38,True,1DTE (expiry Wed 03-11)
2026-03-17,P,TSLA260318P00395000,395.0,REAL,9:32–9:58 AM,3.7615,12:30–12:35 PM,2.846,-0.9155,1,376.15,-91.55,False,1DTE (expiry Wed 03-18)
2026-03-24,P,TSLA260325P00380000,380.0,REAL,9:32–9:58 AM,3.3108,12:30–12:35 PM,2.514,-0.7968,1,331.08,-79.68,False,1DTE (expiry Wed 03-25)
2026-03-31,P,TSLA260401P00362500,362.5,REAL,9:32–9:58 AM,3.585,12:30–12:35 PM,2.724,-0.861,1,358.5,-86.1,False,1DTE (expiry Wed 04-01)
2026-04-07,P,TSLA260408P00347500,347.5,REAL,9:32–9:58 AM,6.3027,12:30–12:35 PM,7.568,1.2653,1,630.27,126.53,True,1DTE (expiry Wed 04-08)
2026-04-14,P,TSLA260415P00357500,357.5,REAL,9:32–9:58 AM,3.2873,12:30–12:35 PM,0.936,-2.3513,1,328.73,-235.13,False,1DTE (expiry Wed 04-15)
2026-04-21,P,TSLA260422P00392500,392.5,SIM,9:32–9:58 AM,5.3387,12:30–12:35 PM,6.2366,0.8979,1,533.87,89.79,True,1DTE (expiry Wed 04-22)
2026-04-28,P,TSLA260429P00375000,375.0,REAL,9:32–9:58 AM,3.8442,12:30–12:35 PM,4.208,0.3638,1,384.42,36.38,True,1DTE (expiry Wed 04-29)
2026-05-05,P,TSLA260506P00397500,397.5,REAL,9:32–9:58 AM,4.3873,12:30–12:35 PM,9.1,4.7127,1,438.73,471.27,True,1DTE (expiry Wed 05-06)
2026-05-12,P,TSLA260513P00440000,440.0,REAL,9:32–9:58 AM,6.7231,12:30–12:35 PM,16.96,10.2369,1,672.31,1023.69,True,1DTE (expiry Wed 05-13)
2026-05-19,P,TSLA260520P00402500,402.5,REAL,9:32–9:58 AM,5.9023,12:30–12:35 PM,7.92,2.0177,1,590.23,201.77,True,1DTE (expiry Wed 05-20)
2026-05-26,P,TSLA260527P00432500,432.5,REAL,9:32–9:58 AM,7.02,12:30–12:35 PM,5.67,-1.35,1,702.0,-135.0,False,1DTE (expiry Wed 05-27)
2026-06-02,P,TSLA260603P00417500,417.5,REAL,9:32–9:58 AM,6.7731,12:30–12:35 PM,2.88,-3.8931,1,677.31,-389.31,False,1DTE (expiry Wed 06-03)
2026-06-09,P,TSLA260610P00415000,415.0,REAL,9:32–9:58 AM,6.1862,12:30–12:35 PM,26.935,20.7488,1,618.62,2074.88,True,1DTE (expiry Wed 06-10)
2026-06-16,P,TSLA260617P00402500,402.5,REAL,9:32–9:58 AM,3.7227,12:30–12:35 PM,3.894,0.1713,1,372.27,17.13,True,1DTE (expiry Wed 06-17)
2026-06-23,P,TSLA260624P00387500,387.5,REAL,9:32–9:58 AM,4.5038,12:30–12:35 PM,6.916,2.4122,1,450.38,241.22,True,1DTE (expiry Wed 06-24)
2026-06-30,P,TSLA260701P00407500,407.5,REAL,9:32–9:58 AM,4.1996,12:30–12:35 PM,1.554,-2.6456,1,419.96,-264.56,False,1DTE (expiry Wed 07-01)
2026-07-07,P,TSLA260708P00417500,417.5,REAL,9:32–9:58 AM,7.4977,12:30–12:35 PM,11.42,3.9223,1,749.77,392.23,True,1DTE (expiry Wed 07-08)

SUMMARY — optimal frames
opt_type,optimal_entry_frame,optimal_exit_frame,trades,wins,win_rate,total_pnl_dollars,avg_pnl_dollars,best_day,worst_day,skipped_no_data,premium_spent,return_on_spend
PUT,9:32–9:58 AM,12:30–12:35 PM,21,13,0.6190,3306.97,157.47,2074.88,-389.31,0,10883.99,0.3038

TOP 15 FRAME PAIRS (by win_rate × avg payoff)
rank,entry_frame,exit_frame,trades,wins,win_rate,avg_pnl_dollars,total_pnl_dollars
1,9:30–10:00 AM,12:30–12:35 PM,21,13,0.6190,155.07,3256.51
2,9:30–10:00 AM,12:30–12:40 PM,21,13,0.6190,151.42,3179.89
3,9:40–9:50 AM,12:30–12:35 PM,21,12,0.5714,163.68,3437.21
4,9:30–10:00 AM,12:35–12:40 PM,21,13,0.6190,150.27,3155.68
5,9:35–9:55 AM,12:15–12:20 PM,21,13,0.6190,148.89,3126.75
6,9:35–9:55 AM,12:30–12:35 PM,21,12,0.5714,161.05,3382.1
7,9:45–9:50 AM,12:30–12:35 PM,21,12,0.5714,160.79,3376.65
8,9:30–9:50 AM,12:15–12:20 PM,21,13,0.6190,148.27,3113.65
9,9:40–9:55 AM,12:30–12:35 PM,21,12,0.5714,160.36,3367.64
10,9:40–9:50 AM,12:30–12:40 PM,21,12,0.5714,160.03,3360.6
11,9:45–9:55 AM,12:20–12:25 PM,21,13,0.6190,147.38,3095.04
12,9:40–9:50 AM,12:35–12:40 PM,21,12,0.5714,158.88,3336.38
13,9:30–9:50 AM,12:10–12:20 PM,21,13,0.6190,146.53,3077.15
14,9:40–9:55 AM,12:10–12:20 PM,21,13,0.6190,146.47,3075.78
15,9:30–9:45 AM,12:10–12:20 PM,21,13,0.6190,146.41,3074.6
