symbol,direction,fill_mode,dow,T_pct,n,hit_pct,first_hit_median,low_sample
AAPL,call,mid,Fri,20.0,40928,44.038,21.0,False
AAPL,call,mid,Fri,25.0,40928,40.686,24.0,False
AAPL,call,mid,Fri,30.0,40928,36.251,28.0,False
AAPL,call,mid,Fri,40.0,40928,29.51,35.0,False
AAPL,call,mid,Fri,50.0,40928,25.032,40.0,False
AAPL,call,mid,Fri,60.0,40928,21.951,47.0,False
AAPL,call,mid,Fri,70.0,40928,19.688,52.0,False
AAPL,call,mid,Fri,75.0,40928,18.689,53.0,False
AAPL,call,mid,Fri,80.0,40928,17.609,57.0,False
AAPL,call,mid,Fri,90.0,40928,16.021,60.0,False
AAPL,call,mid,Fri,100.0,40928,15.0,63.0,False
AAPL,call,market,Fri,20.0,40928,30.82,39.0,False
AAPL,call,market,Fri,25.0,40928,27.785,44.0,False
AAPL,call,market,Fri,30.0,40928,25.132,48.0,False
AAPL,call,market,Fri,40.0,40928,21.284,58.0,False
AAPL,call,market,Fri,50.0,40928,18.379,66.0,False
AAPL,call,market,Fri,60.0,40928,16.109,71.0,False
AAPL,call,market,Fri,70.0,40928,14.347,76.0,False
AAPL,call,market,Fri,75.0,40928,13.582,79.0,False
AAPL,call,market,Fri,80.0,40928,12.952,80.0,False
AAPL,call,market,Fri,90.0,40928,11.75,84.0,False
AAPL,call,market,Fri,100.0,40928,10.782,88.0,False
AAPL,put,mid,Fri,20.0,35636,52.744,19.0,False
AAPL,put,mid,Fri,25.0,35636,49.691,21.0,False
AAPL,put,mid,Fri,30.0,35636,44.528,25.0,False
AAPL,put,mid,Fri,40.0,35636,37.24,31.0,False
AAPL,put,mid,Fri,50.0,35636,31.97,36.0,False
AAPL,put,mid,Fri,60.0,35636,27.744,42.0,False
AAPL,put,mid,Fri,70.0,35636,25.022,46.0,False
AAPL,put,mid,Fri,75.0,35636,23.465,47.0,False
AAPL,put,mid,Fri,80.0,35636,21.854,50.0,False
AAPL,put,mid,Fri,90.0,35636,20.042,53.0,False
AAPL,put,mid,Fri,100.0,35636,18.377,53.0,False
AAPL,put,market,Fri,20.0,35636,33.214,33.0,False
AAPL,put,market,Fri,25.0,35636,30.464,37.0,False
AAPL,put,market,Fri,30.0,35636,28.053,42.0,False
AAPL,put,market,Fri,40.0,35636,24.071,50.0,False
AAPL,put,market,Fri,50.0,35636,21.007,56.0,False
AAPL,put,market,Fri,60.0,35636,18.495,61.0,False
AAPL,put,market,Fri,70.0,35636,16.534,67.0,False
AAPL,put,market,Fri,75.0,35636,15.532,69.0,False
AAPL,put,market,Fri,80.0,35636,14.578,70.0,False
AAPL,put,market,Fri,90.0,35636,12.998,74.0,False
AAPL,put,market,Fri,100.0,35636,11.797,76.0,False
AAPL,call,mid,Wed,20.0,7858,57.648,15.0,False
AAPL,call,mid,Wed,25.0,7858,54.569,18.0,False
AAPL,call,mid,Wed,30.0,7858,49.364,21.0,False
AAPL,call,mid,Wed,40.0,7858,41.919,26.0,False
AAPL,call,mid,Wed,50.0,7858,36.014,30.0,False
AAPL,call,mid,Wed,60.0,7858,32.375,36.0,False
AAPL,call,mid,Wed,70.0,7858,28.913,39.0,False
AAPL,call,mid,Wed,75.0,7858,27.704,41.0,False
AAPL,call,mid,Wed,80.0,7858,26.114,44.0,False
AAPL,call,mid,Wed,90.0,7858,24.141,48.0,False
AAPL,call,mid,Wed,100.0,7858,22.601,50.0,False
AAPL,call,market,Wed,20.0,7858,39.463,28.0,False
AAPL,call,market,Wed,25.0,7858,36.511,33.0,False
AAPL,call,market,Wed,30.0,7858,33.965,36.0,False
AAPL,call,market,Wed,40.0,7858,29.651,43.0,False
AAPL,call,market,Wed,50.0,7858,26.457,50.0,False
AAPL,call,market,Wed,60.0,7858,23.365,55.0,False
AAPL,call,market,Wed,70.0,7858,20.985,61.0,False
AAPL,call,market,Wed,75.0,7858,19.992,63.0,False
AAPL,call,market,Wed,80.0,7858,18.974,66.0,False
AAPL,call,market,Wed,90.0,7858,17.371,70.0,False
AAPL,call,market,Wed,100.0,7858,15.716,74.0,False
AAPL,put,mid,Wed,20.0,7057,58.368,15.0,False
AAPL,put,mid,Wed,25.0,7057,56.129,18.0,False
AAPL,put,mid,Wed,30.0,7057,50.234,22.0,False
AAPL,put,mid,Wed,40.0,7057,42.553,29.0,False
AAPL,put,mid,Wed,50.0,7057,36.347,33.0,False
AAPL,put,mid,Wed,60.0,7057,32.167,42.0,False
AAPL,put,mid,Wed,70.0,7057,29.29,47.0,False
AAPL,put,mid,Wed,75.0,7057,27.972,50.0,False
AAPL,put,mid,Wed,80.0,7057,26.017,53.0,False
AAPL,put,mid,Wed,90.0,7057,24.16,57.0,False
AAPL,put,mid,Wed,100.0,7057,22.488,60.0,False
AAPL,put,market,Wed,20.0,7057,34.094,29.0,False
AAPL,put,market,Wed,25.0,7057,32.209,33.0,False
AAPL,put,market,Wed,30.0,7057,30.424,37.0,False
AAPL,put,market,Wed,40.0,7057,26.895,46.0,False
AAPL,put,market,Wed,50.0,7057,24.019,54.0,False
AAPL,put,market,Wed,60.0,7057,21.638,62.0,False
AAPL,put,market,Wed,70.0,7057,19.626,69.0,False
AAPL,put,market,Wed,75.0,7057,18.747,73.0,False
AAPL,put,market,Wed,80.0,7057,17.897,76.0,False
AAPL,put,market,Wed,90.0,7057,16.537,80.0,False
AAPL,put,market,Wed,100.0,7057,15.134,86.5,False
AAPL,call,mid,Mon,20.0,6372,53.61,17.0,False
AAPL,call,mid,Mon,25.0,6372,50.691,20.0,False
AAPL,call,mid,Mon,30.0,6372,45.59,24.0,False
AAPL,call,mid,Mon,40.0,6372,37.524,31.0,False
AAPL,call,mid,Mon,50.0,6372,31.309,35.0,False
AAPL,call,mid,Mon,60.0,6372,27.276,41.0,False
AAPL,call,mid,Mon,70.0,6372,23.76,45.0,False
AAPL,call,mid,Mon,75.0,6372,22.159,46.0,False
AAPL,call,mid,Mon,80.0,6372,20.81,51.0,False
AAPL,call,mid,Mon,90.0,6372,18.55,54.0,False
AAPL,call,mid,Mon,100.0,6372,16.965,56.0,False
AAPL,call,market,Mon,20.0,6372,34.887,30.0,False
AAPL,call,market,Mon,25.0,6372,32.25,35.0,False
AAPL,call,market,Mon,30.0,6372,30.1,40.0,False
AAPL,call,market,Mon,40.0,6372,25.691,46.0,False
AAPL,call,market,Mon,50.0,6372,22.175,54.0,False
AAPL,call,market,Mon,60.0,6372,19.209,59.0,False
AAPL,call,market,Mon,70.0,6372,16.792,62.5,False
AAPL,call,market,Mon,75.0,6372,15.709,68.0,False
AAPL,call,market,Mon,80.0,6372,14.752,71.0,False
AAPL,call,market,Mon,90.0,6372,13.057,72.0,False
AAPL,call,market,Mon,100.0,6372,11.645,78.0,False
AAPL,put,mid,Mon,20.0,6057,60.69,16.0,False
AAPL,put,mid,Mon,25.0,6057,57.454,18.0,False
AAPL,put,mid,Mon,30.0,6057,52.732,22.0,False
AAPL,put,mid,Mon,40.0,6057,44.725,28.0,False
AAPL,put,mid,Mon,50.0,6057,39.26,33.0,False
AAPL,put,mid,Mon,60.0,6057,34.918,39.0,False
AAPL,put,mid,Mon,70.0,6057,31.649,43.0,False
AAPL,put,mid,Mon,75.0,6057,30.56,45.0,False
AAPL,put,mid,Mon,80.0,6057,29.041,49.0,False
AAPL,put,mid,Mon,90.0,6057,26.845,54.0,False
AAPL,put,mid,Mon,100.0,6057,25.326,56.0,False
AAPL,put,market,Mon,20.0,6057,40.449,31.0,False
AAPL,put,market,Mon,25.0,6057,38.154,36.0,False
AAPL,put,market,Mon,30.0,6057,35.925,40.0,False
AAPL,put,market,Mon,40.0,6057,31.204,47.0,False
AAPL,put,market,Mon,50.0,6057,27.803,54.0,False
AAPL,put,market,Mon,60.0,6057,24.798,61.0,False
AAPL,put,market,Mon,70.0,6057,22.718,69.0,False
AAPL,put,market,Mon,75.0,6057,21.809,73.0,False
AAPL,put,market,Mon,80.0,6057,20.934,76.0,False
AAPL,put,market,Mon,90.0,6057,19.135,80.0,False
AAPL,put,market,Mon,100.0,6057,17.814,84.0,False
MSFT,call,mid,Fri,20.0,34436,56.368,16.0,False
MSFT,call,mid,Fri,25.0,34436,52.974,18.0,False
MSFT,call,mid,Fri,30.0,34436,48.234,23.0,False
MSFT,call,mid,Fri,40.0,34436,40.954,30.0,False
MSFT,call,mid,Fri,50.0,34436,35.527,37.0,False
MSFT,call,mid,Fri,60.0,34436,31.066,44.0,False
MSFT,call,mid,Fri,70.0,34436,27.86,50.0,False
MSFT,call,mid,Fri,75.0,34436,26.565,52.0,False
MSFT,call,mid,Fri,80.0,34436,24.866,55.0,False
MSFT,call,mid,Fri,90.0,34436,22.584,60.0,False
MSFT,call,mid,Fri,100.0,34436,20.981,63.0,False
MSFT,call,market,Fri,20.0,34436,39.828,30.0,False
MSFT,call,market,Fri,25.0,34436,36.9,35.0,False
MSFT,call,market,Fri,30.0,34436,34.333,39.0,False
MSFT,call,market,Fri,40.0,34436,29.908,48.0,False
MSFT,call,market,Fri,50.0,34436,26.33,56.0,False
MSFT,call,market,Fri,60.0,34436,23.441,63.0,False
MSFT,call,market,Fri,70.0,34436,20.949,69.0,False
MSFT,call,market,Fri,75.0,34436,19.767,71.0,False
MSFT,call,market,Fri,80.0,34436,18.667,74.0,False
MSFT,call,market,Fri,90.0,34436,17.032,78.0,False
MSFT,call,market,Fri,100.0,34436,15.585,82.0,False
MSFT,put,mid,Fri,20.0,29431,63.138,13.0,False
MSFT,put,mid,Fri,25.0,29431,59.94,16.0,False
MSFT,put,mid,Fri,30.0,29431,55.153,19.0,False
MSFT,put,mid,Fri,40.0,29431,48.272,25.0,False
MSFT,put,mid,Fri,50.0,29431,42.479,29.0,False
MSFT,put,mid,Fri,60.0,29431,37.865,34.0,False
MSFT,put,mid,Fri,70.0,29431,34.328,38.0,False
MSFT,put,mid,Fri,75.0,29431,32.68,40.0,False
MSFT,put,mid,Fri,80.0,29431,31.005,42.0,False
MSFT,put,mid,Fri,90.0,29431,28.351,46.0,False
MSFT,put,mid,Fri,100.0,29431,26.36,49.0,False
MSFT,put,market,Fri,20.0,29431,46.492,25.0,False
MSFT,put,market,Fri,25.0,29431,43.529,28.0,False
MSFT,put,market,Fri,30.0,29431,40.709,32.0,False
MSFT,put,market,Fri,40.0,29431,35.731,38.0,False
MSFT,put,market,Fri,50.0,29431,31.722,43.0,False
MSFT,put,market,Fri,60.0,29431,28.473,49.0,False
MSFT,put,market,Fri,70.0,29431,25.483,55.0,False
MSFT,put,market,Fri,75.0,29431,24.376,58.0,False
MSFT,put,market,Fri,80.0,29431,23.224,60.0,False
MSFT,put,market,Fri,90.0,29431,21.093,64.0,False
MSFT,put,market,Fri,100.0,29431,19.272,68.0,False
MSFT,call,mid,Wed,20.0,8402,57.105,13.0,False
MSFT,call,mid,Wed,25.0,8402,53.261,16.0,False
MSFT,call,mid,Wed,30.0,8402,47.56,18.0,False
MSFT,call,mid,Wed,40.0,8402,39.883,24.0,False
MSFT,call,mid,Wed,50.0,8402,33.444,28.5,False
MSFT,call,mid,Wed,60.0,8402,28.541,34.0,False
MSFT,call,mid,Wed,70.0,8402,25.589,38.0,False
MSFT,call,mid,Wed,75.0,8402,23.97,41.0,False
MSFT,call,mid,Wed,80.0,8402,22.459,45.0,False
MSFT,call,mid,Wed,90.0,8402,20.257,49.0,False
MSFT,call,mid,Wed,100.0,8402,18.793,51.0,False
MSFT,call,market,Wed,20.0,8402,37.836,22.0,False
MSFT,call,market,Wed,25.0,8402,34.611,26.0,False
MSFT,call,market,Wed,30.0,8402,32.207,30.0,False
MSFT,call,market,Wed,40.0,8402,27.47,37.0,False
MSFT,call,market,Wed,50.0,8402,23.709,44.0,False
MSFT,call,market,Wed,60.0,8402,21.078,50.0,False
MSFT,call,market,Wed,70.0,8402,18.853,57.0,False
MSFT,call,market,Wed,75.0,8402,18.115,59.0,False
MSFT,call,market,Wed,80.0,8402,16.984,61.0,False
MSFT,call,market,Wed,90.0,8402,15.139,64.0,False
MSFT,call,market,Wed,100.0,8402,13.759,69.5,False
MSFT,put,mid,Wed,20.0,7034,66.093,13.0,False
MSFT,put,mid,Wed,25.0,7034,63.079,17.0,False
MSFT,put,mid,Wed,30.0,7034,58.303,21.0,False
MSFT,put,mid,Wed,40.0,7034,51.422,28.0,False
MSFT,put,mid,Wed,50.0,7034,46.019,33.0,False
MSFT,put,mid,Wed,60.0,7034,41.655,40.0,False
MSFT,put,mid,Wed,70.0,7034,38.442,45.0,False
MSFT,put,mid,Wed,75.0,7034,37.29,47.0,False
MSFT,put,mid,Wed,80.0,7034,35.556,51.0,False
MSFT,put,mid,Wed,90.0,7034,33.409,55.0,False
MSFT,put,mid,Wed,100.0,7034,31.845,59.0,False
MSFT,put,market,Wed,20.0,7034,47.981,28.0,False
MSFT,put,market,Wed,25.0,7034,45.422,32.0,False
MSFT,put,market,Wed,30.0,7034,42.906,36.0,False
MSFT,put,market,Wed,40.0,7034,39.067,44.0,False
MSFT,put,market,Wed,50.0,7034,35.641,50.0,False
MSFT,put,market,Wed,60.0,7034,33.125,58.0,False
MSFT,put,market,Wed,70.0,7034,30.864,65.0,False
MSFT,put,market,Wed,75.0,7034,29.898,69.0,False
MSFT,put,market,Wed,80.0,7034,29.087,74.0,False
MSFT,put,market,Wed,90.0,7034,27.225,82.0,False
MSFT,put,market,Wed,100.0,7034,25.746,88.0,False
MSFT,call,mid,Mon,20.0,7510,63.236,12.0,False
MSFT,call,mid,Mon,25.0,7510,59.92,15.0,False
MSFT,call,mid,Mon,30.0,7510,54.794,17.0,False
MSFT,call,mid,Mon,40.0,7510,46.112,23.0,False
MSFT,call,mid,Mon,50.0,7510,39.467,28.0,False
MSFT,call,mid,Mon,60.0,7510,34.075,32.0,False
MSFT,call,mid,Mon,70.0,7510,30.293,36.0,False
MSFT,call,mid,Mon,75.0,7510,28.695,37.0,False
MSFT,call,mid,Mon,80.0,7510,26.818,39.0,False
MSFT,call,mid,Mon,90.0,7510,23.768,44.0,False
MSFT,call,mid,Mon,100.0,7510,21.585,45.0,False
MSFT,call,market,Mon,20.0,7510,43.356,23.0,False
MSFT,call,market,Mon,25.0,7510,40.213,26.0,False
MSFT,call,market,Mon,30.0,7510,37.457,30.0,False
MSFT,call,market,Mon,40.0,7510,32.304,35.0,False
MSFT,call,market,Mon,50.0,7510,28.136,40.0,False
MSFT,call,market,Mon,60.0,7510,24.594,47.0,False
MSFT,call,market,Mon,70.0,7510,21.558,51.0,False
MSFT,call,market,Mon,75.0,7510,20.453,53.0,False
MSFT,call,market,Mon,80.0,7510,19.188,54.0,False
MSFT,call,market,Mon,90.0,7510,16.897,58.0,False
MSFT,call,market,Mon,100.0,7510,14.754,61.0,False
MSFT,put,mid,Mon,20.0,6237,66.041,12.0,False
MSFT,put,mid,Mon,25.0,6237,62.738,15.0,False
MSFT,put,mid,Mon,30.0,6237,58.329,17.0,False
MSFT,put,mid,Mon,40.0,6237,50.681,23.0,False
MSFT,put,mid,Mon,50.0,6237,44.493,27.0,False
MSFT,put,mid,Mon,60.0,6237,39.811,31.0,False
MSFT,put,mid,Mon,70.0,6237,36.732,35.0,False
MSFT,put,mid,Mon,75.0,6237,34.921,36.0,False
MSFT,put,mid,Mon,80.0,6237,33.029,38.0,False
MSFT,put,mid,Mon,90.0,6237,30.576,41.0,False
MSFT,put,mid,Mon,100.0,6237,28.876,41.0,False
MSFT,put,market,Mon,20.0,6237,48.341,23.0,False
MSFT,put,market,Mon,25.0,6237,45.487,27.0,False
MSFT,put,market,Mon,30.0,6237,42.649,30.0,False
MSFT,put,market,Mon,40.0,6237,37.646,35.0,False
MSFT,put,market,Mon,50.0,6237,33.878,38.0,False
MSFT,put,market,Mon,60.0,6237,30.656,42.0,False
MSFT,put,market,Mon,70.0,6237,27.722,47.0,False
MSFT,put,market,Mon,75.0,6237,26.407,48.0,False
MSFT,put,market,Mon,80.0,6237,25.108,49.0,False
MSFT,put,market,Mon,90.0,6237,22.767,51.0,False
MSFT,put,market,Mon,100.0,6237,20.907,54.0,False
NVDA,call,mid,Fri,20.0,40941,26.206,23.0,False
NVDA,call,mid,Fri,25.0,40941,23.258,26.0,False
NVDA,call,mid,Fri,30.0,40941,20.234,29.0,False
NVDA,call,mid,Fri,40.0,40941,15.674,33.0,False
NVDA,call,mid,Fri,50.0,40941,12.647,36.0,False
NVDA,call,mid,Fri,60.0,40941,10.671,41.0,False
NVDA,call,mid,Fri,70.0,40941,9.23,43.0,False
NVDA,call,mid,Fri,75.0,40941,8.666,45.0,False
NVDA,call,mid,Fri,80.0,40941,7.963,46.0,False
NVDA,call,mid,Fri,90.0,40941,7.098,48.0,False
NVDA,call,mid,Fri,100.0,40941,6.485,49.0,False
NVDA,call,market,Fri,20.0,40941,17.366,36.0,False
NVDA,call,market,Fri,25.0,40941,15.012,40.0,False
NVDA,call,market,Fri,30.0,40941,13.138,43.0,False
NVDA,call,market,Fri,40.0,40941,10.273,48.0,False
NVDA,call,market,Fri,50.0,40941,8.471,52.0,False
NVDA,call,market,Fri,60.0,40941,7.14,56.0,False
NVDA,call,market,Fri,70.0,40941,6.145,59.0,False
NVDA,call,market,Fri,75.0,40941,5.698,61.0,False
NVDA,call,market,Fri,80.0,40941,5.317,62.0,False
NVDA,call,market,Fri,90.0,40941,4.655,65.0,False
NVDA,call,market,Fri,100.0,40941,4.187,68.0,False
NVDA,put,mid,Fri,20.0,34578,43.516,24.0,False
NVDA,put,mid,Fri,25.0,34578,40.254,27.0,False
NVDA,put,mid,Fri,30.0,34578,35.653,30.0,False
NVDA,put,mid,Fri,40.0,34578,28.486,35.0,False
NVDA,put,mid,Fri,50.0,34578,24.276,38.0,False
NVDA,put,mid,Fri,60.0,34578,21.294,44.0,False
NVDA,put,mid,Fri,70.0,34578,19.081,47.0,False
NVDA,put,mid,Fri,75.0,34578,17.745,49.0,False
NVDA,put,mid,Fri,80.0,34578,16.751,52.0,False
NVDA,put,mid,Fri,90.0,34578,15.527,55.0,False
NVDA,put,mid,Fri,100.0,34578,14.119,56.0,False
NVDA,put,market,Fri,20.0,34578,27.428,37.0,False
NVDA,put,market,Fri,25.0,34578,24.68,42.0,False
NVDA,put,market,Fri,30.0,34578,22.297,46.0,False
NVDA,put,market,Fri,40.0,34578,18.708,53.0,False
NVDA,put,market,Fri,50.0,34578,16.181,58.0,False
NVDA,put,market,Fri,60.0,34578,14.113,63.0,False
NVDA,put,market,Fri,70.0,34578,12.569,67.0,False
NVDA,put,market,Fri,75.0,34578,11.953,69.0,False
NVDA,put,market,Fri,80.0,34578,11.29,71.0,False
NVDA,put,market,Fri,90.0,34578,10.261,76.0,False
NVDA,put,market,Fri,100.0,34578,9.361,79.0,False
NVDA,call,mid,Wed,20.0,7507,42.081,20.0,False
NVDA,call,mid,Wed,25.0,7507,38.764,22.0,False
NVDA,call,mid,Wed,30.0,7507,34.195,26.0,False
NVDA,call,mid,Wed,40.0,7507,27.188,31.0,False
NVDA,call,mid,Wed,50.0,7507,23.032,36.0,False
NVDA,call,mid,Wed,60.0,7507,19.635,43.0,False
NVDA,call,mid,Wed,70.0,7507,17.277,46.0,False
NVDA,call,mid,Wed,75.0,7507,16.291,48.0,False
NVDA,call,mid,Wed,80.0,7507,14.933,51.0,False
NVDA,call,mid,Wed,90.0,7507,13.441,55.0,False
NVDA,call,mid,Wed,100.0,7507,12.348,57.0,False
NVDA,call,market,Wed,20.0,7507,28.32,34.0,False
NVDA,call,market,Wed,25.0,7507,25.43,38.0,False
NVDA,call,market,Wed,30.0,7507,22.752,43.0,False
NVDA,call,market,Wed,40.0,7507,18.649,50.0,False
NVDA,call,market,Wed,50.0,7507,16.225,58.0,False
NVDA,call,market,Wed,60.0,7507,14.08,64.0,False
NVDA,call,market,Wed,70.0,7507,11.922,70.0,False
NVDA,call,market,Wed,75.0,7507,11.15,71.0,False
NVDA,call,market,Wed,80.0,7507,10.404,74.0,False
NVDA,call,market,Wed,90.0,7507,9.298,82.0,False
NVDA,call,market,Wed,100.0,7507,8.405,87.0,False
NVDA,put,mid,Wed,20.0,6804,54.865,22.0,False
NVDA,put,mid,Wed,25.0,6804,51.837,26.0,False
NVDA,put,mid,Wed,30.0,6804,46.884,30.0,False
NVDA,put,mid,Wed,40.0,6804,39.976,39.0,False
NVDA,put,mid,Wed,50.0,6804,34.333,45.0,False
NVDA,put,mid,Wed,60.0,6804,29.85,53.0,False
NVDA,put,mid,Wed,70.0,6804,26.837,56.0,False
NVDA,put,mid,Wed,75.0,6804,25.235,57.0,False
NVDA,put,mid,Wed,80.0,6804,23.486,59.0,False
NVDA,put,mid,Wed,90.0,6804,21.399,64.0,False
NVDA,put,mid,Wed,100.0,6804,19.738,65.0,False
NVDA,put,market,Wed,20.0,6804,38.022,39.0,False
NVDA,put,market,Wed,25.0,6804,35.406,44.0,False
NVDA,put,market,Wed,30.0,6804,32.848,50.0,False
NVDA,put,market,Wed,40.0,6804,27.734,58.0,False
NVDA,put,market,Wed,50.0,6804,23.971,68.0,False
NVDA,put,market,Wed,60.0,6804,20.767,74.0,False
NVDA,put,market,Wed,70.0,6804,18.019,77.0,False
NVDA,put,market,Wed,75.0,6804,16.946,77.0,False
NVDA,put,market,Wed,80.0,6804,15.976,78.0,False
NVDA,put,market,Wed,90.0,6804,13.904,80.0,False
NVDA,put,market,Wed,100.0,6804,12.551,82.0,False
NVDA,call,mid,Mon,20.0,6824,46.234,22.0,False
NVDA,call,mid,Mon,25.0,6824,42.717,26.0,False
NVDA,call,mid,Mon,30.0,6824,38.628,30.0,False
NVDA,call,mid,Mon,40.0,6824,32.474,38.0,False
NVDA,call,mid,Mon,50.0,6824,28.019,43.0,False
NVDA,call,mid,Mon,60.0,6824,25.176,50.0,False
NVDA,call,mid,Mon,70.0,6824,22.919,57.0,False
NVDA,call,mid,Mon,75.0,6824,21.996,59.0,False
NVDA,call,mid,Mon,80.0,6824,21.351,63.0,False
NVDA,call,mid,Mon,90.0,6824,19.446,66.0,False
NVDA,call,mid,Mon,100.0,6824,18.215,68.0,False
NVDA,call,market,Mon,20.0,6824,35.61,36.0,False
NVDA,call,market,Mon,25.0,6824,32.298,41.0,False
NVDA,call,market,Mon,30.0,6824,29.47,45.0,False
NVDA,call,market,Mon,40.0,6824,25.044,55.0,False
NVDA,call,market,Mon,50.0,6824,22.098,62.0,False
NVDA,call,market,Mon,60.0,6824,19.842,72.0,False
NVDA,call,market,Mon,70.0,6824,17.805,77.0,False
NVDA,call,market,Mon,75.0,6824,17.175,82.0,False
NVDA,call,market,Mon,80.0,6824,16.354,84.0,False
NVDA,call,market,Mon,90.0,6824,14.903,85.0,False
NVDA,call,market,Mon,100.0,6824,13.702,93.0,False
NVDA,put,mid,Mon,20.0,6354,43.831,17.0,False
NVDA,put,mid,Mon,25.0,6354,40.604,20.0,False
NVDA,put,mid,Mon,30.0,6354,36.733,23.0,False
NVDA,put,mid,Mon,40.0,6354,30.28,28.0,False
NVDA,put,mid,Mon,50.0,6354,26.125,31.0,False
NVDA,put,mid,Mon,60.0,6354,22.364,36.0,False
NVDA,put,mid,Mon,70.0,6354,19.704,38.0,False
NVDA,put,mid,Mon,75.0,6354,18.382,38.0,False
NVDA,put,mid,Mon,80.0,6354,17.249,40.5,False
NVDA,put,mid,Mon,90.0,6354,15.345,43.0,False
NVDA,put,mid,Mon,100.0,6354,14.023,42.0,False
NVDA,put,market,Mon,20.0,6354,29.116,30.0,False
NVDA,put,market,Mon,25.0,6354,26.472,35.0,False
NVDA,put,market,Mon,30.0,6354,24.127,37.0,False
NVDA,put,market,Mon,40.0,6354,20.145,44.0,False
NVDA,put,market,Mon,50.0,6354,17.076,47.0,False
NVDA,put,market,Mon,60.0,6354,14.825,52.0,False
NVDA,put,market,Mon,70.0,6354,13.0,54.0,False
NVDA,put,market,Mon,75.0,6354,12.26,55.0,False
NVDA,put,market,Mon,80.0,6354,11.536,55.0,False
NVDA,put,market,Mon,90.0,6354,10.088,56.0,False
NVDA,put,market,Mon,100.0,6354,9.065,55.0,False
GOOGL,call,mid,Fri,20.0,27097,49.917,17.0,False
GOOGL,call,mid,Fri,25.0,27097,46.703,20.0,False
GOOGL,call,mid,Fri,30.0,27097,42.193,23.0,False
GOOGL,call,mid,Fri,40.0,27097,34.845,30.0,False
GOOGL,call,mid,Fri,50.0,27097,30.077,36.0,False
GOOGL,call,mid,Fri,60.0,27097,26.224,42.0,False
GOOGL,call,mid,Fri,70.0,27097,23.615,46.0,False
GOOGL,call,mid,Fri,75.0,27097,22.419,48.0,False
GOOGL,call,mid,Fri,80.0,27097,21.242,51.0,False
GOOGL,call,mid,Fri,90.0,27097,19.515,54.0,False
GOOGL,call,mid,Fri,100.0,27097,18.19,56.0,False
GOOGL,call,market,Fri,20.0,27097,33.768,33.0,False
GOOGL,call,market,Fri,25.0,27097,30.885,39.0,False
GOOGL,call,market,Fri,30.0,27097,28.571,43.0,False
GOOGL,call,market,Fri,40.0,27097,24.593,51.0,False
GOOGL,call,market,Fri,50.0,27097,21.608,56.0,False
GOOGL,call,market,Fri,60.0,27097,19.032,61.0,False
GOOGL,call,market,Fri,70.0,27097,17.105,66.0,False
GOOGL,call,market,Fri,75.0,27097,16.297,68.0,False
GOOGL,call,market,Fri,80.0,27097,15.518,71.0,False
GOOGL,call,market,Fri,90.0,27097,14.064,74.0,False
GOOGL,call,market,Fri,100.0,27097,12.928,79.0,False
GOOGL,put,mid,Fri,20.0,20281,59.632,15.0,False
GOOGL,put,mid,Fri,25.0,20281,56.373,18.0,False
GOOGL,put,mid,Fri,30.0,20281,51.98,21.0,False
GOOGL,put,mid,Fri,40.0,20281,45.032,27.0,False
GOOGL,put,mid,Fri,50.0,20281,40.166,32.0,False
GOOGL,put,mid,Fri,60.0,20281,35.215,37.0,False
GOOGL,put,mid,Fri,70.0,20281,32.143,42.0,False
GOOGL,put,mid,Fri,75.0,20281,30.388,43.0,False
GOOGL,put,mid,Fri,80.0,20281,28.539,46.5,False
GOOGL,put,mid,Fri,90.0,20281,26.019,51.0,False
GOOGL,put,mid,Fri,100.0,20281,24.225,53.0,False
GOOGL,put,market,Fri,20.0,20281,40.802,29.0,False
GOOGL,put,market,Fri,25.0,20281,38.149,33.0,False
GOOGL,put,market,Fri,30.0,20281,35.57,37.0,False
GOOGL,put,market,Fri,40.0,20281,31.078,44.0,False
GOOGL,put,market,Fri,50.0,20281,27.494,50.0,False
GOOGL,put,market,Fri,60.0,20281,24.274,55.0,False
GOOGL,put,market,Fri,70.0,20281,21.68,60.0,False
GOOGL,put,market,Fri,75.0,20281,20.497,64.0,False
GOOGL,put,market,Fri,80.0,20281,19.471,65.0,False
GOOGL,put,market,Fri,90.0,20281,17.647,70.0,False
GOOGL,put,market,Fri,100.0,20281,16.232,73.0,False
GOOGL,call,mid,Wed,20.0,6509,62.529,11.0,False
GOOGL,call,mid,Wed,25.0,6509,59.948,14.0,False
GOOGL,call,mid,Wed,30.0,6509,55.969,17.0,False
GOOGL,call,mid,Wed,40.0,6509,48.272,24.0,False
GOOGL,call,mid,Wed,50.0,6509,42.756,28.0,False
GOOGL,call,mid,Wed,60.0,6509,37.44,33.0,False
GOOGL,call,mid,Wed,70.0,6509,33.907,38.0,False
GOOGL,call,mid,Wed,75.0,6509,32.155,42.0,False
GOOGL,call,mid,Wed,80.0,6509,30.112,45.0,False
GOOGL,call,mid,Wed,90.0,6509,27.193,49.0,False
GOOGL,call,mid,Wed,100.0,6509,25.181,51.0,False
GOOGL,call,market,Wed,20.0,6509,44.631,23.0,False
GOOGL,call,market,Wed,25.0,6509,42.234,27.0,False
GOOGL,call,market,Wed,30.0,6509,39.484,31.0,False
GOOGL,call,market,Wed,40.0,6509,34.921,39.0,False
GOOGL,call,market,Wed,50.0,6509,30.742,46.0,False
GOOGL,call,market,Wed,60.0,6509,27.162,51.0,False
GOOGL,call,market,Wed,70.0,6509,24.136,56.0,False
GOOGL,call,market,Wed,75.0,6509,22.83,59.0,False
GOOGL,call,market,Wed,80.0,6509,21.939,60.0,False
GOOGL,call,market,Wed,90.0,6509,19.65,68.0,False
GOOGL,call,market,Wed,100.0,6509,17.668,70.0,False
GOOGL,put,mid,Wed,20.0,5345,68.419,11.0,False
GOOGL,put,mid,Wed,25.0,5345,65.706,13.0,False
GOOGL,put,mid,Wed,30.0,5345,61.384,16.0,False
GOOGL,put,mid,Wed,40.0,5345,54.93,20.0,False
GOOGL,put,mid,Wed,50.0,5345,49.373,25.0,False
GOOGL,put,mid,Wed,60.0,5345,44.116,31.0,False
GOOGL,put,mid,Wed,70.0,5345,40.823,37.0,False
GOOGL,put,mid,Wed,75.0,5345,39.065,39.0,False
GOOGL,put,mid,Wed,80.0,5345,36.876,42.0,False
GOOGL,put,mid,Wed,90.0,5345,33.807,46.0,False
GOOGL,put,mid,Wed,100.0,5345,31.562,49.0,False
GOOGL,put,market,Wed,20.0,5345,50.833,21.0,False
GOOGL,put,market,Wed,25.0,5345,48.195,25.0,False
GOOGL,put,market,Wed,30.0,5345,45.762,29.0,False
GOOGL,put,market,Wed,40.0,5345,41.31,36.0,False
GOOGL,put,market,Wed,50.0,5345,37.343,44.0,False
GOOGL,put,market,Wed,60.0,5345,34.125,50.0,False
GOOGL,put,market,Wed,70.0,5345,31.076,57.0,False
GOOGL,put,market,Wed,75.0,5345,29.822,59.0,False
GOOGL,put,market,Wed,80.0,5345,28.494,62.0,False
GOOGL,put,market,Wed,90.0,5345,26.23,67.0,False
GOOGL,put,market,Wed,100.0,5345,24.584,71.0,False
GOOGL,call,mid,Mon,20.0,5615,64.63,13.0,False
GOOGL,call,mid,Mon,25.0,5615,61.959,15.0,False
GOOGL,call,mid,Mon,30.0,5615,57.222,19.0,False
GOOGL,call,mid,Mon,40.0,5615,50.65,25.0,False
GOOGL,call,mid,Mon,50.0,5615,45.218,32.0,False
GOOGL,call,mid,Mon,60.0,5615,40.16,38.0,False
GOOGL,call,mid,Mon,70.0,5615,36.794,42.0,False
GOOGL,call,mid,Mon,75.0,5615,34.8,44.0,False
GOOGL,call,mid,Mon,80.0,5615,32.787,47.0,False
GOOGL,call,mid,Mon,90.0,5615,30.276,51.0,False
GOOGL,call,mid,Mon,100.0,5615,27.925,53.0,False
GOOGL,call,market,Mon,20.0,5615,47.088,26.0,False
GOOGL,call,market,Mon,25.0,5615,44.417,30.0,False
GOOGL,call,market,Mon,30.0,5615,42.155,34.0,False
GOOGL,call,market,Mon,40.0,5615,37.792,41.0,False
GOOGL,call,market,Mon,50.0,5615,33.785,50.0,False
GOOGL,call,market,Mon,60.0,5615,30.864,59.0,False
GOOGL,call,market,Mon,70.0,5615,28.032,65.0,False
GOOGL,call,market,Mon,75.0,5615,26.732,69.0,False
GOOGL,call,market,Mon,80.0,5615,25.361,74.0,False
GOOGL,call,market,Mon,90.0,5615,22.582,79.0,False
GOOGL,call,market,Mon,100.0,5615,20.73,85.0,False
GOOGL,put,mid,Mon,20.0,4707,60.931,12.0,False
GOOGL,put,mid,Mon,25.0,4707,57.85,14.0,False
GOOGL,put,mid,Mon,30.0,4707,53.474,17.0,False
GOOGL,put,mid,Mon,40.0,4707,47.015,23.0,False
GOOGL,put,mid,Mon,50.0,4707,42.15,30.0,False
GOOGL,put,mid,Mon,60.0,4707,37.795,38.0,False
GOOGL,put,mid,Mon,70.0,4707,35.075,42.0,False
GOOGL,put,mid,Mon,75.0,4707,33.482,45.0,False
GOOGL,put,mid,Mon,80.0,4707,31.761,46.0,False
GOOGL,put,mid,Mon,90.0,4707,29.637,51.0,False
GOOGL,put,mid,Mon,100.0,4707,27.725,54.0,False
GOOGL,put,market,Mon,20.0,4707,41.598,24.0,False
GOOGL,put,market,Mon,25.0,4707,39.324,28.0,False
GOOGL,put,market,Mon,30.0,4707,37.37,34.0,False
GOOGL,put,market,Mon,40.0,4707,33.949,41.0,False
GOOGL,put,market,Mon,50.0,4707,31.124,48.0,False
GOOGL,put,market,Mon,60.0,4707,28.426,52.0,False
GOOGL,put,market,Mon,70.0,4707,26.216,57.0,False
GOOGL,put,market,Mon,75.0,4707,25.112,61.0,False
GOOGL,put,market,Mon,80.0,4707,24.325,65.0,False
GOOGL,put,market,Mon,90.0,4707,22.413,70.0,False
GOOGL,put,market,Mon,100.0,4707,21.245,73.0,False
AMZN,call,mid,Fri,20.0,37767,44.809,22.0,False
AMZN,call,mid,Fri,25.0,37767,41.536,25.0,False
AMZN,call,mid,Fri,30.0,37767,36.508,28.0,False
AMZN,call,mid,Fri,40.0,37767,28.933,33.0,False
AMZN,call,mid,Fri,50.0,37767,23.894,38.0,False
AMZN,call,mid,Fri,60.0,37767,20.515,45.0,False
AMZN,call,mid,Fri,70.0,37767,18.18,49.0,False
AMZN,call,mid,Fri,75.0,37767,17.131,50.0,False
AMZN,call,mid,Fri,80.0,37767,15.895,53.0,False
AMZN,call,mid,Fri,90.0,37767,14.343,57.0,False
AMZN,call,mid,Fri,100.0,37767,13.348,59.0,False
AMZN,call,market,Fri,20.0,37767,28.107,38.0,False
AMZN,call,market,Fri,25.0,37767,25.22,42.0,False
AMZN,call,market,Fri,30.0,37767,22.909,46.0,False
AMZN,call,market,Fri,40.0,37767,19.027,54.0,False
AMZN,call,market,Fri,50.0,37767,16.414,60.0,False
AMZN,call,market,Fri,60.0,37767,14.29,66.0,False
AMZN,call,market,Fri,70.0,37767,12.627,71.0,False
AMZN,call,market,Fri,75.0,37767,11.947,72.0,False
AMZN,call,market,Fri,80.0,37767,11.304,74.0,False
AMZN,call,market,Fri,90.0,37767,10.138,76.0,False
AMZN,call,market,Fri,100.0,37767,9.251,79.0,False
AMZN,put,mid,Fri,20.0,29515,53.888,16.0,False
AMZN,put,mid,Fri,25.0,29515,50.74,18.0,False
AMZN,put,mid,Fri,30.0,29515,45.641,22.0,False
AMZN,put,mid,Fri,40.0,29515,37.971,28.0,False
AMZN,put,mid,Fri,50.0,29515,32.76,33.0,False
AMZN,put,mid,Fri,60.0,29515,28.602,40.0,False
AMZN,put,mid,Fri,70.0,29515,25.668,44.0,False
AMZN,put,mid,Fri,75.0,29515,24.293,46.0,False
AMZN,put,mid,Fri,80.0,29515,22.765,49.0,False
AMZN,put,mid,Fri,90.0,29515,20.827,53.0,False
AMZN,put,mid,Fri,100.0,29515,19.488,56.0,False
AMZN,put,market,Fri,20.0,29515,34.962,31.0,False
AMZN,put,market,Fri,25.0,29515,32.333,35.0,False
AMZN,put,market,Fri,30.0,29515,29.893,40.0,False
AMZN,put,market,Fri,40.0,29515,25.641,49.0,False
AMZN,put,market,Fri,50.0,29515,22.477,55.0,False
AMZN,put,market,Fri,60.0,29515,19.817,61.0,False
AMZN,put,market,Fri,70.0,29515,17.842,67.0,False
AMZN,put,market,Fri,75.0,29515,16.93,69.0,False
AMZN,put,market,Fri,80.0,29515,16.151,72.0,False
AMZN,put,market,Fri,90.0,29515,14.701,77.0,False
AMZN,put,market,Fri,100.0,29515,13.512,81.0,False
AMZN,call,mid,Wed,20.0,7452,54.495,17.0,False
AMZN,call,mid,Wed,25.0,7452,51.02,20.0,False
AMZN,call,mid,Wed,30.0,7452,46.001,23.0,False
AMZN,call,mid,Wed,40.0,7452,38.231,29.0,False
AMZN,call,mid,Wed,50.0,7452,32.689,32.0,False
AMZN,call,mid,Wed,60.0,7452,28.811,39.0,False
AMZN,call,mid,Wed,70.0,7452,25.913,43.0,False
AMZN,call,mid,Wed,75.0,7452,24.651,45.0,False
AMZN,call,mid,Wed,80.0,7452,23.135,47.0,False
AMZN,call,mid,Wed,90.0,7452,21.39,50.5,False
AMZN,call,mid,Wed,100.0,7452,20.129,53.0,False
AMZN,call,market,Wed,20.0,7452,36.621,31.0,False
AMZN,call,market,Wed,25.0,7452,33.83,36.0,False
AMZN,call,market,Wed,30.0,7452,31.347,40.0,False
AMZN,call,market,Wed,40.0,7452,27.55,48.0,False
AMZN,call,market,Wed,50.0,7452,23.94,55.0,False
AMZN,call,market,Wed,60.0,7452,21.404,60.0,False
AMZN,call,market,Wed,70.0,7452,19.069,64.0,False
AMZN,call,market,Wed,75.0,7452,17.982,66.0,False
AMZN,call,market,Wed,80.0,7452,17.123,68.0,False
AMZN,call,market,Wed,90.0,7452,15.553,72.0,False
AMZN,call,market,Wed,100.0,7452,14.01,74.0,False
AMZN,put,mid,Wed,20.0,6427,59.732,15.0,False
AMZN,put,mid,Wed,25.0,6427,56.854,18.0,False
AMZN,put,mid,Wed,30.0,6427,51.688,22.0,False
AMZN,put,mid,Wed,40.0,6427,44.049,28.0,False
AMZN,put,mid,Wed,50.0,6427,38.603,32.0,False
AMZN,put,mid,Wed,60.0,6427,34.044,38.0,False
AMZN,put,mid,Wed,70.0,6427,31.072,44.0,False
AMZN,put,mid,Wed,75.0,6427,29.781,46.0,False
AMZN,put,mid,Wed,80.0,6427,28.225,49.0,False
AMZN,put,mid,Wed,90.0,6427,25.953,53.0,False
AMZN,put,mid,Wed,100.0,6427,24.21,56.0,False
AMZN,put,market,Wed,20.0,6427,38.852,31.0,False
AMZN,put,market,Wed,25.0,6427,37.0,36.0,False
AMZN,put,market,Wed,30.0,6427,34.853,41.0,False
AMZN,put,market,Wed,40.0,6427,31.103,48.0,False
AMZN,put,market,Wed,50.0,6427,28.038,56.0,False
AMZN,put,market,Wed,60.0,6427,25.533,63.0,False
AMZN,put,market,Wed,70.0,6427,23.323,68.0,False
AMZN,put,market,Wed,75.0,6427,22.483,71.0,False
AMZN,put,market,Wed,80.0,6427,21.27,73.0,False
AMZN,put,market,Wed,90.0,6427,19.698,80.0,False
AMZN,put,market,Wed,100.0,6427,18.329,85.0,False
AMZN,call,mid,Mon,20.0,6512,52.795,15.0,False
AMZN,call,mid,Mon,25.0,6512,49.601,18.0,False
AMZN,call,mid,Mon,30.0,6512,44.948,22.0,False
AMZN,call,mid,Mon,40.0,6512,35.273,27.0,False
AMZN,call,mid,Mon,50.0,6512,29.684,31.0,False
AMZN,call,mid,Mon,60.0,6512,25.415,37.0,False
AMZN,call,mid,Mon,70.0,6512,22.574,41.0,False
AMZN,call,mid,Mon,75.0,6512,21.1,42.5,False
AMZN,call,mid,Mon,80.0,6512,20.009,45.0,False
AMZN,call,mid,Mon,90.0,6512,18.443,51.0,False
AMZN,call,mid,Mon,100.0,6512,16.999,52.0,False
AMZN,call,market,Mon,20.0,6512,32.356,28.0,False
AMZN,call,market,Mon,25.0,6512,29.807,33.0,False
AMZN,call,market,Mon,30.0,6512,27.042,37.0,False
AMZN,call,market,Mon,40.0,6512,23.173,44.0,False
AMZN,call,market,Mon,50.0,6512,20.117,53.0,False
AMZN,call,market,Mon,60.0,6512,17.26,58.0,False
AMZN,call,market,Mon,70.0,6512,15.372,64.0,False
AMZN,call,market,Mon,75.0,6512,14.757,68.0,False
AMZN,call,market,Mon,80.0,6512,14.005,72.0,False
AMZN,call,market,Mon,90.0,6512,12.454,77.0,False
AMZN,call,market,Mon,100.0,6512,11.241,80.0,False
AMZN,put,mid,Mon,20.0,5725,59.197,14.0,False
AMZN,put,mid,Mon,25.0,5725,56.297,16.0,False
AMZN,put,mid,Mon,30.0,5725,51.563,19.0,False
AMZN,put,mid,Mon,40.0,5725,44.245,25.0,False
AMZN,put,mid,Mon,50.0,5725,38.568,29.0,False
AMZN,put,mid,Mon,60.0,5725,33.083,35.5,False
AMZN,put,mid,Mon,70.0,5725,29.415,39.0,False
AMZN,put,mid,Mon,75.0,5725,28.07,41.0,False
AMZN,put,mid,Mon,80.0,5725,26.079,43.0,False
AMZN,put,mid,Mon,90.0,5725,23.895,45.0,False
AMZN,put,mid,Mon,100.0,5725,22.515,47.0,False
AMZN,put,market,Mon,20.0,5725,39.389,28.0,False
AMZN,put,market,Mon,25.0,5725,36.507,32.0,False
AMZN,put,market,Mon,30.0,5725,34.218,36.0,False
AMZN,put,market,Mon,40.0,5725,29.747,44.0,False
AMZN,put,market,Mon,50.0,5725,26.166,50.0,False
AMZN,put,market,Mon,60.0,5725,22.76,57.0,False
AMZN,put,market,Mon,70.0,5725,20.402,60.0,False
AMZN,put,market,Mon,75.0,5725,19.074,61.0,False
AMZN,put,market,Mon,80.0,5725,18.114,61.0,False
AMZN,put,market,Mon,90.0,5725,16.646,67.0,False
AMZN,put,market,Mon,100.0,5725,15.249,72.0,False
META,call,mid,Fri,20.0,36546,58.409,13.0,False
META,call,mid,Fri,25.0,36546,54.668,15.0,False
META,call,mid,Fri,30.0,36546,49.42,18.0,False
META,call,mid,Fri,40.0,36546,41.619,24.0,False
META,call,mid,Fri,50.0,36546,36.204,29.0,False
META,call,mid,Fri,60.0,36546,31.631,34.0,False
META,call,mid,Fri,70.0,36546,28.359,37.0,False
META,call,mid,Fri,75.0,36546,26.799,40.0,False
META,call,mid,Fri,80.0,36546,25.171,42.0,False
META,call,mid,Fri,90.0,36546,22.777,46.0,False
META,call,mid,Fri,100.0,36546,21.075,47.5,False
META,call,market,Fri,20.0,36546,42.516,21.0,False
META,call,market,Fri,25.0,36546,39.274,25.0,False
META,call,market,Fri,30.0,36546,36.319,28.0,False
META,call,market,Fri,40.0,36546,31.511,34.5,False
META,call,market,Fri,50.0,36546,27.76,41.0,False
META,call,market,Fri,60.0,36546,24.528,46.0,False
META,call,market,Fri,70.0,36546,21.915,50.0,False
META,call,market,Fri,75.0,36546,20.826,52.0,False
META,call,market,Fri,80.0,36546,19.781,54.0,False
META,call,market,Fri,90.0,36546,17.879,58.0,False
META,call,market,Fri,100.0,36546,16.333,61.0,False
META,put,mid,Fri,20.0,32319,65.042,12.0,False
META,put,mid,Fri,25.0,32319,61.512,15.0,False
META,put,mid,Fri,30.0,32319,56.911,18.0,False
META,put,mid,Fri,40.0,32319,49.887,23.0,False
META,put,mid,Fri,50.0,32319,44.373,28.0,False
META,put,mid,Fri,60.0,32319,39.642,33.0,False
META,put,mid,Fri,70.0,32319,36.022,37.0,False
META,put,mid,Fri,75.0,32319,34.376,39.0,False
META,put,mid,Fri,80.0,32319,32.615,41.0,False
META,put,mid,Fri,90.0,32319,29.8,45.0,False
META,put,mid,Fri,100.0,32319,27.699,48.0,False
META,put,market,Fri,20.0,32319,51.094,20.0,False
META,put,market,Fri,25.0,32319,48.04,24.0,False
META,put,market,Fri,30.0,32319,45.187,27.0,False
META,put,market,Fri,40.0,32319,40.045,33.0,False
META,put,market,Fri,50.0,32319,36.062,38.0,False
META,put,market,Fri,60.0,32319,32.572,43.0,False
META,put,market,Fri,70.0,32319,29.456,48.0,False
META,put,market,Fri,75.0,32319,28.213,51.0,False
META,put,market,Fri,80.0,32319,26.867,53.0,False
META,put,market,Fri,90.0,32319,24.475,56.5,False
META,put,market,Fri,100.0,32319,22.594,60.0,False
META,call,mid,Wed,20.0,7204,66.241,11.0,False
META,call,mid,Wed,25.0,7204,63.187,14.0,False
META,call,mid,Wed,30.0,7204,58.218,17.0,False
META,call,mid,Wed,40.0,7204,50.68,22.0,False
META,call,mid,Wed,50.0,7204,44.489,26.0,False
META,call,mid,Wed,60.0,7204,39.436,31.0,False
META,call,mid,Wed,70.0,7204,35.702,33.0,False
META,call,mid,Wed,75.0,7204,33.87,35.0,False
META,call,mid,Wed,80.0,7204,32.274,36.0,False
META,call,mid,Wed,90.0,7204,29.65,38.0,False
META,call,mid,Wed,100.0,7204,27.818,40.0,False
META,call,market,Wed,20.0,7204,51.735,21.0,False
META,call,market,Wed,25.0,7204,48.806,24.0,False
META,call,market,Wed,30.0,7204,45.378,27.0,False
META,call,market,Wed,40.0,7204,40.172,32.0,False
META,call,market,Wed,50.0,7204,35.675,36.0,False
META,call,market,Wed,60.0,7204,32.19,38.0,False
META,call,market,Wed,70.0,7204,29.539,41.5,False
META,call,market,Wed,75.0,7204,28.276,43.0,False
META,call,market,Wed,80.0,7204,27.138,45.0,False
META,call,market,Wed,90.0,7204,25.028,47.0,False
META,call,market,Wed,100.0,7204,23.39,49.0,False
META,put,mid,Wed,20.0,6811,67.406,11.0,False
META,put,mid,Wed,25.0,6811,64.484,14.0,False
META,put,mid,Wed,30.0,6811,60.373,16.5,False
META,put,mid,Wed,40.0,6811,53.34,23.0,False
META,put,mid,Wed,50.0,6811,47.614,28.0,False
META,put,mid,Wed,60.0,6811,42.578,34.0,False
META,put,mid,Wed,70.0,6811,38.746,37.0,False
META,put,mid,Wed,75.0,6811,36.676,38.0,False
META,put,mid,Wed,80.0,6811,34.943,40.0,False
META,put,mid,Wed,90.0,6811,32.125,43.0,False
META,put,mid,Wed,100.0,6811,29.731,46.0,False
META,put,market,Wed,20.0,6811,50.095,21.0,False
META,put,market,Wed,25.0,6811,47.482,24.0,False
META,put,market,Wed,30.0,6811,45.03,27.0,False
META,put,market,Wed,40.0,6811,40.537,34.0,False
META,put,market,Wed,50.0,6811,36.72,40.0,False
META,put,market,Wed,60.0,6811,33.255,44.0,False
META,put,market,Wed,70.0,6811,30.465,47.0,False
META,put,market,Wed,75.0,6811,29.35,49.0,False
META,put,market,Wed,80.0,6811,28.102,51.0,False
META,put,market,Wed,90.0,6811,25.885,57.0,False
META,put,market,Wed,100.0,6811,23.888,60.0,False
META,call,mid,Mon,20.0,6317,63.115,11.0,False
META,call,mid,Mon,25.0,6317,59.823,14.0,False
META,call,mid,Mon,30.0,6317,54.678,16.0,False
META,call,mid,Mon,40.0,6317,46.699,22.0,False
META,call,mid,Mon,50.0,6317,40.747,28.0,False
META,call,mid,Mon,60.0,6317,36.204,36.0,False
META,call,mid,Mon,70.0,6317,32.531,43.0,False
META,call,mid,Mon,75.0,6317,31.297,47.0,False
META,call,mid,Mon,80.0,6317,29.634,51.0,False
META,call,mid,Mon,90.0,6317,26.88,56.0,False
META,call,mid,Mon,100.0,6317,25.107,60.0,False
META,call,market,Mon,20.0,6317,44.736,21.0,False
META,call,market,Mon,25.0,6317,42.251,25.0,False
META,call,market,Mon,30.0,6317,39.433,28.0,False
META,call,market,Mon,40.0,6317,35.207,36.0,False
META,call,market,Mon,50.0,6317,31.471,45.0,False
META,call,market,Mon,60.0,6317,28.051,51.0,False
META,call,market,Mon,70.0,6317,25.772,59.0,False
META,call,market,Mon,75.0,6317,24.616,62.0,False
META,call,market,Mon,80.0,6317,23.271,66.0,False
META,call,market,Mon,90.0,6317,21.213,71.0,False
META,call,market,Mon,100.0,6317,19.503,76.0,False
META,put,mid,Mon,20.0,5669,61.316,11.0,False
META,put,mid,Mon,25.0,5669,58.035,12.5,False
META,put,mid,Mon,30.0,5669,53.008,15.0,False
META,put,mid,Mon,40.0,5669,46.216,19.0,False
META,put,mid,Mon,50.0,5669,40.43,23.5,False
META,put,mid,Mon,60.0,5669,35.474,27.0,False
META,put,mid,Mon,70.0,5669,31.999,31.0,False
META,put,mid,Mon,75.0,5669,30.376,33.0,False
META,put,mid,Mon,80.0,5669,28.294,34.0,False
META,put,mid,Mon,90.0,5669,25.507,36.0,False
META,put,mid,Mon,100.0,5669,23.549,37.0,False
META,put,market,Mon,20.0,5669,44.135,19.0,False
META,put,market,Mon,25.0,5669,41.33,22.0,False
META,put,market,Mon,30.0,5669,38.596,25.0,False
META,put,market,Mon,40.0,5669,33.674,30.0,False
META,put,market,Mon,50.0,5669,29.776,35.0,False
META,put,market,Mon,60.0,5669,26.107,39.0,False
META,put,market,Mon,70.0,5669,23.584,42.0,False
META,put,market,Mon,75.0,5669,22.244,42.0,False
META,put,market,Mon,80.0,5669,21.044,43.0,False
META,put,market,Mon,90.0,5669,18.945,46.0,False
META,put,market,Mon,100.0,5669,17.252,48.0,False
TSLA,call,mid,Fri,20.0,55364,55.52,15.0,False
TSLA,call,mid,Fri,25.0,55364,50.925,19.0,False
TSLA,call,mid,Fri,30.0,55364,46.279,22.0,False
TSLA,call,mid,Fri,40.0,55364,38.727,29.0,False
TSLA,call,mid,Fri,50.0,55364,33.498,34.0,False
TSLA,call,mid,Fri,60.0,55364,29.05,40.0,False
TSLA,call,mid,Fri,70.0,55364,25.889,44.0,False
TSLA,call,mid,Fri,75.0,55364,24.436,46.0,False
TSLA,call,mid,Fri,80.0,55364,23.01,47.0,False
TSLA,call,mid,Fri,90.0,55364,20.86,51.0,False
TSLA,call,mid,Fri,100.0,55364,18.976,53.0,False
TSLA,call,market,Fri,20.0,55364,45.857,23.0,False
TSLA,call,market,Fri,25.0,55364,41.809,27.0,False
TSLA,call,market,Fri,30.0,55364,38.243,31.0,False
TSLA,call,market,Fri,40.0,55364,32.698,37.0,False
TSLA,call,market,Fri,50.0,55364,28.3,43.0,False
TSLA,call,market,Fri,60.0,55364,24.991,48.0,False
TSLA,call,market,Fri,70.0,55364,22.186,52.0,False
TSLA,call,market,Fri,75.0,55364,20.992,54.0,False
TSLA,call,market,Fri,80.0,55364,19.841,56.0,False
TSLA,call,market,Fri,90.0,55364,17.986,59.0,False
TSLA,call,market,Fri,100.0,55364,16.326,62.0,False
TSLA,put,mid,Fri,20.0,54777,57.429,15.0,False
TSLA,put,mid,Fri,25.0,54777,53.417,17.0,False
TSLA,put,mid,Fri,30.0,54777,48.663,21.0,False
TSLA,put,mid,Fri,40.0,54777,41.284,26.0,False
TSLA,put,mid,Fri,50.0,54777,35.646,31.0,False
TSLA,put,mid,Fri,60.0,54777,31.185,36.0,False
TSLA,put,mid,Fri,70.0,54777,27.82,40.0,False
TSLA,put,mid,Fri,75.0,54777,26.305,42.0,False
TSLA,put,mid,Fri,80.0,54777,24.812,44.0,False
TSLA,put,mid,Fri,90.0,54777,22.637,47.0,False
TSLA,put,mid,Fri,100.0,54777,20.841,50.0,False
TSLA,put,market,Fri,20.0,54777,45.316,22.0,False
TSLA,put,market,Fri,25.0,54777,41.768,26.0,False
TSLA,put,market,Fri,30.0,54777,38.629,29.0,False
TSLA,put,market,Fri,40.0,54777,33.428,36.0,False
TSLA,put,market,Fri,50.0,54777,29.224,42.0,False
TSLA,put,market,Fri,60.0,54777,25.713,46.0,False
TSLA,put,market,Fri,70.0,54777,23.008,50.0,False
TSLA,put,market,Fri,75.0,54777,21.712,52.0,False
TSLA,put,market,Fri,80.0,54777,20.616,54.0,False
TSLA,put,market,Fri,90.0,54777,18.668,57.0,False
TSLA,put,market,Fri,100.0,54777,17.097,61.0,False
TSLA,call,mid,Wed,20.0,11822,57.698,14.0,False
TSLA,call,mid,Wed,25.0,11822,52.825,17.0,False
TSLA,call,mid,Wed,30.0,11822,47.175,20.0,False
TSLA,call,mid,Wed,40.0,11822,38.538,25.0,False
TSLA,call,mid,Wed,50.0,11822,32.338,28.0,False
TSLA,call,mid,Wed,60.0,11822,27.432,31.0,False
TSLA,call,mid,Wed,70.0,11822,23.812,34.0,False
TSLA,call,mid,Wed,75.0,11822,22.357,35.0,False
TSLA,call,mid,Wed,80.0,11822,20.885,36.0,False
TSLA,call,mid,Wed,90.0,11822,18.643,38.0,False
TSLA,call,mid,Wed,100.0,11822,16.926,40.0,False
TSLA,call,market,Wed,20.0,11822,45.212,21.0,False
TSLA,call,market,Wed,25.0,11822,40.974,24.0,False
TSLA,call,market,Wed,30.0,11822,37.143,26.0,False
TSLA,call,market,Wed,40.0,11822,30.79,31.0,False
TSLA,call,market,Wed,50.0,11822,25.833,35.0,False
TSLA,call,market,Wed,60.0,11822,22.128,39.0,False
TSLA,call,market,Wed,70.0,11822,19.295,41.0,False
TSLA,call,market,Wed,75.0,11822,18.009,43.0,False
TSLA,call,market,Wed,80.0,11822,17.002,44.5,False
TSLA,call,market,Wed,90.0,11822,14.93,45.0,False
TSLA,call,market,Wed,100.0,11822,13.568,49.0,False
TSLA,put,mid,Wed,20.0,11702,65.177,14.0,False
TSLA,put,mid,Wed,25.0,11702,61.562,17.0,False
TSLA,put,mid,Wed,30.0,11702,56.691,21.0,False
TSLA,put,mid,Wed,40.0,11702,49.308,27.0,False
TSLA,put,mid,Wed,50.0,11702,43.326,33.0,False
TSLA,put,mid,Wed,60.0,11702,38.156,40.0,False
TSLA,put,mid,Wed,70.0,11702,34.404,45.0,False
TSLA,put,mid,Wed,75.0,11702,32.396,48.0,False
TSLA,put,mid,Wed,80.0,11702,30.781,51.0,False
TSLA,put,mid,Wed,90.0,11702,27.867,55.0,False
TSLA,put,mid,Wed,100.0,11702,25.483,57.0,False
TSLA,put,market,Wed,20.0,11702,51.06,23.0,False
TSLA,put,market,Wed,25.0,11702,48.035,27.0,False
TSLA,put,market,Wed,30.0,11702,44.719,31.0,False
TSLA,put,market,Wed,40.0,11702,39.412,40.0,False
TSLA,put,market,Wed,50.0,11702,34.703,47.0,False
TSLA,put,market,Wed,60.0,11702,31.08,54.0,False
TSLA,put,market,Wed,70.0,11702,27.927,59.0,False
TSLA,put,market,Wed,75.0,11702,26.457,63.0,False
TSLA,put,market,Wed,80.0,11702,25.209,66.0,False
TSLA,put,market,Wed,90.0,11702,22.603,71.0,False
TSLA,put,market,Wed,100.0,11702,20.475,74.0,False
TSLA,call,mid,Mon,20.0,9931,58.051,14.0,False
TSLA,call,mid,Mon,25.0,9931,53.811,18.0,False
TSLA,call,mid,Mon,30.0,9931,49.28,22.0,False
TSLA,call,mid,Mon,40.0,9931,42.896,29.0,False
TSLA,call,mid,Mon,50.0,9931,37.902,37.0,False
TSLA,call,mid,Mon,60.0,9931,34.095,45.0,False
TSLA,call,mid,Mon,70.0,9931,31.115,51.0,False
TSLA,call,mid,Mon,75.0,9931,29.735,55.0,False
TSLA,call,mid,Mon,80.0,9931,28.607,58.0,False
TSLA,call,mid,Mon,90.0,9931,26.624,64.0,False
TSLA,call,mid,Mon,100.0,9931,25.184,67.0,False
TSLA,call,market,Mon,20.0,9931,47.679,22.0,False
TSLA,call,market,Mon,25.0,9931,44.527,26.0,False
TSLA,call,market,Mon,30.0,9931,41.678,31.0,False
TSLA,call,market,Mon,40.0,9931,37.126,40.0,False
TSLA,call,market,Mon,50.0,9931,33.39,47.5,False
TSLA,call,market,Mon,60.0,9931,30.45,55.0,False
TSLA,call,market,Mon,70.0,9931,27.892,64.0,False
TSLA,call,market,Mon,75.0,9931,26.976,66.0,False
TSLA,call,market,Mon,80.0,9931,26.15,70.0,False
TSLA,call,market,Mon,90.0,9931,24.711,74.0,False
TSLA,call,market,Mon,100.0,9931,23.401,78.0,False
TSLA,put,mid,Mon,20.0,10080,57.004,15.0,False
TSLA,put,mid,Mon,25.0,10080,53.71,18.0,False
TSLA,put,mid,Mon,30.0,10080,49.395,22.0,False
TSLA,put,mid,Mon,40.0,10080,41.647,29.0,False
TSLA,put,mid,Mon,50.0,10080,36.29,36.0,False
TSLA,put,mid,Mon,60.0,10080,31.607,42.0,False
TSLA,put,mid,Mon,70.0,10080,28.333,46.0,False
TSLA,put,mid,Mon,75.0,10080,26.528,47.5,False
TSLA,put,mid,Mon,80.0,10080,25.089,50.0,False
TSLA,put,mid,Mon,90.0,10080,22.579,52.5,False
TSLA,put,mid,Mon,100.0,10080,20.605,53.0,False
TSLA,put,market,Mon,20.0,10080,44.286,23.0,False
TSLA,put,market,Mon,25.0,10080,41.379,27.0,False
TSLA,put,market,Mon,30.0,10080,38.373,32.0,False
TSLA,put,market,Mon,40.0,10080,33.76,39.0,False
TSLA,put,market,Mon,50.0,10080,29.742,46.0,False
TSLA,put,market,Mon,60.0,10080,26.23,51.0,False
TSLA,put,market,Mon,70.0,10080,23.353,56.0,False
TSLA,put,market,Mon,75.0,10080,22.004,57.0,False
TSLA,put,market,Mon,80.0,10080,20.724,60.0,False
TSLA,put,market,Mon,90.0,10080,18.899,64.0,False
TSLA,put,market,Mon,100.0,10080,17.054,67.0,False
ORCL,call,mid,Fri,20.0,16205,57.297,15.0,False
ORCL,call,mid,Fri,25.0,16205,54.23,17.0,False
ORCL,call,mid,Fri,30.0,16205,48.516,20.0,False
ORCL,call,mid,Fri,40.0,16205,40.555,26.0,False
ORCL,call,mid,Fri,50.0,16205,34.027,31.0,False
ORCL,call,mid,Fri,60.0,16205,29.923,36.0,False
ORCL,call,mid,Fri,70.0,16205,27.06,40.0,False
ORCL,call,mid,Fri,75.0,16205,25.585,41.0,False
ORCL,call,mid,Fri,80.0,16205,24.116,44.0,False
ORCL,call,mid,Fri,90.0,16205,22.154,47.0,False
ORCL,call,mid,Fri,100.0,16205,20.673,50.0,False
ORCL,call,market,Fri,20.0,16205,33.533,26.0,False
ORCL,call,market,Fri,25.0,16205,31.317,28.0,False
ORCL,call,market,Fri,30.0,16205,28.96,32.0,False
ORCL,call,market,Fri,40.0,16205,24.924,38.0,False
ORCL,call,market,Fri,50.0,16205,22.191,44.0,False
ORCL,call,market,Fri,60.0,16205,19.858,50.0,False
ORCL,call,market,Fri,70.0,16205,17.797,55.0,False
ORCL,call,market,Fri,75.0,16205,16.921,57.0,False
ORCL,call,market,Fri,80.0,16205,16.014,58.0,False
ORCL,call,market,Fri,90.0,16205,14.526,61.0,False
ORCL,call,market,Fri,100.0,16205,13.385,65.0,False
ORCL,put,mid,Fri,20.0,12733,59.436,15.0,False
ORCL,put,mid,Fri,25.0,12733,56.13,17.0,False
ORCL,put,mid,Fri,30.0,12733,50.876,19.0,False
ORCL,put,mid,Fri,40.0,12733,43.807,23.0,False
ORCL,put,mid,Fri,50.0,12733,37.752,28.0,False
ORCL,put,mid,Fri,60.0,12733,33.346,33.0,False
ORCL,put,mid,Fri,70.0,12733,30.378,37.0,False
ORCL,put,mid,Fri,75.0,12733,28.619,39.0,False
ORCL,put,mid,Fri,80.0,12733,27.26,41.0,False
ORCL,put,mid,Fri,90.0,12733,25.116,45.0,False
ORCL,put,mid,Fri,100.0,12733,23.514,47.0,False
ORCL,put,market,Fri,20.0,12733,40.501,23.0,False
ORCL,put,market,Fri,25.0,12733,37.65,26.0,False
ORCL,put,market,Fri,30.0,12733,34.901,29.0,False
ORCL,put,market,Fri,40.0,12733,30.566,35.0,False
ORCL,put,market,Fri,50.0,12733,26.883,41.0,False
ORCL,put,market,Fri,60.0,12733,24.103,45.0,False
ORCL,put,market,Fri,70.0,12733,21.817,52.0,False
ORCL,put,market,Fri,75.0,12733,20.843,54.0,False
ORCL,put,market,Fri,80.0,12733,19.995,56.0,False
ORCL,put,market,Fri,90.0,12733,18.236,62.0,False
ORCL,put,market,Fri,100.0,12733,16.822,65.0,False
AMD,call,mid,Fri,20.0,28979,45.457,15.0,False
AMD,call,mid,Fri,25.0,28979,42.048,17.0,False
AMD,call,mid,Fri,30.0,28979,37.924,21.0,False
AMD,call,mid,Fri,40.0,28979,31.571,27.0,False
AMD,call,mid,Fri,50.0,28979,26.643,31.0,False
AMD,call,mid,Fri,60.0,28979,22.993,37.0,False
AMD,call,mid,Fri,70.0,28979,20.028,40.0,False
AMD,call,mid,Fri,75.0,28979,18.762,41.0,False
AMD,call,mid,Fri,80.0,28979,17.533,44.0,False
AMD,call,mid,Fri,90.0,28979,15.722,46.0,False
AMD,call,mid,Fri,100.0,28979,14.355,48.0,False
AMD,call,market,Fri,20.0,28979,33.19,26.0,False
AMD,call,market,Fri,25.0,28979,30.322,30.0,False
AMD,call,market,Fri,30.0,28979,27.737,34.0,False
AMD,call,market,Fri,40.0,28979,23.296,41.0,False
AMD,call,market,Fri,50.0,28979,19.897,46.0,False
AMD,call,market,Fri,60.0,28979,17.112,51.0,False
AMD,call,market,Fri,70.0,28979,15.038,56.0,False
AMD,call,market,Fri,75.0,28979,14.176,57.0,False
AMD,call,market,Fri,80.0,28979,13.33,60.0,False
AMD,call,market,Fri,90.0,28979,11.812,64.0,False
AMD,call,market,Fri,100.0,28979,10.656,67.0,False
AMD,put,mid,Fri,20.0,26014,55.985,13.0,False
AMD,put,mid,Fri,25.0,26014,52.714,15.0,False
AMD,put,mid,Fri,30.0,26014,47.993,18.0,False
AMD,put,mid,Fri,40.0,26014,40.609,24.0,False
AMD,put,mid,Fri,50.0,26014,35.442,28.0,False
AMD,put,mid,Fri,60.0,26014,31.033,33.0,False
AMD,put,mid,Fri,70.0,26014,27.839,37.0,False
AMD,put,mid,Fri,75.0,26014,26.374,38.0,False
AMD,put,mid,Fri,80.0,26014,24.979,41.0,False
AMD,put,mid,Fri,90.0,26014,22.93,45.0,False
AMD,put,mid,Fri,100.0,26014,21.146,47.0,False
AMD,put,market,Fri,20.0,26014,40.251,24.0,False
AMD,put,market,Fri,25.0,26014,37.207,27.0,False
AMD,put,market,Fri,30.0,26014,34.547,31.0,False
AMD,put,market,Fri,40.0,26014,29.953,37.0,False
AMD,put,market,Fri,50.0,26014,26.297,42.0,False
AMD,put,market,Fri,60.0,26014,23.114,47.0,False
AMD,put,market,Fri,70.0,26014,20.712,52.0,False
AMD,put,market,Fri,75.0,26014,19.759,55.0,False
AMD,put,market,Fri,80.0,26014,18.871,57.0,False
AMD,put,market,Fri,90.0,26014,17.056,61.0,False
AMD,put,market,Fri,100.0,26014,15.576,65.0,False
