date,opt_type,contract_symbol,strike,source,entry_frame,entry_price,exit_frame,exit_price,payoff_per_share,contracts,cost_dollars,pnl_dollars,profitable,note
2026-02-17,C,AAPL260218C00257500,257.5,REAL,9:30–9:36 AM,2.9833,2:20–2:29 PM,7.95,4.9667,1,298.33,496.67,True,1DTE (Wed expiry)
2026-02-24,C,AAPL260225C00270000,270.0,REAL,9:30–9:36 AM,2.9133,2:20–2:29 PM,3.2867,0.3733,1,291.33,37.33,True,1DTE (Wed expiry)
2026-03-03,C,AAPL260304C00262500,262.5,REAL,9:30–9:36 AM,2.5983,2:20–2:29 PM,2.6878,0.0894,1,259.83,8.94,True,1DTE (Wed expiry)
2026-03-10,C,AAPL260311C00257500,257.5,REAL,9:30–9:36 AM,3.0833,2:20–2:29 PM,4.7725,1.6892,1,308.33,168.92,True,1DTE (Wed expiry)
2026-03-17,C,AAPL260318C00252500,252.5,REAL,9:30–9:36 AM,2.1383,2:20–2:29 PM,2.435,0.2967,1,213.83,29.67,True,1DTE (Wed expiry)
2026-03-24,C,AAPL260325C00250000,250.0,REAL,9:30–9:36 AM,2.5517,2:20–2:29 PM,3.4433,0.8917,1,255.17,89.17,True,1DTE (Wed expiry)
2026-03-31,C,AAPL260401C00250000,250.0,REAL,9:30–9:36 AM,1.2917,2:20–2:29 PM,3.75,2.4583,1,129.17,245.83,True,1DTE (Wed expiry)
2026-04-07,C,AAPL260408C00255000,255.0,REAL,9:30–9:36 AM,1.4833,2:20–2:29 PM,0.7556,-0.7278,1,148.33,-72.78,False,1DTE (Wed expiry)
2026-04-14,C,AAPL260415C00260000,260.0,REAL,9:30–9:36 AM,1.705,2:20–2:29 PM,0.9767,-0.7283,1,170.5,-72.83,False,1DTE (Wed expiry)
2026-04-21,C,AAPL260422C00272500,272.5,REAL,9:30–9:36 AM,1.3983,2:20–2:29 PM,0.2257,-1.1726,1,139.83,-117.26,False,1DTE (Wed expiry)
2026-04-28,C,AAPL260429C00270000,270.0,REAL,9:30–9:36 AM,2.155,2:20–2:29 PM,2.1711,0.0161,1,215.5,1.61,True,1DTE (Wed expiry)
2026-05-05,C,AAPL260506C00277500,277.5,REAL,9:30–9:36 AM,2.3667,2:20–2:29 PM,6.86,4.4933,1,236.67,449.33,True,1DTE (Wed expiry)
2026-05-12,C,AAPL260513C00292500,292.5,REAL,9:30–9:36 AM,2.4483,2:20–2:29 PM,2.7771,0.3288,1,244.83,32.88,True,1DTE (Wed expiry)
2026-05-19,C,AAPL260520C00297500,297.5,REAL,9:30–9:36 AM,3.0417,2:20–2:29 PM,1.9657,-1.076,1,304.17,-107.6,False,1DTE (Wed expiry)
2026-05-26,C,AAPL260527C00310000,310.0,REAL,9:30–9:36 AM,2.3017,2:20–2:29 PM,1.3556,-0.9461,1,230.17,-94.61,False,1DTE (Wed expiry)
2026-06-02,C,AAPL260603C00307500,307.5,REAL,9:30–9:36 AM,3.22,2:20–2:29 PM,6.682,3.462,1,322.0,346.2,True,1DTE (Wed expiry)
2026-06-09,C,AAPL260610C00300000,300.0,REAL,9:30–9:36 AM,2.18,2:20–2:29 PM,0.1189,-2.0611,1,218.0,-206.11,False,1DTE (Wed expiry)
2026-06-16,C,AAPL260617C00295000,295.0,REAL,9:30–9:36 AM,2.4783,2:20–2:29 PM,4.2525,1.7742,1,247.83,177.42,True,1DTE (Wed expiry)
2026-06-23,C,AAPL260624C00297500,297.5,REAL,9:30–9:36 AM,2.2667,2:20–2:29 PM,2.3825,0.1158,1,226.67,11.58,True,1DTE (Wed expiry)
2026-06-30,C,AAPL260701C00282500,282.5,REAL,9:30–9:36 AM,2.8033,2:20–2:29 PM,6.55,3.7467,1,280.33,374.67,True,1DTE (Wed expiry)
2026-07-07,C,AAPL260708C00315000,315.0,REAL,9:30–9:36 AM,1.99,2:20–2:29 PM,0.6878,-1.3022,1,199.0,-130.22,False,1DTE (Wed expiry)
2026-02-17,C,MSFT260218C00397500,397.5,REAL,11:30–11:35 AM,4.095,1:40–1:45 PM,3.302,-0.793,1,409.5,-79.3,False,1DTE (Wed expiry)
2026-02-24,C,MSFT260225C00382500,382.5,REAL,11:30–11:35 AM,5.3,1:40–1:45 PM,6.02,0.72,1,530.0,72.0,True,1DTE (Wed expiry)
2026-03-03,C,MSFT260304C00397500,397.5,REAL,11:30–11:35 AM,4.685,1:40–1:45 PM,9.55,4.865,1,468.5,486.5,True,1DTE (Wed expiry)
2026-03-10,C,MSFT260311C00407500,407.5,REAL,11:30–11:35 AM,2.352,1:40–1:45 PM,2.128,-0.224,1,235.2,-22.4,False,1DTE (Wed expiry)
2026-03-17,C,MSFT260318C00400000,400.0,REAL,11:30–11:35 AM,2.08,1:40–1:45 PM,2.13,0.05,1,208.0,5.0,True,1DTE (Wed expiry)
2026-03-24,C,MSFT260325C00380000,380.0,REAL,11:30–11:35 AM,0.686,1:40–1:45 PM,0.436,-0.25,2,137.2,-50.0,False,1DTE (Wed expiry)
2026-03-31,C,MSFT260401C00365000,365.0,REAL,11:30–11:35 AM,2.514,1:40–1:45 PM,4.9,2.386,1,251.4,238.6,True,1DTE (Wed expiry)
2026-04-07,C,MSFT260408C00370000,370.0,REAL,11:30–11:35 AM,2.06,1:40–1:45 PM,3.5,1.44,1,206.0,144.0,True,1DTE (Wed expiry)
2026-04-14,C,MSFT260415C00387500,387.5,REAL,11:30–11:35 AM,5.818,1:40–1:45 PM,7.44,1.622,1,581.8,162.2,True,1DTE (Wed expiry)
2026-04-21,C,MSFT260422C00420000,420.0,REAL,11:30–11:35 AM,6.3625,1:40–1:45 PM,7.5,1.1375,1,636.25,113.75,True,1DTE (Wed expiry)
2026-04-28,C,MSFT260429C00422500,422.5,SIM,11:30–11:35 AM,6.9075,1:40–1:45 PM,7.648,0.7405,1,690.75,74.05,True,1DTE (Wed expiry)
2026-05-05,C,MSFT260506C00415000,415.0,REAL,11:30–11:35 AM,1.7025,1:40–1:45 PM,1.33,-0.3725,1,170.25,-37.25,False,1DTE (Wed expiry)
2026-05-12,C,MSFT260513C00412500,412.5,REAL,11:30–11:35 AM,1.328,1:40–1:45 PM,1.412,0.084,1,132.8,8.4,True,1DTE (Wed expiry)
2026-05-19,C,MSFT260520C00432500,432.5,REAL,11:30–11:35 AM,0.712,1:40–1:45 PM,0.525,-0.187,2,142.4,-37.4,False,1DTE (Wed expiry)
2026-05-26,C,MSFT260527C00415000,415.0,REAL,11:30–11:35 AM,2.934,1:40–1:45 PM,1.864,-1.07,1,293.4,-107.0,False,1DTE (Wed expiry)
2026-06-02,C,MSFT260603C00450000,450.0,REAL,11:30–11:35 AM,3.8025,1:40–1:45 PM,2.648,-1.1545,1,380.25,-115.45,False,1DTE (Wed expiry)
2026-06-09,C,MSFT260610C00407500,407.5,REAL,11:30–11:35 AM,1.904,1:40–1:45 PM,1.39,-0.514,1,190.4,-51.4,False,1DTE (Wed expiry)
2026-06-16,C,MSFT260617C00395000,395.0,REAL,11:30–11:35 AM,2.516,1:40–1:45 PM,1.6033,-0.9127,1,251.6,-91.27,False,1DTE (Wed expiry)
2026-06-23,C,MSFT260624C00370000,370.0,REAL,11:30–11:35 AM,4.866,1:40–1:45 PM,5.65,0.784,1,486.6,78.4,True,1DTE (Wed expiry)
2026-06-30,C,MSFT260701C00370000,370.0,REAL,11:30–11:35 AM,3.734,1:40–1:45 PM,3.774,0.04,1,373.4,4.0,True,1DTE (Wed expiry)
2026-07-07,C,MSFT260708C00392500,392.5,REAL,11:30–11:35 AM,4.052,1:40–1:45 PM,3.65,-0.402,1,405.2,-40.2,False,1DTE (Wed expiry)
2026-02-17,C,GOOGL260218C00300000,300.0,REAL,9:30–9:35 AM,3.898,11:19–11:30 AM,4.1609,0.2629,1,389.8,26.29,True,1DTE (Wed expiry)
2026-02-24,C,GOOGL260225C00310000,310.0,REAL,9:30–9:35 AM,2.444,11:19–11:30 AM,3.0629,0.6189,1,244.4,61.89,True,1DTE (Wed expiry)
2026-03-03,C,GOOGL260304C00297500,297.5,REAL,9:30–9:35 AM,4.16,11:19–11:30 AM,5.1538,0.9938,1,416.0,99.38,True,1DTE (Wed expiry)
2026-03-10,C,GOOGL260311C00310000,310.0,REAL,9:30–9:35 AM,1.508,11:19–11:30 AM,1.65,0.142,1,150.8,14.2,True,1DTE (Wed expiry)
2026-03-17,C,GOOGL260318C00305000,305.0,REAL,9:30–9:35 AM,3.56,11:19–11:30 AM,3.194,-0.366,1,356.0,-36.6,False,1DTE (Wed expiry)
2026-03-24,C,GOOGL260325C00297500,297.5,REAL,9:30–9:35 AM,3.866,11:19–11:30 AM,1.6427,-2.2233,1,386.6,-222.33,False,1DTE (Wed expiry)
2026-03-31,C,GOOGL260401C00277500,277.5,REAL,9:30–9:35 AM,3.026,11:19–11:30 AM,5.2167,2.1907,1,302.6,219.07,True,1DTE (Wed expiry)
2026-04-07,C,GOOGL260408C00302500,302.5,REAL,9:30–9:35 AM,2.218,11:19–11:30 AM,1.8178,-0.4002,1,221.8,-40.02,False,1DTE (Wed expiry)
2026-04-14,C,GOOGL260415C00325000,325.0,REAL,9:30–9:35 AM,2.246,11:19–11:30 AM,6.2156,3.9696,1,224.6,396.96,True,1DTE (Wed expiry)
2026-04-21,C,GOOGL260422C00337500,337.5,REAL,9:30–9:35 AM,2.436,11:19–11:30 AM,2.7022,0.2662,1,243.6,26.62,True,1DTE (Wed expiry)
2026-04-28,C,GOOGL260429C00347500,347.5,SIM,9:30–9:35 AM,4.2382,11:19–11:30 AM,6.072,1.8338,1,423.82,183.38,True,1DTE (Wed expiry)
2026-05-05,C,GOOGL260506C00387500,387.5,REAL,9:30–9:35 AM,3.042,11:19–11:30 AM,3.872,0.83,1,304.2,83.0,True,1DTE (Wed expiry)
2026-05-12,C,GOOGL260513C00387500,387.5,REAL,9:30–9:35 AM,2.832,11:19–11:30 AM,2.9633,0.1313,1,283.2,13.13,True,1DTE (Wed expiry)
2026-05-19,C,GOOGL260520C00395000,395.0,REAL,9:30–9:35 AM,5.212,11:19–11:30 AM,2.4064,-2.8056,1,521.2,-280.56,False,1DTE (Wed expiry)
2026-05-26,C,GOOGL260527C00385000,385.0,REAL,9:30–9:35 AM,3.2333,11:19–11:30 AM,3.4233,0.19,1,323.33,19.0,True,1DTE (Wed expiry)
2026-06-02,C,GOOGL260603C00362500,362.5,REAL,9:30–9:35 AM,3.25,11:19–11:30 AM,8.21,4.96,1,325.0,496.0,True,1DTE (Wed expiry)
2026-06-09,C,GOOGL260610C00367500,367.5,REAL,9:30–9:35 AM,4.994,11:19–11:30 AM,1.2827,-3.7113,1,499.4,-371.13,False,1DTE (Wed expiry)
2026-06-16,C,GOOGL260617C00370000,370.0,REAL,9:30–9:35 AM,3.752,11:19–11:30 AM,6.2437,2.4917,1,375.2,249.17,True,1DTE (Wed expiry)
2026-06-23,C,GOOGL260624C00342500,342.5,REAL,9:30–9:35 AM,4.5025,11:19–11:30 AM,5.14,0.6375,1,450.25,63.75,True,1DTE (Wed expiry)
2026-06-30,C,GOOGL260701C00352500,352.5,REAL,9:30–9:35 AM,3.486,11:19–11:30 AM,5.383,1.897,1,348.6,189.7,True,1DTE (Wed expiry)
2026-07-07,C,GOOGL260708C00367500,367.5,REAL,9:30–9:35 AM,3.562,11:19–11:30 AM,3.5712,0.0092,1,356.2,0.92,True,1DTE (Wed expiry)
2026-02-17,C,AMZN260218C00200000,200.0,REAL,11:31–11:36 AM,2.44,1:41–1:46 PM,2.444,0.004,1,244.0,0.4,True,1DTE (Wed expiry)
2026-02-24,C,AMZN260225C00205000,205.0,REAL,11:31–11:36 AM,4.355,1:41–1:46 PM,5.17,0.815,1,435.5,81.5,True,1DTE (Wed expiry)
2026-03-03,C,AMZN260304C00202500,202.5,REAL,11:31–11:36 AM,4.1033,1:41–1:46 PM,6.268,2.1647,1,410.33,216.47,True,1DTE (Wed expiry)
2026-03-10,C,AMZN260311C00215000,215.0,REAL,11:31–11:36 AM,1.488,1:41–1:46 PM,1.67,0.182,1,148.8,18.2,True,1DTE (Wed expiry)
2026-03-17,C,AMZN260318C00212500,212.5,REAL,11:31–11:36 AM,,1:41–1:46 PM,,,,,,,no usable price in entry/exit frame
2026-03-24,C,AMZN260325C00207500,207.5,REAL,11:31–11:36 AM,2.014,1:41–1:46 PM,1.5925,-0.4215,1,201.4,-42.15,False,1DTE (Wed expiry)
2026-03-31,C,AMZN260401C00205000,205.0,REAL,11:31–11:36 AM,2.388,1:41–1:46 PM,4.5133,2.1253,1,238.8,212.53,True,1DTE (Wed expiry)
2026-04-07,C,AMZN260408C00210000,210.0,REAL,11:31–11:36 AM,2.302,1:41–1:46 PM,3.778,1.476,1,230.2,147.6,True,1DTE (Wed expiry)
2026-04-14,C,AMZN260415C00242500,242.5,REAL,11:31–11:36 AM,5.77,1:41–1:46 PM,9.6333,3.8633,1,577.0,386.33,True,1DTE (Wed expiry)
2026-04-21,C,AMZN260422C00252500,252.5,REAL,11:31–11:36 AM,1.972,1:41–1:46 PM,2.084,0.112,1,197.2,11.2,True,1DTE (Wed expiry)
2026-04-28,C,AMZN260429C00255000,255.0,REAL,11:31–11:36 AM,,1:41–1:46 PM,,,,,,,no usable price in entry/exit frame
2026-05-05,C,AMZN260506C00277500,277.5,REAL,11:31–11:36 AM,1.496,1:41–1:46 PM,0.6625,-0.8335,1,149.6,-83.35,False,1DTE (Wed expiry)
2026-05-12,C,AMZN260513C00267500,267.5,REAL,11:31–11:36 AM,0.896,1:41–1:46 PM,0.624,-0.272,2,179.2,-54.4,False,1DTE (Wed expiry)
2026-05-19,C,AMZN260520C00262500,262.5,REAL,11:31–11:36 AM,0.314,1:41–1:46 PM,0.644,0.33,4,125.6,132.0,True,1DTE (Wed expiry)
2026-05-26,C,AMZN260527C00267500,267.5,REAL,11:31–11:36 AM,0.612,1:41–1:46 PM,0.3267,-0.2853,2,122.4,-57.07,False,1DTE (Wed expiry)
2026-06-02,C,AMZN260603C00257500,257.5,REAL,11:31–11:36 AM,3.8825,1:41–1:46 PM,2.274,-1.6085,1,388.25,-160.85,False,1DTE (Wed expiry)
2026-06-09,C,AMZN260610C00247500,247.5,REAL,11:31–11:36 AM,0.608,1:41–1:46 PM,0.954,0.346,2,121.6,69.2,True,1DTE (Wed expiry)
2026-06-16,C,AMZN260617C00247500,247.5,REAL,11:31–11:36 AM,2.518,1:41–1:46 PM,1.098,-1.42,1,251.8,-142.0,False,1DTE (Wed expiry)
2026-06-23,C,AMZN260624C00232500,232.5,REAL,11:31–11:36 AM,2.61,1:41–1:46 PM,2.845,0.235,1,261.0,23.5,True,1DTE (Wed expiry)
2026-06-30,C,AMZN260701C00237500,237.5,REAL,11:31–11:36 AM,2.768,1:41–1:46 PM,2.87,0.102,1,276.8,10.2,True,1DTE (Wed expiry)
2026-07-07,C,AMZN260708C00245000,245.0,REAL,11:31–11:36 AM,1.352,1:41–1:46 PM,2.3333,0.9813,1,135.2,98.13,True,1DTE (Wed expiry)
2026-02-17,C,NVDA260218C00180000,180.0,REAL,11:28–11:33 AM,4.596,2:35–2:40 PM,7.142,2.546,1,459.6,254.6,True,1DTE (Wed expiry)
2026-02-24,C,NVDA260225C00190000,190.0,SIM,11:28–11:33 AM,3.4221,2:35–2:40 PM,3.4915,0.0693,1,342.21,6.93,True,1DTE (Wed expiry)
2026-03-03,C,NVDA260304C00180000,180.0,REAL,11:28–11:33 AM,1.766,2:35–2:40 PM,1.792,0.026,1,176.6,2.6,True,1DTE (Wed expiry)
2026-03-10,C,NVDA260311C00185000,185.0,REAL,11:28–11:33 AM,2.326,2:35–2:40 PM,1.73,-0.596,1,232.6,-59.6,False,1DTE (Wed expiry)
2026-03-17,C,NVDA260318C00185000,185.0,REAL,11:28–11:33 AM,0.896,2:35–2:40 PM,0.682,-0.214,2,179.2,-42.8,False,1DTE (Wed expiry)
2026-03-24,C,NVDA260325C00175000,175.0,REAL,11:28–11:33 AM,1.904,2:35–2:40 PM,1.96,0.056,1,190.4,5.6,True,1DTE (Wed expiry)
2026-03-31,C,NVDA260401C00165000,165.0,REAL,11:28–11:33 AM,5.655,2:35–2:40 PM,8.5033,2.8483,1,565.5,284.83,True,1DTE (Wed expiry)
2026-04-07,C,NVDA260408C00175000,175.0,REAL,11:28–11:33 AM,1.746,2:35–2:40 PM,2.2125,0.4665,1,174.6,46.65,True,1DTE (Wed expiry)
2026-04-14,C,NVDA260415C00190000,190.0,REAL,11:28–11:33 AM,3.914,2:35–2:40 PM,5.035,1.121,1,391.4,112.1,True,1DTE (Wed expiry)
2026-04-21,C,NVDA260422C00202500,202.5,REAL,11:28–11:33 AM,1.064,2:35–2:40 PM,0.646,-0.418,1,106.4,-41.8,False,1DTE (Wed expiry)
2026-04-28,C,NVDA260429C00210000,210.0,REAL,11:28–11:33 AM,2.252,2:35–2:40 PM,4.282,2.03,1,225.2,203.0,True,1DTE (Wed expiry)
2026-05-05,C,NVDA260506C00200000,200.0,REAL,11:28–11:33 AM,0.908,2:35–2:40 PM,1.0,0.092,2,181.6,18.4,True,1DTE (Wed expiry)
2026-05-12,C,NVDA260513C00217500,217.5,REAL,11:28–11:33 AM,1.672,2:35–2:40 PM,3.45,1.778,1,167.2,177.8,True,1DTE (Wed expiry)
2026-05-19,C,NVDA260520C00220000,220.0,SIM,11:28–11:33 AM,2.9803,2:35–2:40 PM,3.8733,0.893,1,298.03,89.3,True,1DTE (Wed expiry)
2026-05-26,C,NVDA260527C00215000,215.0,REAL,11:28–11:33 AM,1.724,2:35–2:40 PM,1.166,-0.558,1,172.4,-55.8,False,1DTE (Wed expiry)
2026-06-02,C,NVDA260603C00225000,225.0,REAL,11:28–11:33 AM,3.226,2:35–2:40 PM,1.14,-2.086,1,322.6,-208.6,False,1DTE (Wed expiry)
2026-06-09,C,NVDA260610C00212500,212.5,REAL,11:28–11:33 AM,0.176,2:35–2:40 PM,0.426,0.25,6,105.6,150.0,True,1DTE (Wed expiry)
2026-06-16,C,NVDA260617C00210000,210.0,REAL,11:28–11:33 AM,1.426,2:35–2:40 PM,1.228,-0.198,1,142.6,-19.8,False,1DTE (Wed expiry)
2026-06-23,C,NVDA260624C00200000,200.0,REAL,11:28–11:33 AM,2.516,2:35–2:40 PM,2.495,-0.021,1,251.6,-2.1,False,1DTE (Wed expiry)
2026-06-30,C,NVDA260701C00195000,195.0,REAL,11:28–11:33 AM,3.934,2:35–2:40 PM,3.9525,0.0185,1,393.4,1.85,True,1DTE (Wed expiry)
2026-07-07,C,NVDA260708C00190000,190.0,REAL,11:28–11:33 AM,3.766,2:35–2:40 PM,7.6,3.834,1,376.6,383.4,True,1DTE (Wed expiry)
2026-02-17,C,META260218C00635000,635.0,REAL,12:08–12:13 PM,6.7133,2:14–2:19 PM,9.18,2.4667,1,671.33,246.67,True,1DTE (Wed expiry)
2026-02-24,C,META260225C00630000,630.0,REAL,12:08–12:13 PM,,2:14–2:19 PM,,,,,,,no usable price in entry/exit frame
2026-03-03,C,META260304C00650000,650.0,REAL,12:08–12:13 PM,7.175,2:14–2:19 PM,9.37,2.195,1,717.5,219.5,True,1DTE (Wed expiry)
2026-03-10,C,META260311C00655000,655.0,REAL,12:08–12:13 PM,6.09,2:14–2:19 PM,6.2167,0.1267,1,609.0,12.67,True,1DTE (Wed expiry)
2026-03-17,C,META260318C00630000,630.0,REAL,12:08–12:13 PM,3.018,2:14–2:19 PM,2.224,-0.794,1,301.8,-79.4,False,1DTE (Wed expiry)
2026-03-24,C,META260325C00600000,600.0,REAL,12:08–12:13 PM,2.515,2:14–2:19 PM,2.5675,0.0525,1,251.5,5.25,True,1DTE (Wed expiry)
2026-03-31,C,META260401C00550000,550.0,REAL,12:08–12:13 PM,12.2133,2:14–2:19 PM,21.4,9.1867,1,1221.33,918.67,True,1DTE (Wed expiry)
2026-04-07,C,META260408C00570000,570.0,REAL,12:08–12:13 PM,,2:14–2:19 PM,,,,,,,no usable price in entry/exit frame
2026-04-14,C,META260415C00640000,640.0,REAL,12:08–12:13 PM,,2:14–2:19 PM,,,,,,,no usable price in entry/exit frame
2026-04-21,C,META260422C00670000,670.0,REAL,12:08–12:13 PM,6.026,2:14–2:19 PM,6.688,0.662,1,602.6,66.2,True,1DTE (Wed expiry)
2026-04-28,C,META260429C00670000,670.0,SIM,12:08–12:13 PM,6.0492,2:14–2:19 PM,7.386,1.3368,1,604.92,133.68,True,1DTE (Wed expiry)
2026-05-05,C,META260506C00615000,615.0,REAL,12:08–12:13 PM,0.834,2:14–2:19 PM,1.065,0.231,2,166.8,46.2,True,1DTE (Wed expiry)
2026-05-12,C,META260513C00595000,595.0,REAL,12:08–12:13 PM,,2:14–2:19 PM,,,,,,,no usable price in entry/exit frame
2026-05-19,C,META260520C00610000,610.0,REAL,12:08–12:13 PM,2.296,2:14–2:19 PM,1.776,-0.52,1,229.6,-52.0,False,1DTE (Wed expiry)
2026-05-26,C,META260527C00610000,610.0,REAL,12:08–12:13 PM,4.086,2:14–2:19 PM,4.09,0.004,1,408.6,0.4,True,1DTE (Wed expiry)
2026-06-02,C,META260603C00600000,600.0,REAL,12:08–12:13 PM,,2:14–2:19 PM,,,,,,,no usable price in entry/exit frame
2026-06-09,C,META260610C00590000,590.0,REAL,12:08–12:13 PM,4.1375,2:14–2:19 PM,4.375,0.2375,1,413.75,23.75,True,1DTE (Wed expiry)
2026-06-16,C,META260617C00595000,595.0,REAL,12:08–12:13 PM,5.41,2:14–2:19 PM,6.126,0.716,1,541.0,71.6,True,1DTE (Wed expiry)
2026-06-23,C,META260624C00565000,565.0,REAL,12:08–12:13 PM,4.074,2:14–2:19 PM,4.162,0.088,1,407.4,8.8,True,1DTE (Wed expiry)
2026-06-30,C,META260701C00560000,560.0,REAL,12:08–12:13 PM,3.844,2:14–2:19 PM,5.438,1.594,1,384.4,159.4,True,1DTE (Wed expiry)
2026-07-07,C,META260708C00605000,605.0,REAL,12:08–12:13 PM,5.896,2:14–2:19 PM,15.73,9.834,1,589.6,983.4,True,1DTE (Wed expiry)
2026-02-17,C,TSLA260218C00410000,410.0,REAL,12:32–12:37 PM,2.966,3:42–3:47 PM,5.208,2.242,1,296.6,224.2,True,1DTE (Wed expiry)
2026-02-24,C,TSLA260225C00400000,400.0,REAL,12:32–12:37 PM,7.016,3:42–3:47 PM,11.098,4.082,1,701.6,408.2,True,1DTE (Wed expiry)
2026-03-03,C,TSLA260304C00395000,395.0,REAL,12:32–12:37 PM,2.42,3:42–3:47 PM,2.704,0.284,1,242.0,28.4,True,1DTE (Wed expiry)
2026-03-10,C,TSLA260311C00405000,405.0,REAL,12:32–12:37 PM,3.244,3:42–3:47 PM,2.134,-1.11,1,324.4,-111.0,False,1DTE (Wed expiry)
2026-03-17,C,TSLA260318C00395000,395.0,REAL,12:32–12:37 PM,5.024,3:42–3:47 PM,5.58,0.556,1,502.4,55.6,True,1DTE (Wed expiry)
2026-03-24,C,TSLA260325C00380000,380.0,REAL,12:32–12:37 PM,5.926,3:42–3:47 PM,6.226,0.3,1,592.6,30.0,True,1DTE (Wed expiry)
2026-03-31,C,TSLA260401C00362500,362.5,REAL,12:32–12:37 PM,5.352,3:42–3:47 PM,10.54,5.188,1,535.2,518.8,True,1DTE (Wed expiry)
2026-04-07,C,TSLA260408C00347500,347.5,REAL,12:32–12:37 PM,2.352,3:42–3:47 PM,2.61,0.258,1,235.2,25.8,True,1DTE (Wed expiry)
2026-04-14,C,TSLA260415C00357500,357.5,REAL,12:32–12:37 PM,10.158,3:42–3:47 PM,8.1425,-2.0155,1,1015.8,-201.55,False,1DTE (Wed expiry)
2026-04-21,C,TSLA260422C00392500,392.5,SIM,12:32–12:37 PM,2.7853,3:42–3:47 PM,1.2831,-1.5022,1,278.53,-150.22,False,1DTE (Wed expiry)
2026-04-28,C,TSLA260429C00375000,375.0,REAL,12:32–12:37 PM,4.334,3:42–3:47 PM,4.628,0.294,1,433.4,29.4,True,1DTE (Wed expiry)
2026-05-05,C,TSLA260506C00397500,397.5,REAL,12:32–12:37 PM,2.102,3:42–3:47 PM,1.88,-0.222,1,210.2,-22.2,False,1DTE (Wed expiry)
2026-05-12,C,TSLA260513C00440000,440.0,REAL,12:32–12:37 PM,1.736,3:42–3:47 PM,3.512,1.776,1,173.6,177.6,True,1DTE (Wed expiry)
2026-05-19,C,TSLA260520C00402500,402.5,REAL,12:32–12:37 PM,2.522,3:42–3:47 PM,4.665,2.143,1,252.2,214.3,True,1DTE (Wed expiry)
2026-05-26,C,TSLA260527C00432500,432.5,REAL,12:32–12:37 PM,3.934,3:42–3:47 PM,4.598,0.664,1,393.4,66.4,True,1DTE (Wed expiry)
2026-06-02,C,TSLA260603C00417500,417.5,REAL,12:32–12:37 PM,6.53,3:42–3:47 PM,7.448,0.918,1,653.0,91.8,True,1DTE (Wed expiry)
2026-06-09,C,TSLA260610C00415000,415.0,REAL,12:32–12:37 PM,0.384,3:42–3:47 PM,0.444,0.06,3,115.2,18.0,True,1DTE (Wed expiry)
2026-06-16,C,TSLA260617C00402500,402.5,REAL,12:32–12:37 PM,5.572,3:42–3:47 PM,6.586,1.014,1,557.2,101.4,True,1DTE (Wed expiry)
2026-06-23,C,TSLA260624C00387500,387.5,REAL,12:32–12:37 PM,2.742,3:42–3:47 PM,1.994,-0.748,1,274.2,-74.8,False,1DTE (Wed expiry)
2026-06-30,C,TSLA260701C00407500,407.5,REAL,12:32–12:37 PM,10.975,3:42–3:47 PM,16.19,5.215,1,1097.5,521.5,True,1DTE (Wed expiry)
2026-07-07,C,TSLA260708C00417500,417.5,REAL,12:32–12:37 PM,1.41,3:42–3:47 PM,0.716,-0.694,1,141.0,-69.4,False,1DTE (Wed expiry)
2026-02-17,P,AAPL260218P00257500,257.5,REAL,2:40–2:45 PM,0.185,3:41–3:46 PM,0.276,0.091,6,111.0,54.6,True,1DTE (Wed expiry)
2026-02-24,P,AAPL260225P00270000,270.0,REAL,2:40–2:45 PM,0.952,3:41–3:46 PM,1.046,0.094,2,190.4,18.8,True,1DTE (Wed expiry)
2026-03-03,P,AAPL260304P00262500,262.5,REAL,2:40–2:45 PM,1.224,3:41–3:46 PM,1.542,0.318,1,122.4,31.8,True,1DTE (Wed expiry)
2026-03-10,P,AAPL260311P00257500,257.5,REAL,2:40–2:45 PM,0.6367,3:41–3:46 PM,0.73,0.0933,2,127.33,18.67,True,1DTE (Wed expiry)
2026-03-17,P,AAPL260318P00252500,252.5,REAL,2:40–2:45 PM,0.818,3:41–3:46 PM,0.82,0.002,2,163.6,0.4,True,1DTE (Wed expiry)
2026-03-24,P,AAPL260325P00250000,250.0,REAL,2:40–2:45 PM,0.77,3:41–3:46 PM,1.042,0.272,2,154.0,54.4,True,1DTE (Wed expiry)
2026-03-31,P,AAPL260401P00250000,250.0,REAL,2:40–2:45 PM,0.582,3:41–3:46 PM,0.414,-0.168,2,116.4,-33.6,False,1DTE (Wed expiry)
2026-04-07,P,AAPL260408P00255000,255.0,REAL,2:40–2:45 PM,,3:41–3:46 PM,,,,,,,no usable price in entry/exit frame
2026-04-14,P,AAPL260415P00260000,260.0,REAL,2:40–2:45 PM,2.474,3:41–3:46 PM,2.345,-0.129,1,247.4,-12.9,False,1DTE (Wed expiry)
2026-04-21,P,AAPL260422P00272500,272.5,REAL,2:40–2:45 PM,5.52,3:41–3:46 PM,6.235,0.715,1,552.0,71.5,True,1DTE (Wed expiry)
2026-04-28,P,AAPL260429P00270000,270.0,REAL,2:40–2:45 PM,1.702,3:41–3:46 PM,1.4775,-0.2245,1,170.2,-22.45,False,1DTE (Wed expiry)
2026-05-05,P,AAPL260506P00277500,277.5,REAL,2:40–2:45 PM,0.2325,3:41–3:46 PM,0.156,-0.0765,5,116.25,-38.25,False,1DTE (Wed expiry)
2026-05-12,P,AAPL260513P00292500,292.5,REAL,2:40–2:45 PM,0.998,3:41–3:46 PM,0.872,-0.126,2,199.6,-25.2,False,1DTE (Wed expiry)
2026-05-19,P,AAPL260520P00297500,297.5,REAL,2:40–2:45 PM,1.378,3:41–3:46 PM,1.28,-0.098,1,137.8,-9.8,False,1DTE (Wed expiry)
2026-05-26,P,AAPL260527P00310000,310.0,REAL,2:40–2:45 PM,1.5967,3:41–3:46 PM,2.14,0.5433,1,159.67,54.33,True,1DTE (Wed expiry)
2026-06-02,P,AAPL260603P00307500,307.5,REAL,2:40–2:45 PM,0.156,3:41–3:46 PM,0.112,-0.044,7,109.2,-30.8,False,1DTE (Wed expiry)
2026-06-09,P,AAPL260610P00300000,300.0,REAL,2:40–2:45 PM,8.942,3:41–3:46 PM,10.705,1.763,1,894.2,176.3,True,1DTE (Wed expiry)
2026-06-16,P,AAPL260617P00295000,295.0,REAL,2:40–2:45 PM,0.314,3:41–3:46 PM,0.428,0.114,4,125.6,45.6,True,1DTE (Wed expiry)
2026-06-23,P,AAPL260624P00297500,297.5,REAL,2:40–2:45 PM,1.58,3:41–3:46 PM,2.768,1.188,1,158.0,118.8,True,1DTE (Wed expiry)
2026-06-30,P,AAPL260701P00282500,282.5,REAL,2:40–2:45 PM,0.38,3:41–3:46 PM,0.298,-0.082,3,114.0,-24.6,False,1DTE (Wed expiry)
2026-07-07,P,AAPL260708P00315000,315.0,REAL,2:40–2:45 PM,2.79,3:41–3:46 PM,3.76,0.97,1,279.0,97.0,True,1DTE (Wed expiry)
2026-02-17,P,MSFT260218P00397500,397.5,REAL,9:50–10:45 AM,4.3046,10:54 AM–12:45 PM,3.0368,-1.2678,1,430.46,-126.78,False,1DTE (Wed expiry)
2026-02-24,P,MSFT260225P00382500,382.5,REAL,9:50–10:45 AM,1.8183,10:54 AM–12:45 PM,1.4648,-0.3535,1,181.83,-35.35,False,1DTE (Wed expiry)
2026-03-03,P,MSFT260304P00397500,397.5,REAL,9:50–10:45 AM,5.1572,10:54 AM–12:45 PM,2.3936,-2.7637,1,515.72,-276.37,False,1DTE (Wed expiry)
2026-03-10,P,MSFT260311P00407500,407.5,REAL,9:50–10:45 AM,5.0193,10:54 AM–12:45 PM,3.6623,-1.357,1,501.93,-135.7,False,1DTE (Wed expiry)
2026-03-17,P,MSFT260318P00400000,400.0,REAL,9:50–10:45 AM,2.3844,10:54 AM–12:45 PM,3.0413,0.657,1,238.44,65.7,True,1DTE (Wed expiry)
2026-03-24,P,MSFT260325P00380000,380.0,REAL,9:50–10:45 AM,6.5482,10:54 AM–12:45 PM,7.1392,0.591,1,654.82,59.1,True,1DTE (Wed expiry)
2026-03-31,P,MSFT260401P00365000,365.0,REAL,9:50–10:45 AM,2.4751,10:54 AM–12:45 PM,3.1839,0.7088,1,247.51,70.88,True,1DTE (Wed expiry)
2026-04-07,P,MSFT260408P00370000,370.0,REAL,9:50–10:45 AM,3.3237,10:54 AM–12:45 PM,3.4354,0.1117,1,332.37,11.17,True,1DTE (Wed expiry)
2026-04-14,P,MSFT260415P00387500,387.5,REAL,9:50–10:45 AM,1.5438,10:54 AM–12:45 PM,0.9978,-0.546,1,154.38,-54.6,False,1DTE (Wed expiry)
2026-04-21,P,MSFT260422P00420000,420.0,REAL,9:50–10:45 AM,1.5978,10:54 AM–12:45 PM,1.4143,-0.1835,1,159.78,-18.35,False,1DTE (Wed expiry)
2026-04-28,P,MSFT260429P00422500,422.5,SIM,9:50–10:45 AM,3.4208,10:54 AM–12:45 PM,2.8587,-0.5622,1,342.08,-56.22,False,1DTE (Wed expiry)
2026-05-05,P,MSFT260506P00415000,415.0,REAL,9:50–10:45 AM,5.6927,10:54 AM–12:45 PM,6.288,0.5953,1,569.27,59.53,True,1DTE (Wed expiry)
2026-05-12,P,MSFT260513P00412500,412.5,REAL,9:50–10:45 AM,5.371,10:54 AM–12:45 PM,5.1871,-0.1839,1,537.1,-18.39,False,1DTE (Wed expiry)
2026-05-19,P,MSFT260520P00432500,432.5,REAL,9:50–10:45 AM,5.9336,10:54 AM–12:45 PM,15.13,9.1964,1,593.36,919.64,True,1DTE (Wed expiry)
2026-05-26,P,MSFT260527P00415000,415.0,REAL,9:50–10:45 AM,1.8114,10:54 AM–12:45 PM,2.555,0.7436,1,181.14,74.36,True,1DTE (Wed expiry)
2026-06-02,P,MSFT260603P00450000,450.0,REAL,9:50–10:45 AM,8.7053,10:54 AM–12:45 PM,9.7421,1.0368,1,870.53,103.68,True,1DTE (Wed expiry)
2026-06-09,P,MSFT260610P00407500,407.5,REAL,9:50–10:45 AM,2.1252,10:54 AM–12:45 PM,5.5633,3.4381,1,212.52,343.81,True,1DTE (Wed expiry)
2026-06-16,P,MSFT260617P00395000,395.0,REAL,9:50–10:45 AM,4.1882,10:54 AM–12:45 PM,4.3226,0.1344,1,418.82,13.44,True,1DTE (Wed expiry)
2026-06-23,P,MSFT260624P00370000,370.0,REAL,9:50–10:45 AM,1.4922,10:54 AM–12:45 PM,1.7981,0.3059,1,149.22,30.59,True,1DTE (Wed expiry)
2026-06-30,P,MSFT260701P00370000,370.0,REAL,9:50–10:45 AM,2.9211,10:54 AM–12:45 PM,3.3295,0.4084,1,292.11,40.84,True,1DTE (Wed expiry)
2026-07-07,P,MSFT260708P00392500,392.5,REAL,9:50–10:45 AM,3.4643,10:54 AM–12:45 PM,3.1275,-0.3368,1,346.43,-33.68,False,1DTE (Wed expiry)
2026-02-17,P,GOOGL260218P00300000,300.0,REAL,11:16–11:21 AM,1.8725,12:59–1:05 PM,2.36,0.4875,1,187.25,48.75,True,1DTE (Wed expiry)
2026-02-24,P,GOOGL260225P00310000,310.0,REAL,11:16–11:21 AM,2.32,12:59–1:05 PM,1.9,-0.42,1,232.0,-42.0,False,1DTE (Wed expiry)
2026-03-03,P,GOOGL260304P00297500,297.5,REAL,11:16–11:21 AM,1.588,12:59–1:05 PM,1.5933,0.0053,1,158.8,0.53,True,1DTE (Wed expiry)
2026-03-10,P,GOOGL260311P00310000,310.0,REAL,11:16–11:21 AM,3.1,12:59–1:05 PM,3.23,0.13,1,310.0,13.0,True,1DTE (Wed expiry)
2026-03-17,P,GOOGL260318P00305000,305.0,REAL,11:16–11:21 AM,1.2825,12:59–1:05 PM,0.945,-0.3375,1,128.25,-33.75,False,1DTE (Wed expiry)
2026-03-24,P,GOOGL260325P00297500,297.5,REAL,11:16–11:21 AM,3.3267,12:59–1:05 PM,5.35,2.0233,1,332.67,202.33,True,1DTE (Wed expiry)
2026-03-31,P,GOOGL260401P00277500,277.5,REAL,11:16–11:21 AM,0.8425,12:59–1:05 PM,0.4083,-0.4342,2,168.5,-86.83,False,1DTE (Wed expiry)
2026-04-07,P,GOOGL260408P00302500,302.5,REAL,11:16–11:21 AM,3.85,12:59–1:05 PM,2.6067,-1.2433,1,385.0,-124.33,False,1DTE (Wed expiry)
2026-04-14,P,GOOGL260415P00325000,325.0,REAL,11:16–11:21 AM,,12:59–1:05 PM,,,,,,,no usable price in entry/exit frame
2026-04-21,P,GOOGL260422P00337500,337.5,REAL,11:16–11:21 AM,2.81,12:59–1:05 PM,4.6667,1.8567,1,281.0,185.67,True,1DTE (Wed expiry)
2026-04-28,P,GOOGL260429P00347500,347.5,SIM,11:16–11:21 AM,2.3917,12:59–1:05 PM,2.9564,0.5647,1,239.17,56.47,True,1DTE (Wed expiry)
2026-05-05,P,GOOGL260506P00387500,387.5,REAL,11:16–11:21 AM,2.66,12:59–1:05 PM,3.594,0.934,1,266.0,93.4,True,1DTE (Wed expiry)
2026-05-12,P,GOOGL260513P00387500,387.5,REAL,11:16–11:21 AM,3.11,12:59–1:05 PM,5.2967,2.1867,1,311.0,218.67,True,1DTE (Wed expiry)
2026-05-19,P,GOOGL260520P00395000,395.0,REAL,11:16–11:21 AM,,12:59–1:05 PM,,,,,,,no usable price in entry/exit frame
2026-05-26,P,GOOGL260527P00385000,385.0,REAL,11:16–11:21 AM,,12:59–1:05 PM,,,,,,,no usable price in entry/exit frame
2026-06-02,P,GOOGL260603P00362500,362.5,REAL,11:16–11:21 AM,0.8,12:59–1:05 PM,0.91,0.11,2,160.0,22.0,True,1DTE (Wed expiry)
2026-06-09,P,GOOGL260610P00367500,367.5,REAL,11:16–11:21 AM,5.99,12:59–1:05 PM,8.01,2.02,1,599.0,202.0,True,1DTE (Wed expiry)
2026-06-16,P,GOOGL260617P00370000,370.0,REAL,11:16–11:21 AM,1.2975,12:59–1:05 PM,2.6867,1.3892,1,129.75,138.92,True,1DTE (Wed expiry)
2026-06-23,P,GOOGL260624P00342500,342.5,REAL,11:16–11:21 AM,1.48,12:59–1:05 PM,1.01,-0.47,1,148.0,-47.0,False,1DTE (Wed expiry)
2026-06-30,P,GOOGL260701P00352500,352.5,REAL,11:16–11:21 AM,1.586,12:59–1:05 PM,0.944,-0.642,1,158.6,-64.2,False,1DTE (Wed expiry)
2026-07-07,P,GOOGL260708P00367500,367.5,REAL,11:16–11:21 AM,2.576,12:59–1:05 PM,1.73,-0.846,1,257.6,-84.6,False,1DTE (Wed expiry)
2026-02-17,P,AMZN260218P00200000,200.0,REAL,10:39–10:44 AM,2.5225,11:28–11:35 AM,1.4914,-1.0311,1,252.25,-103.11,False,1DTE (Wed expiry)
2026-02-24,P,AMZN260225P00205000,205.0,REAL,10:39–10:44 AM,0.822,11:28–11:35 AM,0.56,-0.262,2,164.4,-52.4,False,1DTE (Wed expiry)
2026-03-03,P,AMZN260304P00202500,202.5,REAL,10:39–10:44 AM,1.612,11:28–11:35 AM,0.9886,-0.6234,1,161.2,-62.34,False,1DTE (Wed expiry)
2026-03-10,P,AMZN260311P00215000,215.0,REAL,10:39–10:44 AM,1.926,11:28–11:35 AM,2.2143,0.2883,1,192.6,28.83,True,1DTE (Wed expiry)
2026-03-17,P,AMZN260318P00212500,212.5,REAL,10:39–10:44 AM,1.262,11:28–11:35 AM,1.1129,-0.1491,1,126.2,-14.91,False,1DTE (Wed expiry)
2026-03-24,P,AMZN260325P00207500,207.5,REAL,10:39–10:44 AM,1.6,11:28–11:35 AM,1.6483,0.0483,1,160.0,4.83,True,1DTE (Wed expiry)
2026-03-31,P,AMZN260401P00205000,205.0,REAL,10:39–10:44 AM,1.68,11:28–11:35 AM,1.5057,-0.1743,1,168.0,-17.43,False,1DTE (Wed expiry)
2026-04-07,P,AMZN260408P00210000,210.0,REAL,10:39–10:44 AM,1.966,11:28–11:35 AM,1.974,0.008,1,196.6,0.8,True,1DTE (Wed expiry)
2026-04-14,P,AMZN260415P00242500,242.5,REAL,10:39–10:44 AM,0.606,11:28–11:35 AM,0.3971,-0.2089,2,121.2,-41.77,False,1DTE (Wed expiry)
2026-04-21,P,AMZN260422P00252500,252.5,REAL,10:39–10:44 AM,1.992,11:28–11:35 AM,2.2657,0.2737,1,199.2,27.37,True,1DTE (Wed expiry)
2026-04-28,P,AMZN260429P00257500,257.5,SIM,10:39–10:44 AM,1.9911,11:28–11:35 AM,2.0248,0.0336,1,199.11,3.36,True,1DTE (Wed expiry)
2026-05-05,P,AMZN260506P00277500,277.5,REAL,10:39–10:44 AM,2.6025,11:28–11:35 AM,3.1475,0.545,1,260.25,54.5,True,1DTE (Wed expiry)
2026-05-12,P,AMZN260513P00267500,267.5,REAL,10:39–10:44 AM,3.4775,11:28–11:35 AM,3.8,0.3225,1,347.75,32.25,True,1DTE (Wed expiry)
2026-05-19,P,AMZN260520P00262500,262.5,REAL,10:39–10:44 AM,5.6333,11:28–11:35 AM,6.64,1.0067,1,563.33,100.67,True,1DTE (Wed expiry)
2026-05-26,P,AMZN260527P00267500,267.5,REAL,10:39–10:44 AM,3.53,11:28–11:35 AM,4.5,0.97,1,353.0,97.0,True,1DTE (Wed expiry)
2026-06-02,P,AMZN260603P00257500,257.5,REAL,10:39–10:44 AM,1.658,11:28–11:35 AM,0.9657,-0.6923,1,165.8,-69.23,False,1DTE (Wed expiry)
2026-06-09,P,AMZN260610P00247500,247.5,REAL,10:39–10:44 AM,2.486,11:28–11:35 AM,5.29,2.804,1,248.6,280.4,True,1DTE (Wed expiry)
2026-06-16,P,AMZN260617P00247500,247.5,REAL,10:39–10:44 AM,2.43,11:28–11:35 AM,1.48,-0.95,1,243.0,-95.0,False,1DTE (Wed expiry)
2026-06-23,P,AMZN260624P00232500,232.5,REAL,10:39–10:44 AM,0.758,11:28–11:35 AM,1.5786,0.8206,2,151.6,164.11,True,1DTE (Wed expiry)
2026-06-30,P,AMZN260701P00237500,237.5,REAL,10:39–10:44 AM,1.17,11:28–11:35 AM,1.5514,0.3814,1,117.0,38.14,True,1DTE (Wed expiry)
2026-07-07,P,AMZN260708P00245000,245.0,REAL,10:39–10:44 AM,2.192,11:28–11:35 AM,3.1486,0.9566,1,219.2,95.66,True,1DTE (Wed expiry)
2026-02-17,P,NVDA260218P00180000,180.0,REAL,9:51–9:57 AM,2.5683,11:27–11:32 AM,0.996,-1.5723,1,256.83,-157.23,False,1DTE (Wed expiry)
2026-02-24,P,NVDA260225P00190000,190.0,SIM,9:51–9:57 AM,2.2755,11:27–11:32 AM,1.2596,-1.0158,1,227.55,-101.58,False,1DTE (Wed expiry)
2026-03-03,P,NVDA260304P00180000,180.0,REAL,9:51–9:57 AM,2.97,11:27–11:32 AM,2.452,-0.518,1,297.0,-51.8,False,1DTE (Wed expiry)
2026-03-10,P,NVDA260311P00185000,185.0,REAL,9:51–9:57 AM,2.955,11:27–11:32 AM,1.444,-1.511,1,295.5,-151.1,False,1DTE (Wed expiry)
2026-03-17,P,NVDA260318P00185000,185.0,REAL,9:51–9:57 AM,3.0233,11:27–11:32 AM,3.4125,0.3892,1,302.33,38.92,True,1DTE (Wed expiry)
2026-03-24,P,NVDA260325P00175000,175.0,REAL,9:51–9:57 AM,1.985,11:27–11:32 AM,1.218,-0.767,1,198.5,-76.7,False,1DTE (Wed expiry)
2026-03-31,P,NVDA260401P00165000,165.0,REAL,9:51–9:57 AM,0.48,11:27–11:32 AM,0.32,-0.16,3,144.0,-48.0,False,1DTE (Wed expiry)
2026-04-07,P,NVDA260408P00175000,175.0,REAL,9:51–9:57 AM,1.3383,11:27–11:32 AM,1.782,0.4437,1,133.83,44.37,True,1DTE (Wed expiry)
2026-04-14,P,NVDA260415P00190000,190.0,REAL,9:51–9:57 AM,0.6133,11:27–11:32 AM,0.458,-0.1553,2,122.67,-31.07,False,1DTE (Wed expiry)
2026-04-21,P,NVDA260422P00202500,202.5,REAL,9:51–9:57 AM,2.255,11:27–11:32 AM,2.476,0.221,1,225.5,22.1,True,1DTE (Wed expiry)
2026-04-28,P,NVDA260429P00210000,210.0,REAL,9:51–9:57 AM,2.2783,11:27–11:32 AM,3.284,1.0057,1,227.83,100.57,True,1DTE (Wed expiry)
2026-05-05,P,NVDA260506P00200000,200.0,REAL,9:51–9:57 AM,2.1383,11:27–11:32 AM,3.86,1.7217,1,213.83,172.17,True,1DTE (Wed expiry)
2026-05-12,P,NVDA260513P00217500,217.5,REAL,9:51–9:57 AM,0.9783,11:27–11:32 AM,3.752,2.7737,2,195.67,554.73,True,1DTE (Wed expiry)
2026-05-19,P,NVDA260520P00220000,220.0,SIM,9:51–9:57 AM,1.8448,11:27–11:32 AM,2.1408,0.2959,1,184.48,29.59,True,1DTE (Wed expiry)
2026-05-26,P,NVDA260527P00215000,215.0,REAL,9:51–9:57 AM,1.9167,11:27–11:32 AM,2.32,0.4033,1,191.67,40.33,True,1DTE (Wed expiry)
2026-06-02,P,NVDA260603P00225000,225.0,REAL,9:51–9:57 AM,0.9933,11:27–11:32 AM,2.208,1.2147,2,198.67,242.93,True,1DTE (Wed expiry)
2026-06-09,P,NVDA260610P00212500,212.5,REAL,9:51–9:57 AM,3.665,11:27–11:32 AM,9.0833,5.4183,1,366.5,541.83,True,1DTE (Wed expiry)
2026-06-16,P,NVDA260617P00210000,210.0,REAL,9:51–9:57 AM,2.055,11:27–11:32 AM,2.282,0.227,1,205.5,22.7,True,1DTE (Wed expiry)
2026-06-23,P,NVDA260624P00200000,200.0,REAL,9:51–9:57 AM,0.935,11:27–11:32 AM,1.562,0.627,2,187.0,125.4,True,1DTE (Wed expiry)
2026-06-30,P,NVDA260701P00195000,195.0,REAL,9:51–9:57 AM,1.06,11:27–11:32 AM,0.64,-0.42,1,106.0,-42.0,False,1DTE (Wed expiry)
2026-07-07,P,NVDA260708P00190000,190.0,REAL,9:51–9:57 AM,1.1483,11:27–11:32 AM,0.67,-0.4783,1,114.83,-47.83,False,1DTE (Wed expiry)
2026-02-17,P,META260218P00635000,635.0,REAL,9:43–9:54 AM,7.1664,10:57–11:05 AM,6.2214,-0.9449,1,716.64,-94.49,False,1DTE (Wed expiry)
2026-02-24,P,META260225P00630000,630.0,REAL,9:43–9:54 AM,3.63,10:57–11:05 AM,2.7538,-0.8762,1,363.0,-87.62,False,1DTE (Wed expiry)
2026-03-03,P,META260304P00650000,650.0,REAL,9:43–9:54 AM,8.0045,10:57–11:05 AM,9.3543,1.3497,1,800.45,134.97,True,1DTE (Wed expiry)
2026-03-10,P,META260311P00655000,655.0,REAL,9:43–9:54 AM,6.1018,10:57–11:05 AM,3.9713,-2.1306,1,610.18,-213.06,False,1DTE (Wed expiry)
2026-03-17,P,META260318P00630000,630.0,REAL,9:43–9:54 AM,3.8545,10:57–11:05 AM,5.535,1.6805,1,385.45,168.05,True,1DTE (Wed expiry)
2026-03-24,P,META260325P00600000,600.0,REAL,9:43–9:54 AM,7.52,10:57–11:05 AM,7.525,0.005,1,752.0,0.5,True,1DTE (Wed expiry)
2026-03-31,P,META260401P00550000,550.0,REAL,9:43–9:54 AM,3.7264,10:57–11:05 AM,4.62,0.8936,1,372.64,89.36,True,1DTE (Wed expiry)
2026-04-07,P,META260408P00570000,570.0,REAL,9:43–9:54 AM,6.1073,10:57–11:05 AM,8.0525,1.9452,1,610.73,194.52,True,1DTE (Wed expiry)
2026-04-14,P,META260415P00640000,640.0,REAL,9:43–9:54 AM,2.08,10:57–11:05 AM,0.6687,-1.4113,1,208.0,-141.13,False,1DTE (Wed expiry)
2026-04-21,P,META260422P00670000,670.0,REAL,9:43–9:54 AM,4.4355,10:57–11:05 AM,5.0075,0.572,1,443.55,57.2,True,1DTE (Wed expiry)
2026-04-28,P,META260429P00670000,670.0,SIM,9:43–9:54 AM,5.2825,10:57–11:05 AM,8.5643,3.2818,1,528.25,328.18,True,1DTE (Wed expiry)
2026-05-05,P,META260506P00615000,615.0,REAL,9:43–9:54 AM,10.2357,10:57–11:05 AM,14.3,4.0643,1,1023.57,406.43,True,1DTE (Wed expiry)
2026-05-12,P,META260513P00595000,595.0,REAL,9:43–9:54 AM,3.9455,10:57–11:05 AM,2.6775,-1.268,1,394.55,-126.8,False,1DTE (Wed expiry)
2026-05-19,P,META260520P00610000,610.0,REAL,9:43–9:54 AM,6.3444,10:57–11:05 AM,6.7,0.3556,1,634.44,35.56,True,1DTE (Wed expiry)
2026-05-26,P,META260527P00610000,610.0,REAL,9:43–9:54 AM,6.584,10:57–11:05 AM,6.852,0.268,1,658.4,26.8,True,1DTE (Wed expiry)
2026-06-02,P,META260603P00600000,600.0,REAL,9:43–9:54 AM,5.6773,10:57–11:05 AM,2.8075,-2.8698,1,567.73,-286.98,False,1DTE (Wed expiry)
2026-06-09,P,META260610P00590000,590.0,REAL,9:43–9:54 AM,3.14,10:57–11:05 AM,4.2687,1.1287,1,314.0,112.87,True,1DTE (Wed expiry)
2026-06-16,P,META260617P00595000,595.0,REAL,9:43–9:54 AM,3.1927,10:57–11:05 AM,4.9614,1.7687,1,319.27,176.87,True,1DTE (Wed expiry)
2026-06-23,P,META260624P00565000,565.0,REAL,9:43–9:54 AM,4.0527,10:57–11:05 AM,5.0688,1.016,1,405.27,101.6,True,1DTE (Wed expiry)
2026-06-30,P,META260701P00560000,560.0,REAL,9:43–9:54 AM,7.5067,10:57–11:05 AM,10.48,2.9733,1,750.67,297.33,True,1DTE (Wed expiry)
2026-07-07,P,META260708P00605000,605.0,REAL,9:43–9:54 AM,3.7567,10:57–11:05 AM,5.8888,2.1321,1,375.67,213.21,True,1DTE (Wed expiry)
2026-02-17,P,TSLA260218P00410000,410.0,REAL,9:32–9:58 AM,6.5288,12:30–12:35 PM,7.15,0.6212,1,652.88,62.12,True,1DTE (Wed expiry)
2026-02-24,P,TSLA260225P00400000,400.0,REAL,9:32–9:58 AM,4.0277,12:30–12:35 PM,2.218,-1.8097,1,402.77,-180.97,False,1DTE (Wed expiry)
2026-03-03,P,TSLA260304P00395000,395.0,REAL,9:32–9:58 AM,6.5712,12:30–12:35 PM,6.89,0.3188,1,657.12,31.88,True,1DTE (Wed expiry)
2026-03-10,P,TSLA260311P00405000,405.0,REAL,9:32–9:58 AM,5.3662,12:30–12:35 PM,5.37,0.0038,1,536.62,0.38,True,1DTE (Wed expiry)
2026-03-17,P,TSLA260318P00395000,395.0,REAL,9:32–9:58 AM,3.7615,12:30–12:35 PM,2.846,-0.9155,1,376.15,-91.55,False,1DTE (Wed expiry)
2026-03-24,P,TSLA260325P00380000,380.0,REAL,9:32–9:58 AM,3.3108,12:30–12:35 PM,2.514,-0.7968,1,331.08,-79.68,False,1DTE (Wed expiry)
2026-03-31,P,TSLA260401P00362500,362.5,REAL,9:32–9:58 AM,3.585,12:30–12:35 PM,2.724,-0.861,1,358.5,-86.1,False,1DTE (Wed expiry)
2026-04-07,P,TSLA260408P00347500,347.5,REAL,9:32–9:58 AM,6.3027,12:30–12:35 PM,7.568,1.2653,1,630.27,126.53,True,1DTE (Wed expiry)
2026-04-14,P,TSLA260415P00357500,357.5,REAL,9:32–9:58 AM,3.2873,12:30–12:35 PM,0.936,-2.3513,1,328.73,-235.13,False,1DTE (Wed expiry)
2026-04-21,P,TSLA260422P00392500,392.5,SIM,9:32–9:58 AM,5.3387,12:30–12:35 PM,6.2366,0.8979,1,533.87,89.79,True,1DTE (Wed expiry)
2026-04-28,P,TSLA260429P00375000,375.0,REAL,9:32–9:58 AM,3.8442,12:30–12:35 PM,4.208,0.3638,1,384.42,36.38,True,1DTE (Wed expiry)
2026-05-05,P,TSLA260506P00397500,397.5,REAL,9:32–9:58 AM,4.3873,12:30–12:35 PM,9.1,4.7127,1,438.73,471.27,True,1DTE (Wed expiry)
2026-05-12,P,TSLA260513P00440000,440.0,REAL,9:32–9:58 AM,6.7231,12:30–12:35 PM,16.96,10.2369,1,672.31,1023.69,True,1DTE (Wed expiry)
2026-05-19,P,TSLA260520P00402500,402.5,REAL,9:32–9:58 AM,5.9023,12:30–12:35 PM,7.92,2.0177,1,590.23,201.77,True,1DTE (Wed expiry)
2026-05-26,P,TSLA260527P00432500,432.5,REAL,9:32–9:58 AM,7.02,12:30–12:35 PM,5.67,-1.35,1,702.0,-135.0,False,1DTE (Wed expiry)
2026-06-02,P,TSLA260603P00417500,417.5,REAL,9:32–9:58 AM,6.7731,12:30–12:35 PM,2.88,-3.8931,1,677.31,-389.31,False,1DTE (Wed expiry)
2026-06-09,P,TSLA260610P00415000,415.0,REAL,9:32–9:58 AM,6.1862,12:30–12:35 PM,26.935,20.7488,1,618.62,2074.88,True,1DTE (Wed expiry)
2026-06-16,P,TSLA260617P00402500,402.5,REAL,9:32–9:58 AM,3.7227,12:30–12:35 PM,3.894,0.1713,1,372.27,17.13,True,1DTE (Wed expiry)
2026-06-23,P,TSLA260624P00387500,387.5,REAL,9:32–9:58 AM,4.5038,12:30–12:35 PM,6.916,2.4122,1,450.38,241.22,True,1DTE (Wed expiry)
2026-06-30,P,TSLA260701P00407500,407.5,REAL,9:32–9:58 AM,4.1996,12:30–12:35 PM,1.554,-2.6456,1,419.96,-264.56,False,1DTE (Wed expiry)
2026-07-07,P,TSLA260708P00417500,417.5,REAL,9:32–9:58 AM,7.4977,12:30–12:35 PM,11.42,3.9223,1,749.77,392.23,True,1DTE (Wed expiry)
