ticker,day_of_week,opt_type,date,contract_symbol,strike,source,entry_time,entry_price,exit_time,exit_price,payoff_per_share,contracts,cost_dollars,pnl_dollars,profitable,note
AAPL,Friday,C,2024-07-12,AAPL240712C00232500,232.5,REAL,3:45 PM,0.01,3:50 PM,0.01,0.0,100,100.0,0.0,False,
AAPL,Friday,C,2024-07-19,AAPL240719C00225000,225.0,REAL,3:45 PM,0.03,3:50 PM,0.03,0.0,34,102.0,0.0,False,
AAPL,Friday,C,2024-07-26,AAPL240726C00217500,217.5,REAL,3:45 PM,0.66,3:50 PM,0.3,-0.36,2,132.0,-72.0,False,
AAPL,Friday,C,2024-08-02,AAPL240802C00225000,225.0,REAL,3:45 PM,0.02,3:50 PM,0.01,-0.01,50,100.0,-50.0,False,
AAPL,Friday,C,2024-08-09,AAPL240809C00215000,215.0,REAL,3:45 PM,1.5,3:50 PM,1.2,-0.3,1,150.0,-30.0,False,
AAPL,Friday,C,2024-08-16,AAPL240816C00225000,225.0,REAL,3:45 PM,0.75,3:50 PM,0.71,-0.04,2,150.0,-8.0,False,
AAPL,Friday,C,2024-08-23,AAPL240823C00225000,225.0,REAL,3:45 PM,1.45,3:50 PM,1.81,0.36,1,145.0,36.0,True,
AAPL,Friday,C,2024-08-30,AAPL240830C00227500,227.5,REAL,3:45 PM,1.15,3:50 PM,2.14,0.99,1,115.0,99.0,True,
AAPL,Friday,C,2024-09-06,AAPL240906C00220000,220.0,REAL,3:45 PM,1.03,3:50 PM,1.4,0.37,1,103.0,37.0,True,
AAPL,Friday,C,2024-09-13,AAPL240913C00222500,222.5,REAL,3:45 PM,0.34,3:50 PM,0.17,-0.17,3,102.0,-51.0,False,
AAPL,Friday,C,2024-09-20,AAPL240920C00230000,230.0,REAL,3:45 PM,2.85,3:50 PM,2.94,0.09,1,285.0,9.0,True,
AAPL,Friday,C,2024-09-27,AAPL240927C00227500,227.5,REAL,3:45 PM,0.26,3:50 PM,0.42,0.16,4,104.0,64.0,True,
AAPL,Friday,C,2024-10-04,AAPL241004C00225000,225.0,REAL,3:45 PM,1.15,3:50 PM,1.35,0.2,1,115.0,20.0,True,
AAPL,Friday,C,2024-10-11,AAPL241011C00227500,227.5,REAL,3:45 PM,1.17,3:50 PM,0.87,-0.3,1,117.0,-30.0,False,
AAPL,Friday,C,2024-10-18,AAPL241018C00235000,235.0,REAL,3:45 PM,0.17,3:50 PM,0.14,-0.03,6,102.0,-18.0,False,
AAPL,Friday,C,2024-10-25,AAPL241025C00232500,232.5,REAL,3:45 PM,0.02,3:50 PM,0.01,-0.01,50,100.0,-50.0,False,
AAPL,Friday,C,2024-11-01,AAPL241101C00222500,222.5,REAL,3:45 PM,0.18,3:50 PM,0.26,0.08,6,108.0,48.0,True,
AAPL,Friday,C,2024-11-08,AAPL241108C00227500,227.5,REAL,3:45 PM,0.02,3:50 PM,0.03,0.01,50,100.0,50.0,True,
AAPL,Friday,C,2024-11-15,AAPL241115C00225000,225.0,REAL,3:45 PM,0.07,3:50 PM,0.12,0.05,15,105.0,75.0,True,
AAPL,Friday,C,2024-11-22,AAPL241122C00230000,230.0,REAL,3:45 PM,0.02,3:50 PM,0.02,0.0,50,100.0,0.0,False,
AAPL,Friday,C,2024-11-29,,0.0,MISS,3:45 PM,,3:50 PM,,,,,,,missing data (Fri & Thu closed)
AAPL,Friday,C,2024-12-06,AAPL241206C00242500,242.5,REAL,3:45 PM,0.5,3:50 PM,0.35,-0.15,2,100.0,-30.0,False,
AAPL,Friday,C,2024-12-13,AAPL241213C00247500,247.5,REAL,3:45 PM,0.66,3:50 PM,0.64,-0.02,2,132.0,-4.0,False,
AAPL,Friday,C,2024-12-20,AAPL241220C00252500,252.5,REAL,3:45 PM,1.24,3:50 PM,1.08,-0.16,1,124.0,-16.0,False,
AAPL,Friday,C,2024-12-27,AAPL241227C00255000,255.0,REAL,3:45 PM,0.11,3:50 PM,0.43,0.32,10,110.0,320.0,True,
AAPL,Friday,C,2025-01-03,AAPL250103C00242500,242.5,REAL,3:45 PM,0.46,3:50 PM,0.35,-0.11,3,138.0,-33.0,False,
AAPL,Friday,C,2025-01-10,AAPL250110C00237500,237.5,REAL,3:45 PM,0.03,3:50 PM,0.02,-0.01,34,102.0,-34.0,False,
AAPL,Friday,C,2025-01-17,AAPL250117C00230000,230.0,REAL,3:45 PM,0.05,3:50 PM,0.02,-0.03,20,100.0,-60.0,False,
AAPL,Friday,C,2025-01-24,AAPL250124C00222500,222.5,REAL,3:45 PM,0.09,3:50 PM,0.2,0.11,12,108.0,132.0,True,
AAPL,Friday,C,2025-01-31,AAPL250131C00235000,235.0,REAL,3:45 PM,0.14,3:50 PM,0.92,0.78,8,112.0,624.0,True,
AAPL,Friday,C,2025-02-07,AAPL250207C00227500,227.5,REAL,3:45 PM,0.2,3:50 PM,0.29,0.09,5,100.0,45.0,True,
AAPL,Friday,C,2025-02-14,AAPL250214C00245000,245.0,REAL,3:45 PM,0.04,3:50 PM,0.07,0.03,25,100.0,75.0,True,
AAPL,Friday,C,2025-02-21,AAPL250221C00247500,247.5,REAL,3:45 PM,0.02,3:50 PM,0.01,-0.01,50,100.0,-50.0,False,
AAPL,Friday,C,2025-02-28,AAPL250228C00235000,235.0,REAL,3:45 PM,4.65,3:50 PM,5.46,0.81,1,465.0,81.0,True,
AAPL,Friday,C,2025-03-07,AAPL250307C00240000,240.0,REAL,3:45 PM,0.02,3:50 PM,0.02,0.0,50,100.0,0.0,False,
AAPL,Friday,C,2025-03-14,AAPL250314C00212500,212.5,REAL,3:45 PM,0.58,3:50 PM,0.53,-0.05,2,116.0,-10.0,False,
AAPL,Friday,C,2025-03-21,AAPL250321C00215000,215.0,REAL,3:45 PM,0.72,3:50 PM,1.98,1.26,2,144.0,252.0,True,
AAPL,Friday,C,2025-03-28,AAPL250328C00217500,217.5,REAL,3:45 PM,0.76,3:50 PM,0.81,0.05,2,152.0,10.0,True,
AAPL,Friday,C,2025-04-04,AAPL250404C00190000,190.0,REAL,3:45 PM,1.33,3:50 PM,0.6,-0.73,1,133.0,-73.0,False,
AAPL,Friday,C,2025-04-11,AAPL250411C00200000,200.0,REAL,3:45 PM,0.09,3:50 PM,0.05,-0.04,12,108.0,-48.0,False,
AAPL,Friday,C,2025-04-18,AAPL250417C00200000,200.0,REAL,3:45 PM,0.02,3:50 PM,0.01,-0.01,50,100.0,-50.0,False,Fri closed → Thu expiry
AAPL,Friday,C,2025-04-25,AAPL250425C00207500,207.5,REAL,3:45 PM,0.85,3:50 PM,1.47,0.62,2,170.0,124.0,True,
AAPL,Friday,C,2025-05-02,AAPL250502C00205000,205.0,REAL,3:45 PM,0.07,3:50 PM,0.13,0.06,15,105.0,90.0,True,
AAPL,Friday,C,2025-05-09,AAPL250509C00200000,200.0,REAL,3:45 PM,0.03,3:50 PM,0.01,-0.02,34,102.0,-68.0,False,
AAPL,Friday,C,2025-05-16,AAPL250516C00210000,210.0,REAL,3:45 PM,1.3,3:50 PM,1.5,0.2,1,130.0,20.0,True,
AAPL,Friday,C,2025-05-23,AAPL250523C00195000,195.0,REAL,3:45 PM,0.71,3:50 PM,0.5,-0.21,2,142.0,-42.0,False,
AAPL,Friday,C,2025-05-30,AAPL250530C00200000,200.0,REAL,3:45 PM,0.25,3:50 PM,0.59,0.34,4,100.0,136.0,True,
AAPL,Friday,C,2025-06-06,AAPL250606C00205000,205.0,REAL,3:45 PM,0.21,3:50 PM,0.14,-0.07,5,105.0,-35.0,False,
AAPL,Friday,C,2025-06-13,AAPL250613C00200000,200.0,REAL,3:45 PM,0.01,3:48 PM,0.01,0.0,100,100.0,0.0,False,
AAPL,Friday,C,2025-06-20,AAPL250620C00200000,200.0,REAL,3:45 PM,0.26,3:50 PM,0.38,0.12,4,104.0,48.0,True,
AAPL,Friday,C,2025-06-27,AAPL250627C00200000,200.0,REAL,3:45 PM,1.05,3:50 PM,0.85,-0.2,1,105.0,-20.0,False,
AAPL,Friday,C,2025-07-04,,0.0,MISS,3:45 PM,,3:50 PM,,,,,,,missing data (Fri & Thu closed)
AAPL,Friday,C,2025-07-11,AAPL250711C00212500,212.5,REAL,3:45 PM,0.02,3:50 PM,0.01,-0.01,50,100.0,-50.0,False,
AAPL,Friday,C,2025-07-18,AAPL250718C00210000,210.0,REAL,3:45 PM,1.03,3:50 PM,1.19,0.16,1,103.0,16.0,True,
AAPL,Friday,C,2025-07-25,AAPL250725C00215000,215.0,REAL,3:45 PM,0.01,3:50 PM,0.02,0.01,100,100.0,100.0,True,
AAPL,Friday,C,2025-08-01,AAPL250801C00202500,202.5,REAL,3:45 PM,0.33,3:50 PM,0.4,0.07,4,132.0,28.0,True,
AAPL,Friday,C,2025-08-08,AAPL250808C00230000,230.0,REAL,3:45 PM,0.19,3:50 PM,0.28,0.09,6,114.0,54.0,True,
AAPL,Friday,C,2025-08-15,AAPL250815C00230000,230.0,REAL,3:45 PM,1.75,3:50 PM,1.39,-0.36,1,175.0,-36.0,False,
AAPL,Friday,C,2025-08-22,AAPL250822C00227500,227.5,REAL,3:45 PM,0.54,3:50 PM,0.55,0.01,2,108.0,2.0,True,
AAPL,Friday,C,2025-08-29,AAPL250829C00232500,232.5,REAL,3:45 PM,0.48,3:50 PM,0.17,-0.31,3,144.0,-93.0,False,
AAPL,Friday,C,2025-09-05,AAPL250905C00240000,240.0,REAL,3:45 PM,0.15,3:50 PM,0.16,0.01,7,105.0,7.0,True,
AAPL,Friday,C,2025-09-12,AAPL250912C00232500,232.5,REAL,3:45 PM,1.33,3:50 PM,1.37,0.04,1,133.0,4.0,True,
AAPL,Friday,C,2025-09-19,AAPL250919C00245000,245.0,REAL,3:45 PM,0.55,3:50 PM,0.85,0.3,2,110.0,60.0,True,
AAPL,Friday,C,2025-09-26,AAPL250926C00255000,255.0,REAL,3:45 PM,0.34,3:50 PM,0.29,-0.05,3,102.0,-15.0,False,
AAPL,Friday,C,2025-10-03,AAPL251003C00257500,257.5,REAL,3:45 PM,0.62,3:50 PM,0.35,-0.27,2,124.0,-54.0,False,
AAPL,Friday,C,2025-10-10,AAPL251010C00247500,247.5,REAL,3:45 PM,0.15,3:50 PM,0.06,-0.09,7,105.0,-63.0,False,
AAPL,Friday,C,2025-10-17,AAPL251017C00252500,252.5,REAL,3:45 PM,0.68,3:50 PM,0.6,-0.08,2,136.0,-16.0,False,
AAPL,Friday,C,2025-10-24,AAPL251024C00265000,265.0,REAL,3:45 PM,0.01,3:50 PM,0.01,0.0,100,100.0,0.0,False,
AAPL,Friday,C,2025-10-31,AAPL251031C00272500,272.5,REAL,3:45 PM,0.13,3:50 PM,0.14,0.01,8,104.0,8.0,True,
AAPL,Friday,C,2025-11-07,AAPL251107C00267500,267.5,REAL,3:45 PM,0.96,3:50 PM,0.71,-0.25,2,192.0,-50.0,False,
AAPL,Friday,C,2025-11-14,AAPL251114C00275000,275.0,REAL,3:45 PM,0.02,3:50 PM,0.01,-0.01,50,100.0,-50.0,False,
AAPL,Friday,C,2025-11-21,AAPL251121C00272500,272.5,REAL,3:45 PM,0.07,3:50 PM,0.02,-0.05,15,105.0,-75.0,False,
AAPL,Friday,C,2025-11-28,,0.0,MISS,3:45 PM,,3:50 PM,,,,,,,missing data (Fri & Thu closed)
AAPL,Friday,C,2025-12-05,AAPL251205C00277500,277.5,REAL,3:44 PM,1.44,3:50 PM,1.21,-0.23,1,144.0,-23.0,False,
AAPL,Friday,C,2025-12-12,AAPL251212C00277500,277.5,REAL,3:45 PM,0.4,3:50 PM,0.58,0.18,3,120.0,54.0,True,
AAPL,Friday,C,2025-12-19,AAPL251219C00270000,270.0,REAL,3:45 PM,1.14,3:50 PM,0.8,-0.34,1,114.0,-34.0,False,
AAPL,Friday,C,2025-12-26,AAPL251226C00275000,275.0,REAL,3:45 PM,0.01,3:50 PM,0.01,0.0,100,100.0,0.0,False,
AAPL,Friday,C,2026-01-02,AAPL260102C00270000,270.0,REAL,3:45 PM,0.75,3:50 PM,0.73,-0.02,2,150.0,-4.0,False,
AAPL,Friday,C,2026-01-09,AAPL260109C00260000,260.0,REAL,3:45 PM,0.11,3:50 PM,0.01,-0.1,10,110.0,-100.0,False,
AAPL,Friday,C,2026-01-16,AAPL260116C00257500,257.5,REAL,3:45 PM,0.01,3:51 PM,0.01,0.0,100,100.0,0.0,False,
AAPL,Friday,C,2026-01-23,AAPL260123C00247500,247.5,REAL,3:45 PM,1.19,3:50 PM,1.12,-0.07,1,119.0,-7.0,False,
AAPL,Friday,C,2026-01-30,AAPL260130C00257500,257.5,REAL,3:45 PM,3.77,3:50 PM,3.89,0.12,1,377.0,12.0,True,
AAPL,Friday,C,2026-02-06,AAPL260206C00277500,277.5,REAL,3:45 PM,0.8,3:50 PM,0.82,0.02,2,160.0,4.0,True,
AAPL,Friday,C,2026-02-13,AAPL260213C00260000,260.0,REAL,3:45 PM,0.01,3:50 PM,0.01,0.0,100,100.0,0.0,False,
AAPL,Friday,C,2026-02-20,AAPL260220C00265000,265.0,REAL,3:45 PM,0.02,3:50 PM,0.03,0.01,50,100.0,50.0,True,
AAPL,Friday,C,2026-02-27,AAPL260227C00265000,265.0,REAL,3:45 PM,0.34,3:50 PM,0.2,-0.14,3,102.0,-42.0,False,
AAPL,Friday,C,2026-03-06,AAPL260306C00257500,257.5,REAL,3:45 PM,0.07,3:50 PM,0.04,-0.03,15,105.0,-45.0,False,
AAPL,Friday,C,2026-03-13,AAPL260313C00252500,252.5,REAL,3:45 PM,0.01,3:50 PM,0.01,0.0,100,100.0,0.0,False,
AAPL,Friday,C,2026-03-20,AAPL260320C00247500,247.5,REAL,3:45 PM,0.78,3:50 PM,0.69,-0.09,2,156.0,-18.0,False,
AAPL,Friday,C,2026-03-27,AAPL260327C00250000,250.0,REAL,3:45 PM,0.02,3:50 PM,0.02,0.0,50,100.0,0.0,False,
AAPL,Friday,C,2026-04-03,AAPL260402C00255000,255.0,REAL,3:45 PM,0.27,3:50 PM,0.62,0.35,4,108.0,140.0,True,Fri closed → Thu expiry
AAPL,Friday,C,2026-04-10,AAPL260410C00260000,260.0,REAL,3:45 PM,0.11,3:50 PM,0.23,0.12,10,110.0,120.0,True,
AAPL,Friday,C,2026-04-17,AAPL260417C00270000,270.0,REAL,3:45 PM,0.48,3:50 PM,0.25,-0.23,3,144.0,-69.0,False,
AAPL,Friday,C,2026-04-24,AAPL260424C00270000,270.0,REAL,3:45 PM,0.58,3:50 PM,0.96,0.38,2,116.0,76.0,True,
AAPL,Friday,C,2026-05-01,AAPL260501C00282500,282.5,REAL,3:45 PM,0.03,3:50 PM,0.02,-0.01,34,102.0,-34.0,False,
AAPL,Friday,C,2026-05-08,AAPL260508C00292500,292.5,REAL,3:45 PM,1.23,3:50 PM,1.4,0.17,1,123.0,17.0,True,
AAPL,Friday,C,2026-05-15,AAPL260515C00302500,302.5,REAL,3:45 PM,0.01,3:50 PM,0.01,0.0,100,100.0,0.0,False,
AAPL,Friday,C,2026-05-22,AAPL260522C00310000,310.0,REAL,3:45 PM,0.02,3:50 PM,0.04,0.02,50,100.0,100.0,True,
AAPL,Friday,C,2026-05-29,AAPL260529C00310000,310.0,REAL,3:45 PM,1.81,3:50 PM,2.84,1.03,1,181.0,103.0,True,
AAPL,Friday,C,2026-06-05,AAPL260605C00312500,312.5,REAL,3:44 PM,0.01,3:51 PM,0.01,0.0,100,100.0,0.0,False,
AAPL,Friday,C,2026-06-12,AAPL260612C00290000,290.0,REAL,3:45 PM,0.7,3:50 PM,0.89,0.19,2,140.0,38.0,True,
AAPL,Friday,C,2026-06-19,AAPL260618C00297500,297.5,REAL,3:45 PM,0.52,3:50 PM,1.18,0.66,2,104.0,132.0,True,Fri closed → Thu expiry
AAPL,Friday,C,2026-06-26,AAPL260626C00280000,280.0,REAL,3:45 PM,1.99,3:50 PM,3.7,1.71,1,199.0,171.0,True,
AAPL,Friday,C,2026-07-03,AAPL260702C00307500,307.5,REAL,3:45 PM,0.66,3:50 PM,0.71,0.05,2,132.0,10.0,True,Fri closed → Thu expiry
AAPL,Friday,P,2024-07-12,AAPL240712P00232500,232.5,REAL,3:20 PM,0.8,3:40 PM,1.66,0.86,2,160.0,172.0,True,
AAPL,Friday,P,2024-07-19,AAPL240719P00225000,225.0,REAL,3:20 PM,0.36,3:40 PM,0.62,0.26,3,108.0,78.0,True,
AAPL,Friday,P,2024-07-26,AAPL240726P00217500,217.5,REAL,3:20 PM,0.07,3:40 PM,0.1,0.03,15,105.0,45.0,True,
AAPL,Friday,P,2024-08-02,AAPL240802P00225000,225.0,REAL,3:20 PM,2.7,3:40 PM,4.07,1.37,1,270.0,137.0,True,
AAPL,Friday,P,2024-08-09,AAPL240809P00215000,215.0,REAL,3:20 PM,0.12,3:40 PM,0.04,-0.08,9,108.0,-72.0,False,
AAPL,Friday,P,2024-08-16,AAPL240816P00225000,225.0,REAL,3:20 PM,0.05,3:40 PM,0.02,-0.03,20,100.0,-60.0,False,
AAPL,Friday,P,2024-08-23,AAPL240823P00225000,225.0,REAL,3:20 PM,0.01,3:40 PM,0.02,0.01,100,100.0,100.0,True,
AAPL,Friday,P,2024-08-30,AAPL240830P00227500,227.5,REAL,3:20 PM,0.04,3:40 PM,0.03,-0.01,25,100.0,-25.0,False,
AAPL,Friday,P,2024-09-06,AAPL240906P00220000,220.0,REAL,3:20 PM,0.11,3:40 PM,0.05,-0.06,10,110.0,-60.0,False,
AAPL,Friday,P,2024-09-13,AAPL240913P00222500,222.5,REAL,3:20 PM,0.2,3:40 PM,0.15,-0.05,5,100.0,-25.0,False,
AAPL,Friday,P,2024-09-20,AAPL240920P00230000,230.0,REAL,3:20 PM,0.33,3:40 PM,0.22,-0.11,4,132.0,-44.0,False,
AAPL,Friday,P,2024-09-27,AAPL240927P00227500,227.5,REAL,3:20 PM,0.06,3:40 PM,0.14,0.08,17,102.0,136.0,True,
AAPL,Friday,P,2024-10-04,AAPL241004P00225000,225.0,REAL,3:20 PM,0.06,3:40 PM,0.03,-0.03,17,102.0,-51.0,False,
AAPL,Friday,P,2024-10-11,AAPL241011P00227500,227.5,REAL,3:20 PM,0.03,3:40 PM,0.03,0.0,34,102.0,0.0,False,
AAPL,Friday,P,2024-10-18,AAPL241018P00235000,235.0,REAL,3:20 PM,0.15,3:40 PM,0.16,0.01,7,105.0,7.0,True,
AAPL,Friday,P,2024-10-25,AAPL241025P00232500,232.5,REAL,3:20 PM,0.97,3:40 PM,1.2,0.23,2,194.0,46.0,True,
AAPL,Friday,P,2024-11-01,AAPL241101P00222500,222.5,REAL,3:20 PM,0.13,3:40 PM,0.14,0.01,8,104.0,8.0,True,
AAPL,Friday,P,2024-11-08,AAPL241108P00227500,227.5,REAL,3:20 PM,0.27,3:40 PM,0.4,0.13,4,108.0,52.0,True,
AAPL,Friday,P,2024-11-15,AAPL241115P00225000,225.0,REAL,3:20 PM,0.21,3:40 PM,0.19,-0.02,5,105.0,-10.0,False,
AAPL,Friday,P,2024-11-22,AAPL241122P00230000,230.0,REAL,3:20 PM,0.77,3:40 PM,0.56,-0.21,2,154.0,-42.0,False,
AAPL,Friday,P,2024-11-29,,0.0,MISS,3:20 PM,,3:40 PM,,,,,,,missing data (Fri & Thu closed)
AAPL,Friday,P,2024-12-06,AAPL241206P00242500,242.5,REAL,3:20 PM,0.05,3:40 PM,0.04,-0.01,20,100.0,-20.0,False,
AAPL,Friday,P,2024-12-13,AAPL241213P00247500,247.5,REAL,3:20 PM,0.06,3:40 PM,0.01,-0.05,17,102.0,-85.0,False,
AAPL,Friday,P,2024-12-20,AAPL241220P00252500,252.5,REAL,3:20 PM,0.06,3:40 PM,0.07,0.01,17,102.0,17.0,True,
AAPL,Friday,P,2024-12-27,AAPL241227P00255000,255.0,REAL,3:20 PM,0.21,3:40 PM,0.06,-0.15,5,105.0,-75.0,False,
AAPL,Friday,P,2025-01-03,AAPL250103P00242500,242.5,REAL,3:20 PM,0.09,3:40 PM,0.1,0.01,12,108.0,12.0,True,
AAPL,Friday,P,2025-01-10,AAPL250110P00237500,237.5,REAL,3:20 PM,1.58,3:40 PM,1.29,-0.29,1,158.0,-29.0,False,
AAPL,Friday,P,2025-01-17,AAPL250117P00230000,230.0,REAL,3:20 PM,0.67,3:40 PM,0.63,-0.04,2,134.0,-8.0,False,
AAPL,Friday,P,2025-01-24,AAPL250124P00222500,222.5,REAL,3:20 PM,0.12,3:40 PM,0.3,0.18,9,108.0,162.0,True,
AAPL,Friday,P,2025-01-31,AAPL250131P00235000,235.0,REAL,3:20 PM,1.2,3:40 PM,1.26,0.06,1,120.0,6.0,True,
AAPL,Friday,P,2025-02-07,AAPL250207P00227500,227.5,REAL,3:20 PM,0.1,3:40 PM,0.17,0.07,10,100.0,70.0,True,
AAPL,Friday,P,2025-02-14,AAPL250214P00245000,245.0,REAL,3:20 PM,0.9,3:40 PM,0.69,-0.21,2,180.0,-42.0,False,
AAPL,Friday,P,2025-02-21,AAPL250221P00247500,247.5,REAL,3:20 PM,1.69,3:40 PM,1.63,-0.06,1,169.0,-6.0,False,
AAPL,Friday,P,2025-02-28,AAPL250228P00235000,235.0,REAL,3:20 PM,0.02,3:40 PM,0.01,-0.01,50,100.0,-50.0,False,
AAPL,Friday,P,2025-03-07,AAPL250307P00240000,240.0,REAL,3:20 PM,1.56,3:40 PM,1.84,0.28,1,156.0,28.0,True,
AAPL,Friday,P,2025-03-14,AAPL250314P00212500,212.5,REAL,3:20 PM,0.22,3:40 PM,0.18,-0.04,5,110.0,-20.0,False,
AAPL,Friday,P,2025-03-21,AAPL250321P00215000,215.0,REAL,3:20 PM,0.33,3:40 PM,0.25,-0.08,4,132.0,-32.0,False,
AAPL,Friday,P,2025-03-28,AAPL250328P00217500,217.5,REAL,3:20 PM,0.07,3:40 PM,0.09,0.02,15,105.0,30.0,True,
AAPL,Friday,P,2025-04-04,AAPL250404P00190000,190.0,REAL,3:20 PM,1.05,3:40 PM,0.39,-0.66,1,105.0,-66.0,False,
AAPL,Friday,P,2025-04-11,AAPL250411P00200000,200.0,REAL,3:20 PM,1.64,3:40 PM,2.0,0.36,1,164.0,36.0,True,
AAPL,Friday,P,2025-04-18,AAPL250417P00200000,200.0,REAL,3:19 PM,2.62,3:40 PM,2.76,0.14,1,262.0,14.0,True,Fri closed → Thu expiry
AAPL,Friday,P,2025-04-25,AAPL250425P00207500,207.5,REAL,3:20 PM,0.1,3:40 PM,0.11,0.01,10,100.0,10.0,True,
AAPL,Friday,P,2025-05-02,AAPL250502P00205000,205.0,REAL,3:20 PM,0.78,3:40 PM,0.5,-0.28,2,156.0,-56.0,False,
AAPL,Friday,P,2025-05-09,AAPL250509P00200000,200.0,REAL,3:20 PM,1.04,3:40 PM,1.38,0.34,1,104.0,34.0,True,
AAPL,Friday,P,2025-05-16,AAPL250516P00210000,210.0,REAL,3:20 PM,0.02,3:40 PM,0.02,0.0,50,100.0,0.0,False,
AAPL,Friday,P,2025-05-23,AAPL250523P00195000,195.0,REAL,3:20 PM,0.33,3:40 PM,0.09,-0.24,4,132.0,-96.0,False,
AAPL,Friday,P,2025-05-30,AAPL250530P00200000,200.0,REAL,3:20 PM,0.45,3:40 PM,0.38,-0.07,3,135.0,-21.0,False,
AAPL,Friday,P,2025-06-06,AAPL250606P00205000,205.0,REAL,3:20 PM,0.41,3:40 PM,0.16,-0.25,3,123.0,-75.0,False,
AAPL,Friday,P,2025-06-13,AAPL250613P00200000,200.0,REAL,3:20 PM,3.5,3:40 PM,3.65,0.15,1,350.0,15.0,True,
AAPL,Friday,P,2025-06-20,AAPL250620P00200000,200.0,REAL,3:20 PM,0.32,3:40 PM,0.22,-0.1,4,128.0,-40.0,False,
AAPL,Friday,P,2025-06-27,AAPL250627P00200000,200.0,REAL,3:20 PM,0.04,3:40 PM,0.02,-0.02,25,100.0,-50.0,False,
AAPL,Friday,P,2025-07-04,,0.0,MISS,3:20 PM,,3:40 PM,,,,,,,missing data (Fri & Thu closed)
AAPL,Friday,P,2025-07-11,AAPL250711P00212500,212.5,REAL,3:20 PM,1.37,3:40 PM,1.33,-0.04,1,137.0,-4.0,False,
AAPL,Friday,P,2025-07-18,AAPL250718P00210000,210.0,REAL,3:20 PM,0.02,3:40 PM,0.03,0.01,50,100.0,50.0,True,
AAPL,Friday,P,2025-07-25,AAPL250725P00215000,215.0,REAL,3:20 PM,1.28,3:40 PM,1.39,0.11,1,128.0,11.0,True,
AAPL,Friday,P,2025-08-01,AAPL250801P00202500,202.5,REAL,3:20 PM,0.14,3:40 PM,0.2,0.06,8,112.0,48.0,True,
AAPL,Friday,P,2025-08-08,AAPL250808P00230000,230.0,REAL,3:20 PM,0.86,3:40 PM,1.37,0.51,2,172.0,102.0,True,
AAPL,Friday,P,2025-08-15,AAPL250815P00230000,230.0,REAL,3:20 PM,0.08,3:40 PM,0.05,-0.03,13,104.0,-39.0,False,
AAPL,Friday,P,2025-08-22,AAPL250822P00227500,227.5,REAL,3:20 PM,0.17,3:40 PM,0.24,0.07,6,102.0,42.0,True,
AAPL,Friday,P,2025-08-29,AAPL250829P00232500,232.5,REAL,3:20 PM,0.43,3:40 PM,0.36,-0.07,3,129.0,-21.0,False,
AAPL,Friday,P,2025-09-05,AAPL250905P00240000,240.0,REAL,3:20 PM,0.39,3:40 PM,0.27,-0.12,3,117.0,-36.0,False,
AAPL,Friday,P,2025-09-12,AAPL250912P00232500,232.5,REAL,3:20 PM,0.02,3:40 PM,0.01,-0.01,50,100.0,-50.0,False,
AAPL,Friday,P,2025-09-19,AAPL250919P00245000,245.0,REAL,3:20 PM,0.24,3:40 PM,0.59,0.35,5,120.0,175.0,True,
AAPL,Friday,P,2025-09-26,AAPL250926P00255000,255.0,REAL,3:20 PM,0.15,3:40 PM,0.24,0.09,7,105.0,63.0,True,
AAPL,Friday,P,2025-10-03,AAPL251003P00257500,257.5,REAL,3:20 PM,0.11,3:40 PM,0.06,-0.05,10,110.0,-50.0,False,
AAPL,Friday,P,2025-10-10,AAPL251010P00247500,247.5,REAL,3:20 PM,1.43,3:40 PM,1.21,-0.22,1,143.0,-22.0,False,
AAPL,Friday,P,2025-10-17,AAPL251017P00252500,252.5,REAL,3:20 PM,0.34,3:40 PM,0.14,-0.2,3,102.0,-60.0,False,
AAPL,Friday,P,2025-10-24,AAPL251024P00265000,265.0,REAL,3:20 PM,1.72,3:40 PM,1.65,-0.07,1,172.0,-7.0,False,
AAPL,Friday,P,2025-10-31,AAPL251031P00272500,272.5,REAL,3:20 PM,1.04,3:40 PM,0.44,-0.6,1,104.0,-60.0,False,
AAPL,Friday,P,2025-11-07,AAPL251107P00267500,267.5,REAL,3:20 PM,0.57,3:40 PM,0.07,-0.5,2,114.0,-100.0,False,
AAPL,Friday,P,2025-11-14,AAPL251114P00275000,275.0,REAL,3:20 PM,1.55,3:40 PM,2.15,0.6,1,155.0,60.0,True,
AAPL,Friday,P,2025-11-21,AAPL251121P00272500,272.5,REAL,3:20 PM,0.62,3:40 PM,0.93,0.31,2,124.0,62.0,True,
AAPL,Friday,P,2025-11-28,,0.0,MISS,3:20 PM,,3:40 PM,,,,,,,missing data (Fri & Thu closed)
AAPL,Friday,P,2025-12-05,AAPL251205P00277500,277.5,REAL,3:20 PM,0.03,3:40 PM,0.01,-0.02,34,102.0,-68.0,False,
AAPL,Friday,P,2025-12-12,AAPL251212P00277500,277.5,REAL,3:20 PM,0.08,3:40 PM,0.27,0.19,13,104.0,247.0,True,
AAPL,Friday,P,2025-12-19,AAPL251219P00270000,270.0,REAL,3:20 PM,0.24,3:40 PM,0.41,0.17,5,120.0,85.0,True,
AAPL,Friday,P,2025-12-26,AAPL251226P00275000,275.0,REAL,3:20 PM,0.99,3:40 PM,1.19,0.2,2,198.0,40.0,True,
AAPL,Friday,P,2026-01-02,AAPL260102P00270000,270.0,REAL,3:20 PM,0.09,3:40 PM,0.07,-0.02,12,108.0,-24.0,False,
AAPL,Friday,P,2026-01-09,AAPL260109P00260000,260.0,REAL,3:20 PM,0.24,3:40 PM,0.31,0.07,5,120.0,35.0,True,
AAPL,Friday,P,2026-01-16,AAPL260116P00257500,257.5,REAL,3:20 PM,1.32,3:40 PM,1.28,-0.04,1,132.0,-4.0,False,
AAPL,Friday,P,2026-01-23,AAPL260123P00247500,247.5,REAL,3:20 PM,0.07,3:40 PM,0.05,-0.02,15,105.0,-30.0,False,
AAPL,Friday,P,2026-01-30,AAPL260130P00257500,257.5,REAL,3:20 PM,0.09,3:40 PM,0.02,-0.07,12,108.0,-84.0,False,
AAPL,Friday,P,2026-02-06,AAPL260206P00277500,277.5,REAL,3:20 PM,0.24,3:40 PM,0.15,-0.09,5,120.0,-45.0,False,
AAPL,Friday,P,2026-02-13,AAPL260213P00260000,260.0,REAL,3:20 PM,2.91,3:40 PM,3.94,1.03,1,291.0,103.0,True,
AAPL,Friday,P,2026-02-20,AAPL260220P00265000,265.0,REAL,3:20 PM,0.99,3:40 PM,1.75,0.76,2,198.0,152.0,True,
AAPL,Friday,P,2026-02-27,AAPL260227P00265000,265.0,REAL,3:20 PM,0.04,3:40 PM,0.29,0.25,25,100.0,625.0,True,
AAPL,Friday,P,2026-03-06,AAPL260306P00257500,257.5,REAL,3:20 PM,0.35,3:40 PM,0.52,0.17,3,105.0,51.0,True,
AAPL,Friday,P,2026-03-13,AAPL260313P00252500,252.5,REAL,3:20 PM,1.84,3:40 PM,2.44,0.6,1,184.0,60.0,True,
AAPL,Friday,P,2026-03-20,AAPL260320P00247500,247.5,REAL,3:20 PM,0.43,3:40 PM,0.94,0.51,3,129.0,153.0,True,
AAPL,Friday,P,2026-03-27,AAPL260327P00250000,250.0,REAL,3:20 PM,1.09,3:40 PM,1.74,0.65,1,109.0,65.0,True,
AAPL,Friday,P,2026-04-03,AAPL260402P00255000,255.0,REAL,3:20 PM,0.15,3:40 PM,0.1,-0.05,7,105.0,-35.0,False,Fri closed → Thu expiry
AAPL,Friday,P,2026-04-10,AAPL260410P00260000,260.0,REAL,3:20 PM,0.55,3:40 PM,0.62,0.07,2,110.0,14.0,True,
AAPL,Friday,P,2026-04-17,AAPL260417P00270000,270.0,REAL,3:20 PM,0.52,3:40 PM,0.12,-0.4,2,104.0,-80.0,False,
AAPL,Friday,P,2026-04-24,AAPL260424P00270000,270.0,REAL,3:20 PM,0.21,3:40 PM,0.14,-0.07,5,105.0,-35.0,False,
AAPL,Friday,P,2026-05-01,AAPL260501P00282500,282.5,REAL,3:20 PM,2.49,3:40 PM,2.0,-0.49,1,249.0,-49.0,False,
AAPL,Friday,P,2026-05-08,AAPL260508P00292500,292.5,REAL,3:20 PM,0.1,3:40 PM,0.05,-0.05,10,100.0,-50.0,False,
AAPL,Friday,P,2026-05-15,AAPL260515P00302500,302.5,REAL,3:20 PM,2.09,3:40 PM,2.43,0.34,1,209.0,34.0,True,
AAPL,Friday,P,2026-05-22,AAPL260522P00310000,310.0,REAL,3:20 PM,0.89,3:40 PM,1.38,0.49,2,178.0,98.0,True,
AAPL,Friday,P,2026-05-29,AAPL260529P00310000,310.0,REAL,3:20 PM,0.11,3:40 PM,0.02,-0.09,10,110.0,-90.0,False,
AAPL,Friday,P,2026-06-05,AAPL260605P00312500,312.5,REAL,3:20 PM,4.8,3:40 PM,4.15,-0.65,1,480.0,-65.0,False,
AAPL,Friday,P,2026-06-12,AAPL260612P00290000,290.0,REAL,3:20 PM,0.12,3:40 PM,0.12,0.0,9,108.0,0.0,False,
AAPL,Friday,P,2026-06-19,AAPL260618P00297500,297.5,REAL,3:20 PM,0.51,3:40 PM,0.44,-0.07,2,102.0,-14.0,False,Fri closed → Thu expiry
AAPL,Friday,P,2026-06-26,AAPL260626P00280000,280.0,REAL,3:20 PM,0.28,3:40 PM,0.6,0.32,4,112.0,128.0,True,
AAPL,Friday,P,2026-07-03,AAPL260702P00307500,307.5,REAL,3:20 PM,0.42,3:40 PM,0.27,-0.15,3,126.0,-45.0,False,Fri closed → Thu expiry
AAPL,Monday,C,2026-02-16,,0.0,MISS,3:40 PM,,3:55 PM,,,,,,,missing data (market closed)
AAPL,Monday,C,2026-02-23,AAPL260223C00267500,267.5,REAL,3:40 PM,0.03,3:54 PM,0.01,-0.02,34,102.0,-68.0,False,
AAPL,Monday,C,2026-03-02,AAPL260302C00265000,265.0,REAL,3:40 PM,0.13,3:55 PM,0.17,0.04,8,104.0,32.0,True,
AAPL,Monday,C,2026-03-09,AAPL260309C00257500,257.5,REAL,3:40 PM,3.06,3:55 PM,2.22,-0.84,1,306.0,-84.0,False,
AAPL,Monday,C,2026-03-16,AAPL260316C00252500,252.5,REAL,3:40 PM,0.24,3:55 PM,0.3,0.06,5,120.0,30.0,True,
AAPL,Monday,C,2026-03-23,AAPL260323C00252500,252.5,REAL,3:40 PM,0.07,3:55 PM,0.01,-0.06,15,105.0,-90.0,False,
AAPL,Monday,C,2026-03-30,AAPL260330C00247500,247.5,REAL,3:40 PM,0.01,3:55 PM,0.02,0.01,100,100.0,100.0,True,
AAPL,Monday,C,2026-04-06,AAPL260406C00257500,257.5,REAL,3:40 PM,1.13,3:55 PM,1.11,-0.02,1,113.0,-2.0,False,
AAPL,Monday,C,2026-04-13,AAPL260413C00257500,257.5,REAL,3:40 PM,0.33,3:55 PM,1.87,1.54,4,132.0,616.0,True,
AAPL,Monday,C,2026-04-20,AAPL260420C00272500,272.5,REAL,3:40 PM,0.15,3:55 PM,0.25,0.1,7,105.0,70.0,True,
AAPL,Monday,C,2026-04-27,AAPL260427C00267500,267.5,REAL,3:40 PM,0.26,3:55 PM,0.27,0.01,4,104.0,4.0,True,
AAPL,Monday,C,2026-05-04,AAPL260504C00277500,277.5,REAL,3:40 PM,0.13,3:55 PM,0.04,-0.09,8,104.0,-72.0,False,
AAPL,Monday,C,2026-05-11,AAPL260511C00292500,292.5,REAL,3:40 PM,0.14,3:55 PM,0.27,0.13,8,112.0,104.0,True,
AAPL,Monday,C,2026-05-18,AAPL260518C00297500,297.5,REAL,3:40 PM,0.26,3:55 PM,0.34,0.08,4,104.0,32.0,True,
AAPL,Monday,C,2026-05-25,,0.0,MISS,3:40 PM,,3:55 PM,,,,,,,missing data (market closed)
AAPL,Monday,C,2026-06-01,AAPL260601C00307500,307.5,REAL,3:40 PM,0.43,3:55 PM,0.02,-0.41,3,129.0,-123.0,False,
AAPL,Monday,C,2026-06-08,AAPL260608C00307500,307.5,REAL,3:40 PM,0.01,3:57 PM,0.01,0.0,100,100.0,0.0,False,
AAPL,Monday,C,2026-06-15,AAPL260615C00295000,295.0,REAL,3:40 PM,1.2,3:55 PM,1.07,-0.13,1,120.0,-13.0,False,
AAPL,Monday,C,2026-06-22,AAPL260622C00300000,300.0,REAL,3:40 PM,0.01,3:56 PM,0.01,0.0,100,100.0,0.0,False,
AAPL,Monday,C,2026-06-29,AAPL260629C00282500,282.5,REAL,3:40 PM,0.27,3:55 PM,0.07,-0.2,4,108.0,-80.0,False,
AAPL,Monday,P,2026-02-16,,0.0,MISS,3:05 PM,,3:35 PM,,,,,,,missing data (market closed)
AAPL,Monday,P,2026-02-23,AAPL260223P00267500,267.5,REAL,3:05 PM,1.17,3:35 PM,1.06,-0.11,1,117.0,-11.0,False,
AAPL,Monday,P,2026-03-02,AAPL260302P00265000,265.0,REAL,3:05 PM,0.13,3:35 PM,0.72,0.59,8,104.0,472.0,True,
AAPL,Monday,P,2026-03-09,AAPL260309P00257500,257.5,REAL,3:05 PM,0.54,3:35 PM,0.03,-0.51,2,108.0,-102.0,False,
AAPL,Monday,P,2026-03-16,AAPL260316P00252500,252.5,REAL,3:05 PM,0.35,3:35 PM,0.27,-0.08,3,105.0,-24.0,False,
AAPL,Monday,P,2026-03-23,AAPL260323P00252500,252.5,REAL,3:05 PM,0.44,3:35 PM,0.7,0.26,3,132.0,78.0,True,
AAPL,Monday,P,2026-03-30,AAPL260330P00247500,247.5,REAL,3:05 PM,0.86,3:35 PM,1.81,0.95,2,172.0,190.0,True,
AAPL,Monday,P,2026-04-06,AAPL260406P00257500,257.5,REAL,3:05 PM,0.01,3:35 PM,0.02,0.01,100,100.0,100.0,True,
AAPL,Monday,P,2026-04-13,AAPL260413P00257500,257.5,REAL,3:05 PM,0.09,3:35 PM,0.13,0.04,12,108.0,48.0,True,
AAPL,Monday,P,2026-04-20,AAPL260420P00272500,272.5,REAL,3:05 PM,0.12,3:35 PM,0.22,0.1,9,108.0,90.0,True,
AAPL,Monday,P,2026-04-27,AAPL260427P00267500,267.5,REAL,3:05 PM,1.17,3:35 PM,0.32,-0.85,1,117.0,-85.0,False,
AAPL,Monday,P,2026-05-04,AAPL260504P00277500,277.5,REAL,3:05 PM,0.97,3:35 PM,0.53,-0.44,2,194.0,-88.0,False,
AAPL,Monday,P,2026-05-11,AAPL260511P00292500,292.5,REAL,3:05 PM,1.46,3:35 PM,0.52,-0.94,1,146.0,-94.0,False,
AAPL,Monday,P,2026-05-18,AAPL260518P00297500,297.5,REAL,3:05 PM,0.67,3:35 PM,0.44,-0.23,2,134.0,-46.0,False,
AAPL,Monday,P,2026-05-25,,0.0,MISS,3:05 PM,,3:35 PM,,,,,,,missing data (market closed)
AAPL,Monday,P,2026-06-01,AAPL260601P00307500,307.5,REAL,3:05 PM,0.35,3:35 PM,0.18,-0.17,3,105.0,-51.0,False,
AAPL,Monday,P,2026-06-08,AAPL260608P00307500,307.5,REAL,3:05 PM,3.2,3:36 PM,5.5,2.3,1,320.0,230.0,True,
AAPL,Monday,P,2026-06-15,AAPL260615P00295000,295.0,REAL,3:05 PM,0.04,3:35 PM,0.01,-0.03,25,100.0,-75.0,False,
AAPL,Monday,P,2026-06-22,AAPL260622P00300000,300.0,REAL,3:05 PM,0.96,3:35 PM,2.49,1.53,2,192.0,306.0,True,
AAPL,Monday,P,2026-06-29,AAPL260629P00282500,282.5,REAL,3:05 PM,0.34,3:35 PM,0.59,0.25,3,102.0,75.0,True,
AAPL,Wednesday,C,2026-02-18,AAPL260218C00265000,265.0,REAL,3:30 PM,0.04,3:55 PM,0.25,0.21,25,100.0,525.0,True,
AAPL,Wednesday,C,2026-02-25,AAPL260225C00275000,275.0,REAL,3:30 PM,0.02,3:55 PM,0.09,0.07,50,100.0,350.0,True,
AAPL,Wednesday,C,2026-03-04,AAPL260304C00262500,262.5,REAL,3:30 PM,0.43,3:55 PM,0.49,0.06,3,129.0,18.0,True,
AAPL,Wednesday,C,2026-03-11,AAPL260311C00260000,260.0,REAL,3:30 PM,0.38,3:55 PM,0.84,0.46,3,114.0,138.0,True,
AAPL,Wednesday,C,2026-03-18,AAPL260318C00252500,252.5,REAL,3:30 PM,0.01,3:55 PM,0.01,0.0,100,100.0,0.0,False,
AAPL,Wednesday,C,2026-03-25,AAPL260325C00255000,255.0,REAL,3:30 PM,0.01,3:55 PM,0.01,0.0,100,100.0,0.0,False,
AAPL,Wednesday,C,2026-04-01,AAPL260401C00255000,255.0,REAL,3:30 PM,0.72,3:55 PM,0.39,-0.33,2,144.0,-66.0,False,
AAPL,Wednesday,C,2026-04-08,AAPL260408C00257500,257.5,REAL,3:30 PM,0.25,3:55 PM,0.79,0.54,4,100.0,216.0,True,
AAPL,Wednesday,C,2026-04-15,AAPL260415C00265000,265.0,REAL,3:30 PM,0.49,3:55 PM,1.23,0.74,3,147.0,222.0,True,
AAPL,Wednesday,C,2026-04-22,AAPL260422C00272500,272.5,REAL,3:30 PM,0.35,3:55 PM,0.42,0.07,3,105.0,21.0,True,
AAPL,Wednesday,C,2026-04-29,AAPL260429C00270000,270.0,REAL,3:30 PM,0.45,3:55 PM,0.47,0.02,3,135.0,6.0,True,
AAPL,Wednesday,C,2026-05-06,AAPL260506C00287500,287.5,REAL,3:30 PM,0.31,3:55 PM,0.25,-0.06,4,124.0,-24.0,False,
AAPL,Wednesday,C,2026-05-13,AAPL260513C00300000,300.0,REAL,3:30 PM,0.06,3:55 PM,0.05,-0.01,17,102.0,-17.0,False,
AAPL,Wednesday,C,2026-05-20,AAPL260520C00302500,302.5,REAL,3:30 PM,0.1,3:55 PM,0.05,-0.05,10,100.0,-50.0,False,
AAPL,Wednesday,C,2026-05-27,AAPL260527C00310000,310.0,REAL,3:30 PM,0.17,3:55 PM,0.65,0.48,6,102.0,288.0,True,
AAPL,Wednesday,C,2026-06-03,AAPL260603C00310000,310.0,REAL,3:30 PM,0.7,3:55 PM,0.3,-0.4,2,140.0,-80.0,False,
AAPL,Wednesday,C,2026-06-10,AAPL260610C00295000,295.0,REAL,3:30 PM,0.01,3:55 PM,0.01,0.0,100,100.0,0.0,False,
AAPL,Wednesday,C,2026-06-17,AAPL260617C00297500,297.5,REAL,3:30 PM,0.02,3:55 PM,0.01,-0.01,50,100.0,-50.0,False,
AAPL,Wednesday,C,2026-06-24,AAPL260624C00295000,295.0,REAL,3:30 PM,0.5,3:55 PM,0.15,-0.35,2,100.0,-70.0,False,
AAPL,Wednesday,C,2026-07-01,AAPL260701C00295000,295.0,REAL,3:30 PM,0.11,3:55 PM,0.55,0.44,10,110.0,440.0,True,
AAPL,Wednesday,P,2026-02-18,AAPL260218P00265000,265.0,REAL,3:00 PM,1.12,3:05 PM,1.4,0.28,1,112.0,28.0,True,
AAPL,Wednesday,P,2026-02-25,AAPL260225P00275000,275.0,REAL,3:00 PM,1.66,3:05 PM,1.43,-0.23,1,166.0,-23.0,False,
AAPL,Wednesday,P,2026-03-04,AAPL260304P00262500,262.5,REAL,3:00 PM,0.14,3:05 PM,0.15,0.01,8,112.0,8.0,True,
AAPL,Wednesday,P,2026-03-11,AAPL260311P00260000,260.0,REAL,3:00 PM,0.22,3:05 PM,0.34,0.12,5,110.0,60.0,True,
AAPL,Wednesday,P,2026-03-18,AAPL260318P00252500,252.5,REAL,3:00 PM,2.65,3:05 PM,2.19,-0.46,1,265.0,-46.0,False,
AAPL,Wednesday,P,2026-03-25,AAPL260325P00255000,255.0,REAL,3:00 PM,2.23,3:05 PM,2.34,0.11,1,223.0,11.0,True,
AAPL,Wednesday,P,2026-04-01,AAPL260401P00255000,255.0,REAL,3:00 PM,0.61,3:05 PM,0.46,-0.15,2,122.0,-30.0,False,
AAPL,Wednesday,P,2026-04-08,AAPL260408P00257500,257.5,REAL,3:00 PM,0.46,3:05 PM,0.32,-0.14,3,138.0,-42.0,False,
AAPL,Wednesday,P,2026-04-15,AAPL260415P00265000,265.0,REAL,3:00 PM,0.14,3:05 PM,0.18,0.04,8,112.0,32.0,True,
AAPL,Wednesday,P,2026-04-22,AAPL260422P00272500,272.5,REAL,3:00 PM,0.42,3:05 PM,0.33,-0.09,3,126.0,-27.0,False,
AAPL,Wednesday,P,2026-04-29,AAPL260429P00270000,270.0,REAL,3:00 PM,0.42,3:05 PM,0.39,-0.03,3,126.0,-9.0,False,
AAPL,Wednesday,P,2026-05-06,AAPL260506P00287500,287.5,REAL,3:00 PM,0.41,3:05 PM,0.47,0.06,3,123.0,18.0,True,
AAPL,Wednesday,P,2026-05-13,AAPL260513P00300000,300.0,REAL,3:00 PM,0.69,3:05 PM,0.92,0.23,2,138.0,46.0,True,
AAPL,Wednesday,P,2026-05-20,AAPL260520P00302500,302.5,REAL,3:00 PM,0.39,3:05 PM,0.74,0.35,3,117.0,105.0,True,
AAPL,Wednesday,P,2026-05-27,AAPL260527P00310000,310.0,REAL,3:00 PM,0.2,3:05 PM,0.26,0.06,5,100.0,30.0,True,
AAPL,Wednesday,P,2026-06-03,AAPL260603P00310000,310.0,REAL,3:00 PM,0.49,3:05 PM,0.43,-0.06,3,147.0,-18.0,False,
AAPL,Wednesday,P,2026-06-10,AAPL260610P00295000,295.0,REAL,3:00 PM,2.3,3:05 PM,2.24,-0.06,1,230.0,-6.0,False,
AAPL,Wednesday,P,2026-06-17,AAPL260617P00297500,297.5,REAL,3:00 PM,2.67,3:05 PM,2.53,-0.14,1,267.0,-14.0,False,
AAPL,Wednesday,P,2026-06-24,AAPL260624P00295000,295.0,REAL,3:00 PM,0.55,3:05 PM,0.52,-0.03,2,110.0,-6.0,False,
AAPL,Wednesday,P,2026-07-01,AAPL260701P00295000,295.0,REAL,3:00 PM,0.54,3:05 PM,0.56,0.02,2,108.0,4.0,True,
TSLA,Friday,C,2024-07-12,TSLA240712C00250000,250.0,REAL,3:45 PM,0.15,3:55 PM,0.05,-0.1,7,105.0,-70.0,False,
TSLA,Friday,C,2024-07-19,TSLA240719C00240000,240.0,REAL,3:45 PM,0.14,3:55 PM,0.08,-0.06,8,112.0,-48.0,False,
TSLA,Friday,C,2024-07-26,TSLA240726C00220000,220.0,REAL,3:45 PM,0.58,3:55 PM,0.06,-0.52,2,116.0,-104.0,False,
TSLA,Friday,C,2024-08-02,TSLA240802C00207500,207.5,REAL,3:45 PM,0.3,3:55 PM,0.6,0.3,4,120.0,120.0,True,
TSLA,Friday,C,2024-08-09,TSLA240809C00200000,200.0,REAL,3:45 PM,0.18,3:55 PM,0.09,-0.09,6,108.0,-54.0,False,
TSLA,Friday,C,2024-08-16,TSLA240816C00217500,217.5,REAL,3:45 PM,0.01,3:55 PM,0.02,0.01,100,100.0,100.0,True,
TSLA,Friday,C,2024-08-23,TSLA240823C00220000,220.0,REAL,3:45 PM,0.28,3:55 PM,0.4,0.12,4,112.0,48.0,True,
TSLA,Friday,C,2024-08-30,TSLA240830C00210000,210.0,REAL,3:45 PM,1.9,3:55 PM,3.9,2.0,1,190.0,200.0,True,
TSLA,Friday,C,2024-09-06,TSLA240906C00215000,215.0,REAL,3:45 PM,0.03,3:55 PM,0.01,-0.02,34,102.0,-68.0,False,
TSLA,Friday,C,2024-09-13,TSLA240913C00227500,227.5,REAL,3:45 PM,2.44,3:55 PM,2.56,0.12,1,244.0,12.0,True,
TSLA,Friday,C,2024-09-20,TSLA240920C00237500,237.5,REAL,3:45 PM,2.28,3:55 PM,1.49,-0.79,1,228.0,-79.0,False,
TSLA,Friday,C,2024-09-27,TSLA240927C00260000,260.0,REAL,3:45 PM,0.45,3:55 PM,0.28,-0.17,3,135.0,-51.0,False,
TSLA,Friday,C,2024-10-04,TSLA241004C00250000,250.0,REAL,3:45 PM,0.1,3:55 PM,0.15,0.05,10,100.0,50.0,True,
TSLA,Friday,C,2024-10-11,TSLA241011C00220000,220.0,REAL,3:45 PM,0.04,3:55 PM,0.03,-0.01,25,100.0,-25.0,False,
TSLA,Friday,C,2024-10-18,TSLA241018C00220000,220.0,REAL,3:45 PM,0.99,3:55 PM,0.67,-0.32,2,198.0,-64.0,False,
TSLA,Friday,C,2024-10-25,TSLA241025C00267500,267.5,REAL,3:45 PM,1.0,3:55 PM,1.76,0.76,1,100.0,76.0,True,
TSLA,Friday,C,2024-11-01,TSLA241101C00247500,247.5,REAL,3:45 PM,1.19,3:55 PM,1.83,0.64,1,119.0,64.0,True,
TSLA,Friday,C,2024-11-08,TSLA241108C00325000,325.0,REAL,3:45 PM,0.15,3:55 PM,0.05,-0.1,7,105.0,-70.0,False,
TSLA,Friday,C,2024-11-15,TSLA241115C00317500,317.5,REAL,3:45 PM,1.73,3:55 PM,3.55,1.82,1,173.0,182.0,True,
TSLA,Friday,C,2024-11-22,TSLA241122C00355000,355.0,REAL,3:45 PM,0.06,3:55 PM,0.02,-0.04,17,102.0,-68.0,False,
TSLA,Friday,C,2024-11-29,,0.0,MISS,3:45 PM,,3:55 PM,,,,,,,missing data (Fri & Thu closed)
TSLA,Friday,C,2024-12-06,TSLA241206C00375000,375.0,REAL,3:45 PM,10.43,3:55 PM,13.65,3.22,1,1043.0,322.0,True,
TSLA,Friday,C,2024-12-13,TSLA241213C00435000,435.0,REAL,3:45 PM,0.45,3:55 PM,1.2,0.75,3,135.0,225.0,True,
TSLA,Friday,C,2024-12-20,TSLA241220C00437500,437.5,REAL,3:45 PM,0.1,3:55 PM,0.01,-0.09,10,100.0,-90.0,False,
TSLA,Friday,C,2024-12-27,TSLA241227C00435000,435.0,REAL,3:45 PM,0.06,3:55 PM,0.1,0.04,17,102.0,68.0,True,
TSLA,Friday,C,2025-01-03,TSLA250103C00402500,402.5,REAL,3:45 PM,7.08,3:55 PM,7.6,0.52,1,708.0,52.0,True,
TSLA,Friday,C,2025-01-10,TSLA250110C00397500,397.5,REAL,3:45 PM,0.13,3:55 PM,0.04,-0.09,8,104.0,-72.0,False,
TSLA,Friday,C,2025-01-17,TSLA250117C00440000,440.0,REAL,3:45 PM,0.03,3:55 PM,0.01,-0.02,34,102.0,-68.0,False,
TSLA,Friday,C,2025-01-24,TSLA250124C00407500,407.5,REAL,3:45 PM,0.37,3:55 PM,0.31,-0.06,3,111.0,-18.0,False,
TSLA,Friday,C,2025-01-31,TSLA250131C00412500,412.5,REAL,3:45 PM,0.02,3:55 PM,0.01,-0.01,50,100.0,-50.0,False,
TSLA,Friday,C,2025-02-07,TSLA250207C00367500,367.5,REAL,3:45 PM,0.03,3:55 PM,0.01,-0.02,34,102.0,-68.0,False,
TSLA,Friday,C,2025-02-14,TSLA250214C00352500,352.5,REAL,3:45 PM,2.6,3:55 PM,3.29,0.69,1,260.0,69.0,True,
TSLA,Friday,C,2025-02-21,TSLA250221C00337500,337.5,REAL,3:45 PM,0.33,3:55 PM,0.95,0.62,4,132.0,248.0,True,
TSLA,Friday,C,2025-02-28,TSLA250228C00282500,282.5,REAL,3:45 PM,7.89,3:55 PM,9.2,1.31,1,789.0,131.0,True,
TSLA,Friday,C,2025-03-07,TSLA250307C00262500,262.5,REAL,3:45 PM,0.2,3:55 PM,0.55,0.35,5,100.0,175.0,True,
TSLA,Friday,C,2025-03-14,TSLA250314C00250000,250.0,REAL,3:45 PM,0.11,3:55 PM,0.05,-0.06,10,110.0,-60.0,False,
TSLA,Friday,C,2025-03-21,TSLA250321C00247500,247.5,REAL,3:45 PM,0.3,3:55 PM,0.56,0.26,4,120.0,104.0,True,
TSLA,Friday,C,2025-03-28,TSLA250328C00265000,265.0,REAL,3:45 PM,0.12,3:55 PM,0.15,0.03,9,108.0,27.0,True,
TSLA,Friday,C,2025-04-04,TSLA250404C00245000,245.0,REAL,3:45 PM,0.68,3:55 PM,0.04,-0.64,2,136.0,-128.0,False,
TSLA,Friday,C,2025-04-11,TSLA250411C00250000,250.0,REAL,3:45 PM,0.72,3:55 PM,1.48,0.76,2,144.0,152.0,True,
TSLA,Friday,C,2025-04-18,TSLA250417C00240000,240.0,REAL,3:45 PM,0.5,3:55 PM,0.9,0.4,2,100.0,80.0,True,Fri closed → Thu expiry
TSLA,Friday,C,2025-04-25,TSLA250425C00282500,282.5,REAL,3:45 PM,1.57,3:55 PM,2.25,0.68,1,157.0,68.0,True,
TSLA,Friday,C,2025-05-02,TSLA250502C00295000,295.0,REAL,3:45 PM,0.01,3:55 PM,0.01,0.0,100,100.0,0.0,False,
TSLA,Friday,C,2025-05-09,TSLA250509C00300000,300.0,REAL,3:45 PM,0.16,3:55 PM,0.02,-0.14,7,112.0,-98.0,False,
TSLA,Friday,C,2025-05-16,TSLA250516C00347500,347.5,REAL,3:45 PM,1.11,3:55 PM,1.92,0.81,1,111.0,81.0,True,
TSLA,Friday,C,2025-05-23,TSLA250523C00342500,342.5,REAL,3:45 PM,0.07,3:55 PM,0.01,-0.06,15,105.0,-90.0,False,
TSLA,Friday,C,2025-05-30,TSLA250530C00350000,350.0,REAL,3:45 PM,2.01,3:55 PM,0.05,-1.96,1,201.0,-196.0,False,
TSLA,Friday,C,2025-06-06,TSLA250606C00300000,300.0,REAL,3:45 PM,0.1,3:55 PM,0.06,-0.04,10,100.0,-40.0,False,
TSLA,Friday,C,2025-06-13,TSLA250613C00332500,332.5,REAL,3:45 PM,0.02,3:55 PM,0.01,-0.01,50,100.0,-50.0,False,
TSLA,Friday,C,2025-06-20,TSLA250620C00322500,322.5,REAL,3:45 PM,0.26,3:55 PM,0.24,-0.02,4,104.0,-8.0,False,
TSLA,Friday,C,2025-06-27,TSLA250627C00322500,322.5,REAL,3:45 PM,0.61,3:55 PM,0.95,0.34,2,122.0,68.0,True,
TSLA,Friday,C,2025-07-04,,0.0,MISS,3:45 PM,,3:55 PM,,,,,,,missing data (Fri & Thu closed)
TSLA,Friday,C,2025-07-11,TSLA250711C00310000,310.0,REAL,3:45 PM,3.61,3:55 PM,3.75,0.14,1,361.0,14.0,True,
TSLA,Friday,C,2025-07-18,TSLA250718C00327500,327.5,REAL,3:45 PM,1.04,3:55 PM,1.63,0.59,1,104.0,59.0,True,
TSLA,Friday,C,2025-07-25,TSLA250725C00317500,317.5,REAL,3:45 PM,0.05,3:55 PM,0.02,-0.03,20,100.0,-60.0,False,
TSLA,Friday,C,2025-08-01,TSLA250801C00302500,302.5,REAL,3:45 PM,0.9,3:55 PM,0.67,-0.23,2,180.0,-46.0,False,
TSLA,Friday,C,2025-08-08,TSLA250808C00330000,330.0,REAL,3:45 PM,0.06,3:55 PM,0.06,0.0,17,102.0,0.0,False,
TSLA,Friday,C,2025-08-15,TSLA250815C00332500,332.5,REAL,3:45 PM,0.01,3:55 PM,0.01,0.0,100,100.0,0.0,False,
TSLA,Friday,C,2025-08-22,TSLA250822C00337500,337.5,REAL,3:45 PM,1.04,3:55 PM,2.06,1.02,1,104.0,102.0,True,
TSLA,Friday,C,2025-08-29,TSLA250829C00332500,332.5,REAL,3:45 PM,1.14,3:55 PM,1.35,0.21,1,114.0,21.0,True,
TSLA,Friday,C,2025-09-05,TSLA250905C00350000,350.0,REAL,3:45 PM,0.13,3:55 PM,1.15,1.02,8,104.0,816.0,True,
TSLA,Friday,C,2025-09-12,TSLA250912C00395000,395.0,REAL,3:45 PM,0.37,3:55 PM,0.65,0.28,3,111.0,84.0,True,
TSLA,Friday,C,2025-09-19,TSLA250919C00425000,425.0,REAL,3:45 PM,0.99,3:55 PM,1.42,0.43,2,198.0,86.0,True,
TSLA,Friday,C,2025-09-26,TSLA250926C00437500,437.5,REAL,3:45 PM,1.21,3:55 PM,2.28,1.07,1,121.0,107.0,True,
TSLA,Friday,C,2025-10-03,TSLA251003C00420000,420.0,REAL,3:45 PM,7.95,3:55 PM,9.12,1.17,1,795.0,117.0,True,
TSLA,Friday,C,2025-10-10,TSLA251010C00417500,417.5,REAL,3:45 PM,0.35,3:55 PM,0.04,-0.31,3,105.0,-93.0,False,
TSLA,Friday,C,2025-10-17,TSLA251017C00440000,440.0,REAL,3:45 PM,0.33,3:55 PM,0.22,-0.11,4,132.0,-44.0,False,
TSLA,Friday,C,2025-10-24,TSLA251024C00435000,435.0,REAL,3:45 PM,0.15,3:55 PM,0.07,-0.08,7,105.0,-56.0,False,
TSLA,Friday,C,2025-10-31,TSLA251031C00450000,450.0,REAL,3:45 PM,3.65,3:55 PM,6.26,2.61,1,365.0,261.0,True,
TSLA,Friday,C,2025-11-07,TSLA251107C00432500,432.5,REAL,3:45 PM,0.71,3:55 PM,0.06,-0.65,2,142.0,-130.0,False,
TSLA,Friday,C,2025-11-14,TSLA251114C00407500,407.5,REAL,3:45 PM,0.39,3:55 PM,0.05,-0.34,3,117.0,-102.0,False,
TSLA,Friday,C,2025-11-21,TSLA251121C00400000,400.0,REAL,3:45 PM,0.06,3:55 PM,0.01,-0.05,17,102.0,-85.0,False,
TSLA,Friday,C,2025-11-28,,0.0,MISS,3:45 PM,,3:55 PM,,,,,,,missing data (Fri & Thu closed)
TSLA,Friday,C,2025-12-05,TSLA251205C00455000,455.0,REAL,3:45 PM,0.4,3:55 PM,0.31,-0.09,3,120.0,-27.0,False,
TSLA,Friday,C,2025-12-12,TSLA251212C00452500,452.5,REAL,3:45 PM,4.2,3:55 PM,5.7,1.5,1,420.0,150.0,True,
TSLA,Friday,C,2025-12-19,TSLA251219C00482500,482.5,REAL,3:45 PM,0.73,3:55 PM,0.42,-0.31,2,146.0,-62.0,False,
TSLA,Friday,C,2025-12-26,TSLA251226C00477500,477.5,REAL,3:45 PM,0.32,3:55 PM,0.02,-0.3,4,128.0,-120.0,False,
TSLA,Friday,C,2026-01-02,TSLA260102C00435000,435.0,REAL,3:45 PM,3.7,3:54 PM,4.0,0.3,1,370.0,30.0,True,
TSLA,Friday,C,2026-01-09,TSLA260109C00447500,447.5,REAL,3:45 PM,0.04,3:55 PM,0.01,-0.03,25,100.0,-75.0,False,
TSLA,Friday,C,2026-01-16,TSLA260116C00440000,440.0,REAL,3:45 PM,0.19,3:55 PM,0.02,-0.17,6,114.0,-102.0,False,
TSLA,Friday,C,2026-01-23,TSLA260123C00447500,447.5,REAL,3:45 PM,0.51,3:55 PM,1.08,0.57,2,102.0,114.0,True,
TSLA,Friday,C,2026-01-30,TSLA260130C00435000,435.0,REAL,3:45 PM,0.21,3:55 PM,0.05,-0.16,5,105.0,-80.0,False,
TSLA,Friday,C,2026-02-06,TSLA260206C00410000,410.0,REAL,3:45 PM,4.35,3:55 PM,1.16,-3.19,1,435.0,-319.0,False,
TSLA,Friday,C,2026-02-13,TSLA260213C00422500,422.5,REAL,3:45 PM,0.02,3:55 PM,0.02,0.0,50,100.0,0.0,False,
TSLA,Friday,C,2026-02-20,TSLA260220C00412500,412.5,REAL,3:45 PM,0.14,3:55 PM,0.11,-0.03,8,112.0,-24.0,False,
TSLA,Friday,C,2026-02-27,TSLA260227C00400000,400.0,REAL,3:45 PM,0.48,3:55 PM,2.87,2.39,3,144.0,717.0,True,
TSLA,Friday,C,2026-03-06,TSLA260306C00397500,397.5,REAL,3:45 PM,1.02,3:55 PM,0.3,-0.72,1,102.0,-72.0,False,
TSLA,Friday,C,2026-03-13,TSLA260313C00392500,392.5,REAL,3:45 PM,0.1,3:55 PM,0.15,0.05,10,100.0,50.0,True,
TSLA,Friday,C,2026-03-20,TSLA260320C00372500,372.5,REAL,3:46 PM,0.01,3:54 PM,0.01,0.0,100,100.0,0.0,False,
TSLA,Friday,C,2026-03-27,TSLA260327C00360000,360.0,REAL,3:45 PM,1.4,3:55 PM,2.18,0.78,1,140.0,78.0,True,
TSLA,Friday,C,2026-04-03,TSLA260402C00360000,360.0,REAL,3:45 PM,0.68,3:55 PM,1.17,0.49,2,136.0,98.0,True,Fri closed → Thu expiry
TSLA,Friday,C,2026-04-10,TSLA260410C00347500,347.5,REAL,3:45 PM,0.6,3:55 PM,0.86,0.26,2,120.0,52.0,True,
TSLA,Friday,C,2026-04-17,TSLA260417C00402500,402.5,REAL,3:45 PM,0.15,3:55 PM,0.06,-0.09,7,105.0,-63.0,False,
TSLA,Friday,C,2026-04-24,TSLA260424C00377500,377.5,REAL,3:45 PM,0.27,3:55 PM,0.15,-0.12,4,108.0,-48.0,False,
TSLA,Friday,C,2026-05-01,TSLA260501C00397500,397.5,REAL,3:45 PM,0.01,3:55 PM,0.01,0.0,100,100.0,0.0,False,
TSLA,Friday,C,2026-05-08,TSLA260508C00427500,427.5,REAL,3:45 PM,0.11,3:55 PM,0.16,0.05,10,110.0,50.0,True,
TSLA,Friday,C,2026-05-15,TSLA260515C00427500,427.5,REAL,3:45 PM,0.04,3:55 PM,0.01,-0.03,25,100.0,-75.0,False,
TSLA,Friday,C,2026-05-22,TSLA260522C00427500,427.5,REAL,3:45 PM,0.08,3:55 PM,0.04,-0.04,13,104.0,-52.0,False,
TSLA,Friday,C,2026-05-29,TSLA260529C00437500,437.5,REAL,3:45 PM,0.19,3:55 PM,0.09,-0.1,6,114.0,-60.0,False,
TSLA,Friday,C,2026-06-05,TSLA260605C00395000,395.0,REAL,3:45 PM,0.23,3:55 PM,0.07,-0.16,5,115.0,-80.0,False,
TSLA,Friday,C,2026-06-12,TSLA260612C00402500,402.5,REAL,3:45 PM,1.54,3:55 PM,2.86,1.32,1,154.0,132.0,True,
TSLA,Friday,C,2026-06-19,TSLA260618C00395000,395.0,REAL,3:45 PM,3.65,3:55 PM,6.12,2.47,1,365.0,247.0,True,Fri closed → Thu expiry
TSLA,Friday,C,2026-06-26,TSLA260626C00385000,385.0,REAL,3:45 PM,0.03,3:55 PM,0.02,-0.01,34,102.0,-34.0,False,
TSLA,Friday,C,2026-07-03,TSLA260702C00392500,392.5,REAL,3:45 PM,0.68,3:55 PM,1.12,0.44,2,136.0,88.0,True,Fri closed → Thu expiry
TSLA,Friday,P,2024-07-12,TSLA240712P00250000,250.0,REAL,2:15 PM,0.96,3:30 PM,0.5,-0.46,2,192.0,-92.0,False,
TSLA,Friday,P,2024-07-19,TSLA240719P00240000,240.0,REAL,2:15 PM,1.14,3:30 PM,0.21,-0.93,1,114.0,-93.0,False,
TSLA,Friday,P,2024-07-26,TSLA240726P00220000,220.0,REAL,2:15 PM,0.48,3:30 PM,0.54,0.06,3,144.0,18.0,True,
TSLA,Friday,P,2024-08-02,TSLA240802P00207500,207.5,REAL,2:15 PM,1.55,3:30 PM,0.95,-0.6,1,155.0,-60.0,False,
TSLA,Friday,P,2024-08-09,TSLA240809P00200000,200.0,REAL,2:15 PM,1.09,3:30 PM,0.46,-0.63,1,109.0,-63.0,False,
TSLA,Friday,P,2024-08-16,TSLA240816P00217500,217.5,REAL,2:15 PM,1.67,3:30 PM,1.14,-0.53,1,167.0,-53.0,False,
TSLA,Friday,P,2024-08-23,TSLA240823P00220000,220.0,REAL,2:15 PM,0.87,3:30 PM,0.11,-0.76,2,174.0,-152.0,False,
TSLA,Friday,P,2024-08-30,TSLA240830P00210000,210.0,REAL,2:15 PM,0.21,3:30 PM,0.01,-0.2,5,105.0,-100.0,False,
TSLA,Friday,P,2024-09-06,TSLA240906P00215000,215.0,REAL,2:15 PM,1.65,3:30 PM,1.84,0.19,1,165.0,19.0,True,
TSLA,Friday,P,2024-09-13,TSLA240913P00227500,227.5,REAL,2:15 PM,0.14,3:30 PM,0.01,-0.13,8,112.0,-104.0,False,
TSLA,Friday,P,2024-09-20,TSLA240920P00237500,237.5,REAL,2:15 PM,0.5,3:30 PM,0.01,-0.49,2,100.0,-98.0,False,
TSLA,Friday,P,2024-09-27,TSLA240927P00260000,260.0,REAL,2:15 PM,0.94,3:30 PM,0.17,-0.77,2,188.0,-154.0,False,
TSLA,Friday,P,2024-10-04,TSLA241004P00250000,250.0,REAL,2:15 PM,1.15,3:30 PM,0.26,-0.89,1,115.0,-89.0,False,
TSLA,Friday,P,2024-10-11,TSLA241011P00220000,220.0,REAL,2:15 PM,1.52,3:30 PM,1.4,-0.12,1,152.0,-12.0,False,
TSLA,Friday,P,2024-10-18,TSLA241018P00220000,220.0,REAL,2:15 PM,0.11,3:30 PM,0.02,-0.09,10,110.0,-90.0,False,
TSLA,Friday,P,2024-10-25,TSLA241025P00267500,267.5,REAL,2:15 PM,2.5,3:30 PM,0.55,-1.95,1,250.0,-195.0,False,
TSLA,Friday,P,2024-11-01,TSLA241101P00247500,247.5,REAL,2:15 PM,0.54,3:30 PM,0.02,-0.52,2,108.0,-104.0,False,
TSLA,Friday,P,2024-11-08,TSLA241108P00325000,325.0,REAL,2:15 PM,1.61,3:30 PM,7.1,5.49,1,161.0,549.0,True,
TSLA,Friday,P,2024-11-15,TSLA241115P00317500,317.5,REAL,2:15 PM,1.84,3:30 PM,0.16,-1.68,1,184.0,-168.0,False,
TSLA,Friday,P,2024-11-22,TSLA241122P00355000,355.0,REAL,2:15 PM,2.75,3:30 PM,3.24,0.49,1,275.0,49.0,True,
TSLA,Friday,P,2024-11-29,,0.0,MISS,2:15 PM,,3:30 PM,,,,,,,missing data (Fri & Thu closed)
TSLA,Friday,P,2024-12-06,TSLA241206P00375000,375.0,REAL,2:15 PM,0.81,3:30 PM,0.02,-0.79,2,162.0,-158.0,False,
TSLA,Friday,P,2024-12-13,TSLA241213P00435000,435.0,REAL,2:15 PM,3.95,3:30 PM,5.25,1.3,1,395.0,130.0,True,
TSLA,Friday,P,2024-12-20,TSLA241220P00437500,437.5,REAL,2:15 PM,2.48,3:30 PM,4.78,2.3,1,248.0,230.0,True,
TSLA,Friday,P,2024-12-27,TSLA241227P00435000,435.0,REAL,2:15 PM,4.0,3:30 PM,5.23,1.23,1,400.0,123.0,True,
TSLA,Friday,P,2025-01-03,TSLA250103P00402500,402.5,REAL,2:15 PM,1.35,3:30 PM,0.06,-1.29,1,135.0,-129.0,False,
TSLA,Friday,P,2025-01-10,TSLA250110P00397500,397.5,REAL,2:15 PM,3.7,3:30 PM,3.65,-0.05,1,370.0,-5.0,False,
TSLA,Friday,P,2025-01-17,TSLA250117P00440000,440.0,REAL,2:15 PM,3.0,3:30 PM,10.45,7.45,1,300.0,745.0,True,
TSLA,Friday,P,2025-01-24,TSLA250124P00407500,407.5,REAL,2:15 PM,1.54,3:30 PM,1.13,-0.41,1,154.0,-41.0,False,
TSLA,Friday,P,2025-01-31,TSLA250131P00412500,412.5,REAL,2:15 PM,2.96,3:30 PM,9.7,6.74,1,296.0,674.0,True,
TSLA,Friday,P,2025-02-07,TSLA250207P00367500,367.5,REAL,2:15 PM,2.8,3:30 PM,5.6,2.8,1,280.0,280.0,True,
TSLA,Friday,P,2025-02-14,TSLA250214P00352500,352.5,REAL,2:15 PM,1.03,3:30 PM,0.14,-0.89,1,103.0,-89.0,False,
TSLA,Friday,P,2025-02-21,TSLA250221P00337500,337.5,REAL,2:15 PM,1.23,3:30 PM,1.57,0.34,1,123.0,34.0,True,
TSLA,Friday,P,2025-02-28,TSLA250228P00282500,282.5,REAL,2:15 PM,1.57,3:30 PM,0.02,-1.55,1,157.0,-155.0,False,
TSLA,Friday,P,2025-03-07,TSLA250307P00262500,262.5,REAL,2:15 PM,1.49,3:30 PM,1.4,-0.09,1,149.0,-9.0,False,
TSLA,Friday,P,2025-03-14,TSLA250314P00250000,250.0,REAL,2:15 PM,1.71,3:30 PM,1.47,-0.24,1,171.0,-24.0,False,
TSLA,Friday,P,2025-03-21,TSLA250321P00247500,247.5,REAL,2:15 PM,2.22,3:30 PM,2.82,0.6,1,222.0,60.0,True,
TSLA,Friday,P,2025-03-28,TSLA250328P00265000,265.0,REAL,2:15 PM,2.3,3:30 PM,2.01,-0.29,1,230.0,-29.0,False,
TSLA,Friday,P,2025-04-04,TSLA250404P00245000,245.0,REAL,2:15 PM,3.45,3:30 PM,2.77,-0.68,1,345.0,-68.0,False,
TSLA,Friday,P,2025-04-11,TSLA250411P00250000,250.0,REAL,2:15 PM,2.46,3:30 PM,0.97,-1.49,1,246.0,-149.0,False,
TSLA,Friday,P,2025-04-18,TSLA250417P00240000,240.0,REAL,2:15 PM,0.65,3:30 PM,0.86,0.21,2,130.0,42.0,True,Fri closed → Thu expiry
TSLA,Friday,P,2025-04-25,TSLA250425P00282500,282.5,REAL,2:15 PM,0.89,3:30 PM,1.04,0.15,2,178.0,30.0,True,
TSLA,Friday,P,2025-05-02,TSLA250502P00295000,295.0,REAL,2:15 PM,2.59,3:30 PM,5.65,3.06,1,259.0,306.0,True,
TSLA,Friday,P,2025-05-09,TSLA250509P00300000,300.0,REAL,2:15 PM,1.38,3:30 PM,2.78,1.4,1,138.0,140.0,True,
TSLA,Friday,P,2025-05-16,TSLA250516P00347500,347.5,REAL,2:15 PM,1.22,3:30 PM,0.36,-0.86,1,122.0,-86.0,False,
TSLA,Friday,P,2025-05-23,TSLA250523P00342500,342.5,REAL,2:15 PM,1.75,3:30 PM,2.38,0.63,1,175.0,63.0,True,
TSLA,Friday,P,2025-05-30,TSLA250530P00350000,350.0,REAL,2:15 PM,1.23,3:30 PM,0.44,-0.79,1,123.0,-79.0,False,
TSLA,Friday,P,2025-06-06,TSLA250606P00300000,300.0,REAL,2:15 PM,1.39,3:30 PM,2.83,1.44,1,139.0,144.0,True,
TSLA,Friday,P,2025-06-13,TSLA250613P00332500,332.5,REAL,2:15 PM,4.54,3:30 PM,5.4,0.86,1,454.0,86.0,True,
TSLA,Friday,P,2025-06-20,TSLA250620P00322500,322.5,REAL,2:15 PM,0.9,3:30 PM,1.31,0.41,2,180.0,82.0,True,
TSLA,Friday,P,2025-06-27,TSLA250627P00322500,322.5,REAL,2:15 PM,1.1,3:30 PM,1.51,0.41,1,110.0,41.0,True,
TSLA,Friday,P,2025-07-04,,0.0,MISS,2:15 PM,,3:30 PM,,,,,,,missing data (Fri & Thu closed)
TSLA,Friday,P,2025-07-11,TSLA250711P00310000,310.0,REAL,2:15 PM,0.46,3:30 PM,0.03,-0.43,3,138.0,-129.0,False,
TSLA,Friday,P,2025-07-18,TSLA250718P00327500,327.5,REAL,2:15 PM,0.39,3:30 PM,0.17,-0.22,3,117.0,-66.0,False,
TSLA,Friday,P,2025-07-25,TSLA250725P00317500,317.5,REAL,2:15 PM,1.41,3:30 PM,3.1,1.69,1,141.0,169.0,True,
TSLA,Friday,P,2025-08-01,TSLA250801P00302500,302.5,REAL,2:15 PM,1.4,3:30 PM,0.78,-0.62,1,140.0,-62.0,False,
TSLA,Friday,P,2025-08-08,TSLA250808P00330000,330.0,REAL,2:15 PM,1.64,3:30 PM,1.98,0.34,1,164.0,34.0,True,
TSLA,Friday,P,2025-08-15,TSLA250815P00332500,332.5,REAL,2:15 PM,2.83,3:30 PM,3.5,0.67,1,283.0,67.0,True,
TSLA,Friday,P,2025-08-22,TSLA250822P00337500,337.5,REAL,2:15 PM,0.83,3:30 PM,0.23,-0.6,2,166.0,-120.0,False,
TSLA,Friday,P,2025-08-29,TSLA250829P00332500,332.5,REAL,2:15 PM,0.63,3:30 PM,0.56,-0.07,2,126.0,-14.0,False,
TSLA,Friday,P,2025-09-05,TSLA250905P00350000,350.0,REAL,2:15 PM,0.72,3:30 PM,1.44,0.72,2,144.0,144.0,True,
TSLA,Friday,P,2025-09-12,TSLA250912P00395000,395.0,REAL,2:15 PM,1.8,3:30 PM,1.98,0.18,1,180.0,18.0,True,
TSLA,Friday,P,2025-09-19,TSLA250919P00425000,425.0,REAL,2:15 PM,1.3,3:30 PM,0.4,-0.9,1,130.0,-90.0,False,
TSLA,Friday,P,2025-09-26,TSLA250926P00437500,437.5,REAL,2:15 PM,1.28,3:30 PM,0.26,-1.02,1,128.0,-102.0,False,
TSLA,Friday,P,2025-10-03,TSLA251003P00420000,420.0,REAL,2:15 PM,1.45,3:30 PM,0.03,-1.42,1,145.0,-142.0,False,
TSLA,Friday,P,2025-10-10,TSLA251010P00417500,417.5,REAL,2:15 PM,1.5,3:30 PM,3.22,1.72,1,150.0,172.0,True,
TSLA,Friday,P,2025-10-17,TSLA251017P00440000,440.0,REAL,2:15 PM,2.39,3:30 PM,2.15,-0.24,1,239.0,-24.0,False,
TSLA,Friday,P,2025-10-24,TSLA251024P00435000,435.0,REAL,2:15 PM,2.24,3:30 PM,2.51,0.27,1,224.0,27.0,True,
TSLA,Friday,P,2025-10-31,TSLA251031P00450000,450.0,REAL,2:15 PM,1.14,3:30 PM,0.13,-1.01,1,114.0,-101.0,False,
TSLA,Friday,P,2025-11-07,TSLA251107P00432500,432.5,REAL,2:15 PM,1.42,3:30 PM,2.02,0.6,1,142.0,60.0,True,
TSLA,Friday,P,2025-11-14,TSLA251114P00407500,407.5,REAL,2:15 PM,1.67,3:30 PM,1.8,0.13,1,167.0,13.0,True,
TSLA,Friday,P,2025-11-21,TSLA251121P00400000,400.0,REAL,2:15 PM,1.77,3:30 PM,4.85,3.08,1,177.0,308.0,True,
TSLA,Friday,P,2025-11-28,,0.0,MISS,2:15 PM,,3:30 PM,,,,,,,missing data (Fri & Thu closed)
TSLA,Friday,P,2025-12-05,TSLA251205P00455000,455.0,REAL,2:15 PM,1.35,3:30 PM,0.5,-0.85,1,135.0,-85.0,False,
TSLA,Friday,P,2025-12-12,TSLA251212P00452500,452.5,REAL,2:15 PM,1.58,3:30 PM,0.2,-1.38,1,158.0,-138.0,False,
TSLA,Friday,P,2025-12-19,TSLA251219P00482500,482.5,REAL,2:15 PM,1.25,3:30 PM,1.06,-0.19,1,125.0,-19.0,False,
TSLA,Friday,P,2025-12-26,TSLA251226P00477500,477.5,REAL,2:15 PM,0.58,3:30 PM,0.14,-0.44,2,116.0,-88.0,False,
TSLA,Friday,P,2026-01-02,TSLA260102P00435000,435.0,REAL,2:15 PM,0.4,3:30 PM,0.04,-0.36,3,120.0,-108.0,False,
TSLA,Friday,P,2026-01-09,TSLA260109P00447500,447.5,REAL,2:15 PM,0.95,3:30 PM,2.38,1.43,2,190.0,286.0,True,
TSLA,Friday,P,2026-01-16,TSLA260116P00440000,440.0,REAL,2:15 PM,1.18,3:30 PM,0.66,-0.52,1,118.0,-52.0,False,
TSLA,Friday,P,2026-01-23,TSLA260123P00447500,447.5,REAL,2:15 PM,0.85,3:30 PM,0.62,-0.23,2,170.0,-46.0,False,
TSLA,Friday,P,2026-01-30,TSLA260130P00435000,435.0,REAL,2:15 PM,1.75,3:30 PM,3.85,2.1,1,175.0,210.0,True,
TSLA,Friday,P,2026-02-06,TSLA260206P00410000,410.0,REAL,2:15 PM,0.45,3:30 PM,0.04,-0.41,3,135.0,-123.0,False,
TSLA,Friday,P,2026-02-13,TSLA260213P00422500,422.5,REAL,2:15 PM,1.72,3:30 PM,4.94,3.22,1,172.0,322.0,True,
TSLA,Friday,P,2026-02-20,TSLA260220P00412500,412.5,REAL,2:15 PM,1.27,3:30 PM,2.5,1.23,1,127.0,123.0,True,
TSLA,Friday,P,2026-02-27,TSLA260227P00400000,400.0,REAL,2:15 PM,1.28,3:30 PM,0.54,-0.74,1,128.0,-74.0,False,
TSLA,Friday,P,2026-03-06,TSLA260306P00397500,397.5,REAL,2:15 PM,0.41,3:30 PM,1.19,0.78,3,123.0,234.0,True,
TSLA,Friday,P,2026-03-13,TSLA260313P00392500,392.5,REAL,2:15 PM,1.1,3:30 PM,1.57,0.47,1,110.0,47.0,True,
TSLA,Friday,P,2026-03-20,TSLA260320P00372500,372.5,REAL,2:15 PM,2.3,3:30 PM,6.22,3.92,1,230.0,392.0,True,
TSLA,Friday,P,2026-03-27,TSLA260327P00360000,360.0,REAL,2:15 PM,0.97,3:30 PM,0.24,-0.73,2,194.0,-146.0,False,
TSLA,Friday,P,2026-04-03,TSLA260402P00360000,360.0,REAL,2:15 PM,1.11,3:30 PM,0.63,-0.48,1,111.0,-48.0,False,Fri closed → Thu expiry
TSLA,Friday,P,2026-04-10,TSLA260410P00347500,347.5,REAL,2:15 PM,1.3,3:30 PM,1.49,0.19,1,130.0,19.0,True,
TSLA,Friday,P,2026-04-17,TSLA260417P00402500,402.5,REAL,2:15 PM,2.81,3:30 PM,1.33,-1.48,1,281.0,-148.0,False,
TSLA,Friday,P,2026-04-24,TSLA260424P00377500,377.5,REAL,2:15 PM,2.05,3:30 PM,1.06,-0.99,1,205.0,-99.0,False,
TSLA,Friday,P,2026-05-01,TSLA260501P00397500,397.5,REAL,2:15 PM,1.72,3:30 PM,3.6,1.88,1,172.0,188.0,True,
TSLA,Friday,P,2026-05-08,TSLA260508P00427500,427.5,REAL,2:15 PM,2.41,3:30 PM,2.35,-0.06,1,241.0,-6.0,False,
TSLA,Friday,P,2026-05-15,TSLA260515P00427500,427.5,REAL,2:15 PM,1.35,3:30 PM,3.83,2.48,1,135.0,248.0,True,
TSLA,Friday,P,2026-05-22,TSLA260522P00427500,427.5,REAL,2:15 PM,1.43,3:30 PM,2.25,0.82,1,143.0,82.0,True,
TSLA,Friday,P,2026-05-29,TSLA260529P00437500,437.5,REAL,2:15 PM,1.45,3:30 PM,3.25,1.8,1,145.0,180.0,True,
TSLA,Friday,P,2026-06-05,TSLA260605P00395000,395.0,REAL,2:15 PM,2.93,3:30 PM,4.3,1.37,1,293.0,137.0,True,
TSLA,Friday,P,2026-06-12,TSLA260612P00402500,402.5,REAL,2:15 PM,1.5,3:30 PM,1.04,-0.46,1,150.0,-46.0,False,
TSLA,Friday,P,2026-06-19,TSLA260618P00395000,395.0,REAL,2:15 PM,1.26,3:30 PM,0.59,-0.67,1,126.0,-67.0,False,Fri closed → Thu expiry
TSLA,Friday,P,2026-06-26,TSLA260626P00385000,385.0,REAL,2:15 PM,2.41,3:30 PM,5.97,3.56,1,241.0,356.0,True,
TSLA,Friday,P,2026-07-03,TSLA260702P00392500,392.5,REAL,2:15 PM,1.44,3:30 PM,1.71,0.27,1,144.0,27.0,True,Fri closed → Thu expiry
TSLA,Monday,C,2026-02-16,,0.0,MISS,3:15 PM,,3:20 PM,,,,,,,missing data (market closed)
TSLA,Monday,C,2026-02-23,TSLA260223C00395000,395.0,REAL,3:15 PM,0.72,3:20 PM,0.69,-0.03,2,144.0,-6.0,False,
TSLA,Monday,C,2026-03-02,TSLA260302C00400000,400.0,REAL,3:15 PM,0.57,3:20 PM,1.64,1.07,2,114.0,214.0,True,
TSLA,Monday,C,2026-03-09,TSLA260309C00390000,390.0,REAL,3:15 PM,2.83,3:20 PM,5.96,3.13,1,283.0,313.0,True,
TSLA,Monday,C,2026-03-16,TSLA260316C00397500,397.5,REAL,3:15 PM,0.42,3:20 PM,0.39,-0.03,3,126.0,-9.0,False,
TSLA,Monday,C,2026-03-23,TSLA260323C00380000,380.0,REAL,3:15 PM,1.3,3:20 PM,1.82,0.52,1,130.0,52.0,True,
TSLA,Monday,C,2026-03-30,TSLA260330C00357500,357.5,REAL,3:15 PM,0.01,3:20 PM,0.03,0.02,100,100.0,200.0,True,
TSLA,Monday,C,2026-04-06,TSLA260406C00347500,347.5,REAL,3:15 PM,4.15,3:20 PM,4.1,-0.05,1,415.0,-5.0,False,
TSLA,Monday,C,2026-04-13,TSLA260413C00352500,352.5,REAL,3:15 PM,0.12,3:20 PM,0.13,0.01,9,108.0,9.0,True,
TSLA,Monday,C,2026-04-20,TSLA260420C00392500,392.5,REAL,3:15 PM,0.31,3:20 PM,0.34,0.03,4,124.0,12.0,True,
TSLA,Monday,C,2026-04-27,TSLA260427C00380000,380.0,REAL,3:15 PM,0.65,3:20 PM,0.55,-0.1,2,130.0,-20.0,False,
TSLA,Monday,C,2026-05-04,TSLA260504C00392500,392.5,REAL,3:15 PM,1.28,3:20 PM,0.99,-0.29,1,128.0,-29.0,False,
TSLA,Monday,C,2026-05-11,TSLA260511C00442500,442.5,REAL,3:15 PM,5.45,3:20 PM,5.46,0.01,1,545.0,1.0,True,
TSLA,Monday,C,2026-05-18,TSLA260518C00410000,410.0,REAL,3:15 PM,0.78,3:20 PM,0.59,-0.19,2,156.0,-38.0,False,
TSLA,Monday,C,2026-05-25,,0.0,MISS,3:15 PM,,3:20 PM,,,,,,,missing data (market closed)
TSLA,Monday,C,2026-06-01,TSLA260601C00420000,420.0,REAL,3:15 PM,0.45,3:20 PM,0.42,-0.03,3,135.0,-9.0,False,
TSLA,Monday,C,2026-06-08,TSLA260608C00410000,410.0,REAL,3:15 PM,0.68,3:20 PM,0.68,0.0,2,136.0,0.0,False,
TSLA,Monday,C,2026-06-15,TSLA260615C00410000,410.0,REAL,3:15 PM,0.98,3:20 PM,0.65,-0.33,2,196.0,-66.0,False,
TSLA,Monday,C,2026-06-22,TSLA260622C00407500,407.5,REAL,3:15 PM,0.45,3:20 PM,0.52,0.07,3,135.0,21.0,True,
TSLA,Monday,C,2026-06-29,TSLA260629C00407500,407.5,REAL,3:15 PM,4.84,3:20 PM,5.17,0.33,1,484.0,33.0,True,
TSLA,Monday,P,2026-02-16,,0.0,MISS,3:05 PM,,3:15 PM,,,,,,,missing data (market closed)
TSLA,Monday,P,2026-02-23,TSLA260223P00395000,395.0,REAL,3:05 PM,0.77,3:15 PM,0.94,0.17,2,154.0,34.0,True,
TSLA,Monday,P,2026-03-02,TSLA260302P00400000,400.0,REAL,3:05 PM,0.13,3:15 PM,1.45,1.32,8,104.0,1056.0,True,
TSLA,Monday,P,2026-03-09,TSLA260309P00390000,390.0,REAL,3:05 PM,0.2,3:15 PM,0.11,-0.09,5,100.0,-45.0,False,
TSLA,Monday,P,2026-03-16,TSLA260316P00397500,397.5,REAL,3:05 PM,0.95,3:15 PM,1.56,0.61,2,190.0,122.0,True,
TSLA,Monday,P,2026-03-23,TSLA260323P00380000,380.0,REAL,3:05 PM,0.34,3:15 PM,0.37,0.03,3,102.0,9.0,True,
TSLA,Monday,P,2026-03-30,TSLA260330P00357500,357.5,REAL,3:05 PM,3.4,3:15 PM,4.45,1.05,1,340.0,105.0,True,
TSLA,Monday,P,2026-04-06,TSLA260406P00347500,347.5,REAL,3:05 PM,0.06,3:15 PM,0.03,-0.03,17,102.0,-51.0,False,
TSLA,Monday,P,2026-04-13,TSLA260413P00352500,352.5,REAL,3:05 PM,1.55,3:15 PM,1.94,0.39,1,155.0,39.0,True,
TSLA,Monday,P,2026-04-20,TSLA260420P00392500,392.5,REAL,3:05 PM,1.7,3:15 PM,1.44,-0.26,1,170.0,-26.0,False,
TSLA,Monday,P,2026-04-27,TSLA260427P00380000,380.0,REAL,3:05 PM,1.85,3:15 PM,1.09,-0.76,1,185.0,-76.0,False,
TSLA,Monday,P,2026-05-04,TSLA260504P00392500,392.5,REAL,3:05 PM,0.77,3:15 PM,0.45,-0.32,2,154.0,-64.0,False,
TSLA,Monday,P,2026-05-11,TSLA260511P00442500,442.5,REAL,3:05 PM,0.34,3:15 PM,0.16,-0.18,3,102.0,-54.0,False,
TSLA,Monday,P,2026-05-18,TSLA260518P00410000,410.0,REAL,3:05 PM,1.28,3:15 PM,1.38,0.1,1,128.0,10.0,True,
TSLA,Monday,P,2026-05-25,,0.0,MISS,3:05 PM,,3:15 PM,,,,,,,missing data (market closed)
TSLA,Monday,P,2026-06-01,TSLA260601P00420000,420.0,REAL,3:05 PM,1.62,3:15 PM,1.73,0.11,1,162.0,11.0,True,
TSLA,Monday,P,2026-06-08,TSLA260608P00410000,410.0,REAL,3:05 PM,0.59,3:15 PM,1.3,0.71,2,118.0,142.0,True,
TSLA,Monday,P,2026-06-15,TSLA260615P00410000,410.0,REAL,3:05 PM,0.94,3:15 PM,0.49,-0.45,2,188.0,-90.0,False,
TSLA,Monday,P,2026-06-22,TSLA260622P00407500,407.5,REAL,3:05 PM,1.83,3:15 PM,1.66,-0.17,1,183.0,-17.0,False,
TSLA,Monday,P,2026-06-29,TSLA260629P00407500,407.5,REAL,3:05 PM,0.49,3:15 PM,0.15,-0.34,3,147.0,-102.0,False,
TSLA,Wednesday,C,2026-02-18,TSLA260218C00412500,412.5,REAL,3:50 PM,0.05,3:55 PM,0.11,0.06,20,100.0,120.0,True,
TSLA,Wednesday,C,2026-02-25,TSLA260225C00415000,415.0,REAL,3:50 PM,2.09,3:55 PM,2.55,0.46,1,209.0,46.0,True,
TSLA,Wednesday,C,2026-03-04,TSLA260304C00407500,407.5,REAL,3:50 PM,0.18,3:55 PM,0.03,-0.15,6,108.0,-90.0,False,
TSLA,Wednesday,C,2026-03-11,TSLA260311C00405000,405.0,REAL,3:50 PM,2.15,3:55 PM,2.35,0.2,1,215.0,20.0,True,
TSLA,Wednesday,C,2026-03-18,TSLA260318C00397500,397.5,REAL,3:50 PM,0.01,3:55 PM,0.01,0.0,100,100.0,0.0,False,
TSLA,Wednesday,C,2026-03-25,TSLA260325C00387500,387.5,REAL,3:50 PM,0.12,3:55 PM,0.03,-0.09,9,108.0,-81.0,False,
TSLA,Wednesday,C,2026-04-01,TSLA260401C00380000,380.0,REAL,3:50 PM,0.36,3:55 PM,1.19,0.83,3,108.0,249.0,True,
TSLA,Wednesday,C,2026-04-08,TSLA260408C00347500,347.5,REAL,3:50 PM,0.01,3:54 PM,0.01,0.0,100,100.0,0.0,False,
TSLA,Wednesday,C,2026-04-15,TSLA260415C00387500,387.5,REAL,3:50 PM,5.45,3:55 PM,4.75,-0.7,1,545.0,-70.0,False,
TSLA,Wednesday,C,2026-04-22,TSLA260422C00390000,390.0,SIM,3:50 PM,0.0256,3:55 PM,0.0005,-0.0251,40,102.35,-100.36,False,
TSLA,Wednesday,C,2026-04-29,TSLA260429C00372500,372.5,REAL,3:50 PM,0.69,3:55 PM,1.2,0.51,2,138.0,102.0,True,
TSLA,Wednesday,C,2026-05-06,TSLA260506C00397500,397.5,REAL,3:50 PM,2.74,3:55 PM,1.17,-1.57,1,274.0,-157.0,False,
TSLA,Wednesday,C,2026-05-13,TSLA260513C00447500,447.5,REAL,3:50 PM,0.03,3:55 PM,0.05,0.02,34,102.0,68.0,True,
TSLA,Wednesday,C,2026-05-20,TSLA260520C00412500,412.5,REAL,3:50 PM,1.19,3:55 PM,4.0,2.81,1,119.0,281.0,True,
TSLA,Wednesday,C,2026-05-27,TSLA260527C00440000,440.0,REAL,3:50 PM,0.31,3:55 PM,0.78,0.47,4,124.0,188.0,True,
TSLA,Wednesday,C,2026-06-03,TSLA260603C00422500,422.5,REAL,3:50 PM,0.47,3:55 PM,0.85,0.38,3,141.0,114.0,True,
TSLA,Wednesday,C,2026-06-10,TSLA260610C00385000,385.0,REAL,3:50 PM,0.1,3:55 PM,0.01,-0.09,10,100.0,-90.0,False,
TSLA,Wednesday,C,2026-06-17,TSLA260617C00402500,402.5,REAL,3:50 PM,0.01,3:55 PM,0.01,0.0,100,100.0,0.0,False,
TSLA,Wednesday,C,2026-06-24,TSLA260624C00375000,375.0,REAL,3:50 PM,1.71,3:55 PM,1.3,-0.41,1,171.0,-41.0,False,
TSLA,Wednesday,C,2026-07-01,TSLA260701C00425000,425.0,REAL,3:50 PM,1.8,3:55 PM,0.93,-0.87,1,180.0,-87.0,False,
TSLA,Wednesday,P,2026-02-18,TSLA260218P00412500,412.5,REAL,3:20 PM,2.25,3:35 PM,1.36,-0.89,1,225.0,-89.0,False,
TSLA,Wednesday,P,2026-02-25,TSLA260225P00415000,415.0,REAL,3:20 PM,0.38,3:35 PM,0.62,0.24,3,114.0,72.0,True,
TSLA,Wednesday,P,2026-03-04,TSLA260304P00407500,407.5,REAL,3:20 PM,1.05,3:35 PM,0.7,-0.35,1,105.0,-35.0,False,
TSLA,Wednesday,P,2026-03-11,TSLA260311P00405000,405.0,REAL,3:20 PM,0.39,3:35 PM,0.12,-0.27,3,117.0,-81.0,False,
TSLA,Wednesday,P,2026-03-18,TSLA260318P00397500,397.5,REAL,3:20 PM,2.76,3:35 PM,3.4,0.64,1,276.0,64.0,True,
TSLA,Wednesday,P,2026-03-25,TSLA260325P00387500,387.5,REAL,3:20 PM,1.1,3:35 PM,2.13,1.03,1,110.0,103.0,True,
TSLA,Wednesday,P,2026-04-01,TSLA260401P00380000,380.0,REAL,3:20 PM,0.58,3:35 PM,0.36,-0.22,2,116.0,-44.0,False,
TSLA,Wednesday,P,2026-04-08,TSLA260408P00347500,347.5,REAL,3:20 PM,5.83,3:35 PM,5.12,-0.71,1,583.0,-71.0,False,
TSLA,Wednesday,P,2026-04-15,TSLA260415P00387500,387.5,REAL,3:20 PM,0.07,3:35 PM,0.03,-0.04,15,105.0,-60.0,False,
TSLA,Wednesday,P,2026-04-22,TSLA260422P00390000,390.0,SIM,3:20 PM,1.5448,3:35 PM,1.7483,0.2035,1,154.48,20.35,True,
TSLA,Wednesday,P,2026-04-29,TSLA260429P00372500,372.5,REAL,3:20 PM,0.27,3:35 PM,0.77,0.5,4,108.0,200.0,True,
TSLA,Wednesday,P,2026-05-06,TSLA260506P00397500,397.5,REAL,3:20 PM,0.05,3:35 PM,0.11,0.06,20,100.0,120.0,True,
TSLA,Wednesday,P,2026-05-13,TSLA260513P00447500,447.5,REAL,3:20 PM,1.33,3:35 PM,2.84,1.51,1,133.0,151.0,True,
TSLA,Wednesday,P,2026-05-20,TSLA260520P00412500,412.5,REAL,3:20 PM,0.33,3:35 PM,0.62,0.29,4,132.0,116.0,True,
TSLA,Wednesday,P,2026-05-27,TSLA260527P00440000,440.0,REAL,3:20 PM,0.86,3:35 PM,0.58,-0.28,2,172.0,-56.0,False,
TSLA,Wednesday,P,2026-06-03,TSLA260603P00422500,422.5,REAL,3:20 PM,0.42,3:35 PM,0.87,0.45,3,126.0,135.0,True,
TSLA,Wednesday,P,2026-06-10,TSLA260610P00385000,385.0,REAL,3:20 PM,4.64,3:35 PM,3.35,-1.29,1,464.0,-129.0,False,
TSLA,Wednesday,P,2026-06-17,TSLA260617P00402500,402.5,REAL,3:20 PM,4.35,3:34 PM,6.25,1.9,1,435.0,190.0,True,
TSLA,Wednesday,P,2026-06-24,TSLA260624P00375000,375.0,REAL,3:20 PM,1.36,3:35 PM,0.56,-0.8,1,136.0,-80.0,False,
TSLA,Wednesday,P,2026-07-01,TSLA260701P00425000,425.0,REAL,3:20 PM,0.49,3:35 PM,0.28,-0.21,3,147.0,-63.0,False,
