symbol,direction,moneyness,fill_mode,regime,T_pct,n_test_trades,n_test_days,trades_per_day,win_rate,avg_win,avg_loss,expectancy_per_trade,expectancy_per_day,cumulative_test_pnl,unreliable_low_sample
ORCL,call,ITM,mid,Fri-0DTE,20.0,135,87,1.552,0.3926,0.2,-0.261,-0.08001,-0.12416,-10.80159,False
ORCL,call,ITM,mid,Fri-0DTE,25.0,129,87,1.483,0.3488,0.25,-0.28386,-0.09763,-0.14476,-12.59448,False
ORCL,call,ITM,mid,Fri-0DTE,30.0,124,87,1.425,0.3306,0.3,-0.30222,-0.1031,-0.14694,-12.7841,False
ORCL,call,ITM,mid,Fri-0DTE,40.0,112,87,1.287,0.25,0.4,-0.27826,-0.10869,-0.13993,-12.17382,False
ORCL,call,ITM,mid,Fri-0DTE,50.0,101,87,1.161,0.1881,0.5,-0.28525,-0.13753,-0.15966,-13.89039,False
ORCL,call,ITM,mid,Fri-0DTE,60.0,100,87,1.149,0.18,0.6,-0.29622,-0.1349,-0.15506,-13.49023,False
ORCL,call,ITM,mid,Fri-0DTE,70.0,99,87,1.138,0.1616,0.7,-0.26739,-0.11104,-0.12636,-10.99305,False
ORCL,call,ITM,mid,Fri-0DTE,75.0,97,87,1.115,0.134,0.75,-0.2403,-0.10758,-0.11994,-10.43509,False
ORCL,call,ITM,mid,Fri-0DTE,80.0,94,87,1.08,0.0957,0.8,-0.2015,-0.10562,-0.11411,-9.92792,False
ORCL,call,ITM,mid,Fri-0DTE,90.0,94,87,1.08,0.1064,0.9,-0.23079,-0.11049,-0.11938,-10.3864,False
ORCL,call,ITM,mid,Fri-0DTE,100.0,96,87,1.103,0.1042,1.0,-0.20533,-0.07977,-0.08802,-7.65803,False
ORCL,call,ITM,market,Fri-0DTE,20.0,132,87,1.517,0.3712,0.2,-0.2988,-0.11364,-0.17242,-15.0005,False
ORCL,call,ITM,market,Fri-0DTE,25.0,125,87,1.437,0.336,0.25,-0.32816,-0.1339,-0.19238,-16.73733,False
ORCL,call,ITM,market,Fri-0DTE,30.0,119,87,1.368,0.3109,0.3,-0.3158,-0.12434,-0.17007,-14.79597,False
ORCL,call,ITM,market,Fri-0DTE,40.0,107,87,1.23,0.215,0.4,-0.29871,-0.14852,-0.18266,-15.89137,False
ORCL,call,ITM,market,Fri-0DTE,50.0,99,87,1.138,0.1717,0.5,-0.30338,-0.16542,-0.18824,-16.37691,False
ORCL,call,ITM,market,Fri-0DTE,60.0,100,87,1.149,0.17,0.6,-0.29286,-0.14107,-0.16215,-14.10704,False
ORCL,call,ITM,market,Fri-0DTE,70.0,97,87,1.115,0.134,0.7,-0.2598,-0.13117,-0.14625,-12.72357,False
ORCL,call,ITM,market,Fri-0DTE,75.0,98,87,1.126,0.1327,0.75,-0.23745,-0.10646,-0.11992,-10.43297,False
ORCL,call,ITM,market,Fri-0DTE,80.0,93,87,1.069,0.0968,0.8,-0.23538,-0.13518,-0.1445,-12.57167,False
ORCL,call,ITM,market,Fri-0DTE,90.0,96,87,1.103,0.125,0.9,-0.25692,-0.1123,-0.12392,-10.78125,False
ORCL,call,ITM,market,Fri-0DTE,100.0,96,87,1.103,0.1146,1.0,-0.23966,-0.09762,-0.10772,-9.3714,False
ORCL,call,OTM1,mid,Fri-0DTE,20.0,158,92,1.717,0.5633,0.2,-0.46304,-0.08955,-0.1538,-14.14948,False
ORCL,call,OTM1,mid,Fri-0DTE,25.0,152,92,1.652,0.5526,0.25,-0.45448,-0.06516,-0.10766,-9.90452,False
ORCL,call,OTM1,mid,Fri-0DTE,30.0,150,92,1.63,0.5333,0.3,-0.52425,-0.08465,-0.13802,-12.69781,False
ORCL,call,OTM1,mid,Fri-0DTE,40.0,135,92,1.467,0.4667,0.4,-0.54345,-0.10317,-0.1514,-13.92843,False
ORCL,call,OTM1,mid,Fri-0DTE,50.0,133,92,1.446,0.4436,0.5,-0.53827,-0.07769,-0.11231,-10.33217,False
ORCL,call,OTM1,mid,Fri-0DTE,60.0,126,92,1.37,0.381,0.6,-0.51041,-0.0874,-0.1197,-11.01209,False
ORCL,call,OTM1,mid,Fri-0DTE,70.0,120,92,1.304,0.3417,0.7,-0.52663,-0.10753,-0.14025,-12.90342,False
ORCL,call,OTM1,mid,Fri-0DTE,75.0,119,92,1.293,0.3361,0.75,-0.53274,-0.10157,-0.13137,-12.08627,False
ORCL,call,OTM1,mid,Fri-0DTE,80.0,115,92,1.25,0.313,0.8,-0.53605,-0.11781,-0.14726,-13.54764,False
ORCL,call,OTM1,mid,Fri-0DTE,90.0,113,92,1.228,0.3097,0.9,-0.51269,-0.07513,-0.09228,-8.49018,False
ORCL,call,OTM1,mid,Fri-0DTE,100.0,112,92,1.217,0.3125,1.0,-0.53192,-0.05319,-0.06476,-5.95758,False
ORCL,call,OTM1,market,Fri-0DTE,20.0,127,92,1.38,0.3858,0.2,-0.99958,-0.53675,-0.74095,-68.16698,False
ORCL,call,OTM1,market,Fri-0DTE,25.0,123,92,1.337,0.3659,0.25,-0.99673,-0.54061,-0.72277,-66.49487,False
ORCL,call,OTM1,market,Fri-0DTE,30.0,120,92,1.304,0.35,0.3,-0.99673,-0.54287,-0.7081,-65.14487,False
ORCL,call,OTM1,market,Fri-0DTE,40.0,113,92,1.228,0.3009,0.4,-0.9866,-0.56939,-0.69936,-64.3413,False
ORCL,call,OTM1,market,Fri-0DTE,50.0,108,92,1.174,0.25,0.5,-0.98206,-0.61154,-0.7179,-66.04656,False
ORCL,call,OTM1,market,Fri-0DTE,60.0,107,92,1.163,0.243,0.6,-0.97769,-0.59433,-0.69123,-63.59325,False
ORCL,call,OTM1,market,Fri-0DTE,70.0,104,92,1.13,0.2308,0.7,-0.98162,-0.59355,-0.67097,-61.7293,False
ORCL,call,OTM1,market,Fri-0DTE,75.0,104,92,1.13,0.2308,0.75,-0.96214,-0.56703,-0.64099,-58.97103,False
ORCL,call,OTM1,market,Fri-0DTE,80.0,104,92,1.13,0.2212,0.8,-0.94494,-0.55904,-0.63195,-58.13978,False
ORCL,call,OTM1,market,Fri-0DTE,90.0,104,92,1.13,0.2212,0.9,-0.94494,-0.53692,-0.60695,-55.83978,False
ORCL,call,OTM1,market,Fri-0DTE,100.0,104,92,1.13,0.2212,1.0,-0.94371,-0.51385,-0.58088,-53.44072,False
ORCL,call,ATM,mid,Fri-0DTE,20.0,175,94,1.862,0.7371,0.2,-0.73781,-0.04651,-0.08659,-8.13908,False
ORCL,call,ATM,mid,Fri-0DTE,25.0,170,94,1.809,0.7235,0.25,-0.71323,-0.0163,-0.02949,-2.77184,False
ORCL,call,ATM,mid,Fri-0DTE,30.0,166,94,1.766,0.6807,0.3,-0.67077,-0.00994,-0.01756,-1.65072,False
ORCL,call,ATM,mid,Fri-0DTE,40.0,147,94,1.564,0.5714,0.4,-0.68656,-0.06567,-0.1027,-9.65339,False
ORCL,call,ATM,mid,Fri-0DTE,50.0,146,94,1.553,0.5,0.5,-0.63219,-0.0661,-0.10266,-9.6499,False
ORCL,call,ATM,mid,Fri-0DTE,60.0,136,94,1.447,0.4485,0.6,-0.64931,-0.08896,-0.12871,-12.09827,False
ORCL,call,ATM,mid,Fri-0DTE,70.0,129,94,1.372,0.4264,0.7,-0.63133,-0.06371,-0.08743,-8.21822,False
ORCL,call,ATM,mid,Fri-0DTE,75.0,127,94,1.351,0.4016,0.75,-0.65159,-0.08875,-0.1199,-11.27094,False
ORCL,call,ATM,mid,Fri-0DTE,80.0,124,94,1.319,0.3952,0.8,-0.63248,-0.06642,-0.08761,-8.23568,False
ORCL,call,ATM,mid,Fri-0DTE,90.0,123,94,1.309,0.3577,0.9,-0.61897,-0.0756,-0.09892,-9.29825,False
ORCL,call,ATM,mid,Fri-0DTE,100.0,119,94,1.266,0.3193,1.0,-0.5688,-0.06784,-0.08588,-8.0726,False
ORCL,call,ATM,market,Fri-0DTE,20.0,165,94,1.755,0.5758,0.2,-0.89177,-0.26318,-0.46196,-43.42421,False
ORCL,call,ATM,market,Fri-0DTE,25.0,162,94,1.723,0.5617,0.25,-0.87774,-0.24426,-0.42095,-39.56945,False
ORCL,call,ATM,market,Fri-0DTE,30.0,168,94,1.787,0.5714,0.3,-0.87821,-0.20495,-0.36629,-34.43091,False
ORCL,call,ATM,market,Fri-0DTE,40.0,150,94,1.596,0.4733,0.4,-0.78166,-0.22234,-0.3548,-33.35113,False
ORCL,call,ATM,market,Fri-0DTE,50.0,134,94,1.426,0.4179,0.5,-0.77838,-0.24413,-0.34802,-32.71384,False
ORCL,call,ATM,market,Fri-0DTE,60.0,132,94,1.404,0.4091,0.6,-0.7697,-0.20937,-0.29401,-27.63648,False
ORCL,call,ATM,market,Fri-0DTE,70.0,125,94,1.33,0.36,0.7,-0.77313,-0.2428,-0.32287,-30.3501,False
ORCL,call,ATM,market,Fri-0DTE,75.0,122,94,1.298,0.3525,0.75,-0.75276,-0.2231,-0.28955,-27.21771,False
ORCL,call,ATM,market,Fri-0DTE,80.0,122,94,1.298,0.3525,0.8,-0.74874,-0.20287,-0.2633,-24.75016,False
ORCL,call,ATM,market,Fri-0DTE,90.0,120,94,1.277,0.3167,0.9,-0.73047,-0.21416,-0.27339,-25.6989,False
ORCL,call,ATM,market,Fri-0DTE,100.0,115,94,1.223,0.287,1.0,-0.74954,-0.2475,-0.30279,-28.46267,False
ORCL,put,OTM2+,mid,Fri-0DTE,20.0,107,85,1.259,0.5327,0.2,-0.29924,-0.03329,-0.0419,-3.56192,False
ORCL,put,OTM2+,mid,Fri-0DTE,25.0,107,85,1.259,0.5421,0.25,-0.29514,0.00036,0.00045,0.03808,False
ORCL,put,OTM2+,mid,Fri-0DTE,30.0,102,85,1.2,0.451,0.3,-0.26647,-0.011,-0.0132,-1.12224,False
ORCL,put,OTM2+,mid,Fri-0DTE,40.0,98,85,1.153,0.4082,0.4,-0.32138,-0.02694,-0.03106,-2.6398,False
ORCL,put,OTM2+,mid,Fri-0DTE,50.0,98,85,1.153,0.3673,0.5,-0.29684,-0.00412,-0.00475,-0.40409,False
ORCL,put,OTM2+,mid,Fri-0DTE,60.0,95,85,1.118,0.3263,0.6,-0.30497,-0.00967,-0.0108,-0.91837,False
ORCL,put,OTM2+,mid,Fri-0DTE,70.0,92,85,1.082,0.3043,0.7,-0.33626,-0.02088,-0.0226,-1.9206,False
ORCL,put,OTM2+,mid,Fri-0DTE,75.0,88,85,1.035,0.2841,0.75,-0.36207,-0.04614,-0.04777,-4.06062,False
ORCL,put,OTM2+,mid,Fri-0DTE,80.0,85,85,1.0,0.2588,0.8,-0.39162,-0.0832,-0.0832,-7.07186,False
ORCL,put,OTM2+,mid,Fri-0DTE,90.0,84,85,0.988,0.25,0.9,-0.39136,-0.06852,-0.06771,-5.75563,False
ORCL,put,OTM2+,mid,Fri-0DTE,100.0,82,85,0.965,0.2317,1.0,-0.39691,-0.07323,-0.07065,-6.00508,False
ORCL,put,OTM2+,market,Fri-0DTE,20.0,83,85,0.976,0.241,0.2,-0.99206,-0.70482,-0.68824,-58.5,False
ORCL,put,OTM2+,market,Fri-0DTE,25.0,82,85,0.965,0.2195,0.25,-0.99219,-0.71951,-0.69412,-59.0,False
ORCL,put,OTM2+,market,Fri-0DTE,30.0,80,85,0.941,0.2,0.3,-0.99219,-0.73375,-0.69059,-58.7,False
ORCL,put,OTM2+,market,Fri-0DTE,40.0,79,85,0.929,0.1899,0.4,-0.99219,-0.72785,-0.67647,-57.5,False
ORCL,put,OTM2+,market,Fri-0DTE,50.0,77,85,0.906,0.1688,0.5,-0.99219,-0.74026,-0.67059,-57.0,False
ORCL,put,OTM2+,market,Fri-0DTE,60.0,77,85,0.906,0.1688,0.6,-0.99219,-0.72338,-0.65529,-55.7,False
ORCL,put,OTM2+,market,Fri-0DTE,70.0,75,85,0.882,0.1467,0.7,-0.99219,-0.744,-0.65647,-55.8,False
ORCL,put,OTM2+,market,Fri-0DTE,75.0,74,85,0.871,0.1351,0.75,-0.99219,-0.75676,-0.65882,-56.0,False
ORCL,put,OTM2+,market,Fri-0DTE,80.0,75,85,0.882,0.1467,0.8,-0.99219,-0.72933,-0.64353,-54.7,False
ORCL,put,OTM2+,market,Fri-0DTE,90.0,75,85,0.882,0.1467,0.9,-0.99219,-0.71467,-0.63059,-53.6,False
ORCL,put,OTM2+,market,Fri-0DTE,100.0,73,85,0.859,0.1233,1.0,-0.99219,-0.74658,-0.64118,-54.5,False
ORCL,put,ATM,mid,Fri-0DTE,20.0,170,93,1.828,0.6706,0.2,-0.60295,-0.0645,-0.11791,-10.96544,False
ORCL,put,ATM,mid,Fri-0DTE,25.0,166,93,1.785,0.6325,0.25,-0.62961,-0.07323,-0.13071,-12.15615,False
ORCL,put,ATM,mid,Fri-0DTE,30.0,159,93,1.71,0.5975,0.3,-0.64983,-0.08232,-0.14074,-13.08897,False
ORCL,put,ATM,mid,Fri-0DTE,40.0,151,93,1.624,0.5232,0.4,-0.64673,-0.0991,-0.16091,-14.96449,False
ORCL,put,ATM,mid,Fri-0DTE,50.0,143,93,1.538,0.4895,0.5,-0.67063,-0.09759,-0.15006,-13.95599,False
ORCL,put,ATM,mid,Fri-0DTE,60.0,142,93,1.527,0.4577,0.6,-0.65758,-0.08193,-0.1251,-11.6339,False
ORCL,put,ATM,mid,Fri-0DTE,70.0,136,93,1.462,0.4338,0.7,-0.63429,-0.05544,-0.08108,-7.54028,False
ORCL,put,ATM,mid,Fri-0DTE,75.0,135,93,1.452,0.4074,0.75,-0.61852,-0.06097,-0.08851,-8.2314,False
ORCL,put,ATM,mid,Fri-0DTE,80.0,133,93,1.43,0.3985,0.8,-0.61918,-0.05364,-0.07671,-7.1344,False
ORCL,put,ATM,mid,Fri-0DTE,90.0,125,93,1.344,0.336,0.9,-0.55388,-0.06538,-0.08787,-8.17193,False
ORCL,put,ATM,mid,Fri-0DTE,100.0,124,93,1.333,0.3387,1.0,-0.60739,-0.06295,-0.08394,-7.80619,False
ORCL,put,ATM,market,Fri-0DTE,20.0,160,93,1.72,0.5563,0.2,-0.86982,-0.27473,-0.47266,-43.95695,False
ORCL,put,ATM,market,Fri-0DTE,25.0,166,93,1.785,0.5301,0.25,-0.8422,-0.2632,-0.4698,-43.69127,False
ORCL,put,ATM,market,Fri-0DTE,30.0,156,93,1.677,0.4936,0.3,-0.83698,-0.27578,-0.46259,-43.02115,False
ORCL,put,ATM,market,Fri-0DTE,40.0,148,93,1.591,0.473,0.4,-0.84161,-0.25436,-0.40479,-37.6457,False
ORCL,put,ATM,market,Fri-0DTE,50.0,142,93,1.527,0.4437,0.5,-0.8528,-0.25261,-0.38571,-35.87096,False
ORCL,put,ATM,market,Fri-0DTE,60.0,134,93,1.441,0.3881,0.6,-0.77057,-0.23871,-0.34395,-31.98711,False
ORCL,put,ATM,market,Fri-0DTE,70.0,130,93,1.398,0.3462,0.7,-0.7473,-0.24631,-0.34431,-32.02066,False
ORCL,put,ATM,market,Fri-0DTE,75.0,127,93,1.366,0.3386,0.75,-0.73742,-0.2338,-0.31928,-29.69318,False
ORCL,put,ATM,market,Fri-0DTE,80.0,127,93,1.366,0.3307,0.8,-0.72166,-0.21843,-0.29829,-27.7409,False
ORCL,put,ATM,market,Fri-0DTE,90.0,129,93,1.387,0.3488,0.9,-0.7547,-0.17748,-0.24618,-22.89453,False
ORCL,put,ATM,market,Fri-0DTE,100.0,124,93,1.333,0.3226,1.0,-0.73887,-0.17794,-0.23726,-22.06501,False
ORCL,put,OTM1,mid,Fri-0DTE,20.0,131,90,1.456,0.5573,0.2,-0.4668,-0.09523,-0.13861,-12.47462,False
ORCL,put,OTM1,mid,Fri-0DTE,25.0,125,90,1.389,0.528,0.25,-0.49114,-0.09982,-0.13864,-12.47744,False
ORCL,put,OTM1,mid,Fri-0DTE,30.0,120,90,1.333,0.5,0.3,-0.51454,-0.10727,-0.14302,-12.87225,False
ORCL,put,OTM1,mid,Fri-0DTE,40.0,122,90,1.356,0.5,0.4,-0.52866,-0.06433,-0.0872,-7.84819,False
ORCL,put,OTM1,mid,Fri-0DTE,50.0,120,90,1.333,0.4917,0.5,-0.56379,-0.04076,-0.05435,-4.89128,False
ORCL,put,OTM1,mid,Fri-0DTE,60.0,114,90,1.267,0.4298,0.6,-0.55279,-0.05729,-0.07257,-6.53122,False
ORCL,put,OTM1,mid,Fri-0DTE,70.0,113,90,1.256,0.3982,0.7,-0.56055,-0.05856,-0.07352,-6.61713,False
ORCL,put,OTM1,mid,Fri-0DTE,75.0,112,90,1.244,0.375,0.75,-0.55343,-0.06464,-0.08045,-7.2401,False
ORCL,put,OTM1,mid,Fri-0DTE,80.0,109,90,1.211,0.367,0.8,-0.52909,-0.04135,-0.05008,-4.50739,False
ORCL,put,OTM1,mid,Fri-0DTE,90.0,107,90,1.189,0.3551,0.9,-0.54218,-0.03001,-0.03567,-3.21055,False
ORCL,put,OTM1,mid,Fri-0DTE,100.0,104,90,1.156,0.3462,1.0,-0.58638,-0.03725,-0.04304,-3.87389,False
ORCL,put,OTM1,market,Fri-0DTE,20.0,126,90,1.4,0.4365,0.2,-0.99216,-0.47177,-0.66048,-59.44318,False
ORCL,put,OTM1,market,Fri-0DTE,25.0,124,90,1.378,0.4113,0.25,-0.99237,-0.4814,-0.66326,-59.69318,False
ORCL,put,OTM1,market,Fri-0DTE,30.0,122,90,1.356,0.4016,0.3,-0.98875,-0.47114,-0.63866,-57.47903,False
ORCL,put,OTM1,market,Fri-0DTE,40.0,119,90,1.322,0.3782,0.4,-0.98425,-0.46079,-0.60927,-54.83449,False
ORCL,put,OTM1,market,Fri-0DTE,50.0,114,90,1.267,0.3509,0.5,-0.98425,-0.46346,-0.58705,-52.83449,False
ORCL,put,OTM1,market,Fri-0DTE,60.0,114,90,1.267,0.3333,0.6,-0.98247,-0.45498,-0.57631,-51.86782,False
ORCL,put,OTM1,market,Fri-0DTE,70.0,112,90,1.244,0.3214,0.7,-0.98247,-0.44168,-0.54964,-49.46782,False
ORCL,put,OTM1,market,Fri-0DTE,75.0,112,90,1.244,0.3214,0.75,-0.98247,-0.42561,-0.52964,-47.66782,False
ORCL,put,OTM1,market,Fri-0DTE,80.0,111,90,1.233,0.3153,0.8,-0.98247,-0.42043,-0.51853,-46.66782,False
ORCL,put,OTM1,market,Fri-0DTE,90.0,109,90,1.211,0.3119,0.9,-0.96945,-0.38632,-0.46788,-42.10895,False
ORCL,put,OTM1,market,Fri-0DTE,100.0,110,90,1.222,0.3182,1.0,-0.96945,-0.34281,-0.41899,-37.70895,False
ORCL,put,ITM,mid,Fri-0DTE,20.0,114,83,1.373,0.4211,0.2,-0.19951,-0.03129,-0.04298,-3.56756,False
ORCL,put,ITM,mid,Fri-0DTE,25.0,110,83,1.325,0.4,0.25,-0.19527,-0.01716,-0.02275,-1.88796,False
ORCL,put,ITM,mid,Fri-0DTE,30.0,104,83,1.253,0.3462,0.3,-0.20581,-0.03072,-0.0385,-3.19531,False
ORCL,put,ITM,mid,Fri-0DTE,40.0,96,83,1.157,0.25,0.4,-0.14843,-0.01132,-0.0131,-1.08697,False
ORCL,put,ITM,mid,Fri-0DTE,50.0,93,83,1.12,0.2151,0.5,-0.14855,-0.00907,-0.01017,-0.84391,False
ORCL,put,ITM,mid,Fri-0DTE,60.0,93,83,1.12,0.2151,0.6,-0.12991,0.02706,0.03032,2.51675,False
ORCL,put,ITM,mid,Fri-0DTE,70.0,90,83,1.084,0.1889,0.7,-0.14626,0.01359,0.01474,1.22318,False
ORCL,put,ITM,mid,Fri-0DTE,75.0,91,83,1.096,0.1978,0.75,-0.12835,0.04539,0.04977,4.13069,False
ORCL,put,ITM,mid,Fri-0DTE,80.0,88,83,1.06,0.1705,0.8,-0.11539,0.04065,0.04309,3.57682,False
ORCL,put,ITM,mid,Fri-0DTE,90.0,85,83,1.024,0.1529,0.9,-0.12045,0.03562,0.03647,3.02739,False
ORCL,put,ITM,mid,Fri-0DTE,100.0,84,83,1.012,0.119,1.0,-0.08955,0.04016,0.04064,3.37316,False
ORCL,put,ITM,market,Fri-0DTE,20.0,113,83,1.361,0.4071,0.2,-0.2161,-0.04671,-0.0636,-5.27863,False
ORCL,put,ITM,market,Fri-0DTE,25.0,103,83,1.241,0.3398,0.25,-0.22852,-0.06592,-0.0818,-6.78944,False
ORCL,put,ITM,market,Fri-0DTE,30.0,101,83,1.217,0.3168,0.3,-0.22299,-0.05729,-0.06972,-5.78664,False
ORCL,put,ITM,market,Fri-0DTE,40.0,98,83,1.181,0.2449,0.4,-0.18746,-0.0436,-0.05147,-4.27238,False
ORCL,put,ITM,market,Fri-0DTE,50.0,95,83,1.145,0.2316,0.5,-0.16519,-0.01114,-0.01275,-1.05851,False
ORCL,put,ITM,market,Fri-0DTE,60.0,93,83,1.12,0.2258,0.6,-0.15646,0.01436,0.01609,1.33506,False
ORCL,put,ITM,market,Fri-0DTE,70.0,91,83,1.096,0.2088,0.7,-0.16514,0.01549,0.01698,1.40956,False
ORCL,put,ITM,market,Fri-0DTE,75.0,87,83,1.048,0.1609,0.75,-0.1332,0.00893,0.00936,0.77675,False
ORCL,put,ITM,market,Fri-0DTE,80.0,87,83,1.048,0.1494,0.8,-0.12378,0.01426,0.01494,1.24027,False
ORCL,put,ITM,market,Fri-0DTE,90.0,86,83,1.036,0.1512,0.9,-0.12685,0.02838,0.0294,2.44028,False
ORCL,put,ITM,market,Fri-0DTE,100.0,83,83,1.0,0.1084,1.0,-0.10218,0.01733,0.01733,1.43848,False
ORCL,call,OTM2+,mid,Fri-0DTE,20.0,122,84,1.452,0.5,0.2,-0.23791,-0.01896,-0.02753,-2.31277,False
ORCL,call,OTM2+,mid,Fri-0DTE,25.0,123,84,1.464,0.5122,0.25,-0.24093,0.01052,0.01541,1.29438,False
ORCL,call,OTM2+,mid,Fri-0DTE,30.0,118,84,1.405,0.4661,0.3,-0.23319,0.01533,0.02154,1.80927,False
ORCL,call,OTM2+,mid,Fri-0DTE,40.0,110,84,1.31,0.3909,0.4,-0.23644,0.01235,0.01617,1.35827,False
ORCL,call,OTM2+,mid,Fri-0DTE,50.0,96,84,1.143,0.2708,0.5,-0.2428,-0.04162,-0.04757,-3.99595,False
ORCL,call,OTM2+,mid,Fri-0DTE,60.0,92,84,1.095,0.2391,0.6,-0.26566,-0.05865,-0.06424,-5.39595,False
ORCL,call,OTM2+,mid,Fri-0DTE,70.0,89,84,1.06,0.2022,0.7,-0.22892,-0.04105,-0.04349,-3.65309,False
ORCL,call,OTM2+,mid,Fri-0DTE,75.0,89,84,1.06,0.2022,0.75,-0.24984,-0.04763,-0.05046,-4.23881,False
ORCL,call,OTM2+,mid,Fri-0DTE,80.0,88,84,1.048,0.1932,0.8,-0.25581,-0.05185,-0.05432,-4.56262,False
ORCL,call,OTM2+,mid,Fri-0DTE,90.0,91,84,1.083,0.2198,0.9,-0.2179,0.02779,0.03011,2.52905,False
ORCL,call,OTM2+,mid,Fri-0DTE,100.0,88,84,1.048,0.2045,1.0,-0.2427,0.01149,0.01204,1.01119,False
ORCL,call,OTM2+,market,Fri-0DTE,20.0,85,84,1.012,0.1176,0.2,-0.99167,-0.85147,-0.86161,-72.375,False
ORCL,call,OTM2+,market,Fri-0DTE,25.0,85,84,1.012,0.1176,0.25,-0.99167,-0.84559,-0.85565,-71.875,False
ORCL,call,OTM2+,market,Fri-0DTE,30.0,84,84,1.0,0.1071,0.3,-0.99167,-0.85327,-0.85327,-71.675,False
ORCL,call,OTM2+,market,Fri-0DTE,40.0,83,84,0.988,0.0964,0.4,-0.99167,-0.85753,-0.84732,-71.175,False
ORCL,call,OTM2+,market,Fri-0DTE,50.0,83,84,0.988,0.0964,0.5,-0.99167,-0.84789,-0.8378,-70.375,False
ORCL,call,OTM2+,market,Fri-0DTE,60.0,82,84,0.976,0.0854,0.6,-0.99167,-0.85579,-0.83542,-70.175,False
ORCL,call,OTM2+,market,Fri-0DTE,70.0,81,84,0.964,0.0741,0.7,-0.99167,-0.86636,-0.83542,-70.175,False
ORCL,call,OTM2+,market,Fri-0DTE,75.0,83,84,0.988,0.0964,0.75,-0.99167,-0.8238,-0.81399,-68.375,False
ORCL,call,OTM2+,market,Fri-0DTE,80.0,81,84,0.964,0.0864,0.8,-0.99155,-0.83673,-0.80685,-67.775,False
ORCL,call,OTM2+,market,Fri-0DTE,90.0,81,84,0.964,0.0864,0.9,-0.99155,-0.82809,-0.79851,-67.075,False
ORCL,call,OTM2+,market,Fri-0DTE,100.0,81,84,0.964,0.0864,1.0,-0.99155,-0.81944,-0.79018,-66.375,False
