"# Backtest method: MAX EXPECTED PROFIT, target-spend sized (win_rate × avg_payoff)  (by day of week)"
"# Position sizing: contracts = ceil($1.00 / option_price), min 1 — minimum ~$100 premium per trade (more if the option costs over $1.00/share). P&L and the optimal time reflect the contract count."
# Lookback = 730 calendar days
# Trading window = 3-4PM ET
# Generated 2026-07-02 19:28:21  |  data source: Alpaca Markets API
# P&L $ assumes 1 contract = 100 shares

DETAIL — one row per MWF date; each day uses its own optimal timing
day_of_week,date,ticker,contract_symbol,strike,source,entry_time,entry_price,exit_time,exit_price,payoff_per_share,contracts,cost_dollars,pnl_dollars,profitable,note
Friday,2024-07-05,AAPL,AAPL240705P00225000,225.0,REAL,3:30 PM,0.02,3:55 PM,0.01,-0.01,50,100.0,-50.0,False,
Friday,2024-07-12,AAPL,AAPL240712P00232500,232.5,REAL,3:30 PM,0.95,3:55 PM,1.99,1.04,2,190.0,208.0,True,
Friday,2024-07-19,AAPL,AAPL240719P00225000,225.0,REAL,3:30 PM,0.31,3:55 PM,0.8,0.49,4,124.0,196.0,True,
Friday,2024-07-26,AAPL,AAPL240726P00217500,217.5,REAL,3:30 PM,0.09,3:55 PM,0.25,0.16,12,108.0,192.0,True,
Friday,2024-08-02,AAPL,AAPL240802P00222500,222.5,REAL,3:30 PM,0.42,3:55 PM,2.78,2.36,3,126.0,708.0,True,
Friday,2024-08-09,AAPL,AAPL240809P00215000,215.0,REAL,3:30 PM,0.04,3:55 PM,0.01,-0.03,25,100.0,-75.0,False,
Friday,2024-08-16,AAPL,AAPL240816P00225000,225.0,REAL,3:30 PM,0.03,3:55 PM,0.01,-0.02,34,102.0,-68.0,False,
Friday,2024-08-23,AAPL,AAPL240823P00227500,227.5,REAL,3:30 PM,0.56,3:55 PM,0.77,0.21,2,112.0,42.0,True,
Friday,2024-08-30,AAPL,AAPL240830P00227500,227.5,REAL,3:30 PM,0.02,3:55 PM,0.01,-0.01,50,100.0,-50.0,False,
Friday,2024-09-06,AAPL,AAPL240906P00220000,220.0,REAL,3:30 PM,0.08,3:55 PM,0.12,0.04,13,104.0,52.0,True,
Friday,2024-09-13,AAPL,AAPL240913P00222500,222.5,REAL,3:30 PM,0.14,3:55 PM,0.09,-0.05,8,112.0,-40.0,False,
Friday,2024-09-20,AAPL,AAPL240920P00232500,232.5,REAL,3:30 PM,1.08,3:55 PM,2.61,1.53,1,108.0,153.0,True,
Friday,2024-09-27,AAPL,AAPL240927P00227500,227.5,REAL,3:30 PM,0.12,3:55 PM,0.01,-0.11,9,108.0,-99.0,False,
Friday,2024-10-04,AAPL,AAPL241004P00225000,225.0,REAL,3:30 PM,0.03,3:55 PM,0.01,-0.02,34,102.0,-68.0,False,
Friday,2024-10-11,AAPL,AAPL241011P00227500,227.5,REAL,3:30 PM,0.02,3:55 PM,0.04,0.02,50,100.0,100.0,True,
Friday,2024-10-18,AAPL,AAPL241018P00235000,235.0,REAL,3:30 PM,0.11,3:55 PM,0.11,0.0,10,110.0,0.0,False,
Friday,2024-10-25,AAPL,AAPL241025P00232500,232.5,REAL,3:30 PM,0.99,3:55 PM,1.18,0.19,2,198.0,38.0,True,
Friday,2024-11-01,AAPL,AAPL241101P00222500,222.5,REAL,3:30 PM,0.31,3:55 PM,0.01,-0.3,4,124.0,-120.0,False,
Friday,2024-11-08,AAPL,AAPL241108P00227500,227.5,REAL,3:30 PM,0.25,3:55 PM,0.47,0.22,4,100.0,88.0,True,
Friday,2024-11-15,AAPL,AAPL241115P00225000,225.0,REAL,3:30 PM,0.25,3:55 PM,0.05,-0.2,4,100.0,-80.0,False,
Friday,2024-11-22,AAPL,AAPL241122P00230000,230.0,REAL,3:30 PM,0.67,3:55 PM,0.27,-0.4,2,134.0,-80.0,False,
Friday,2024-11-29,AAPL,,0.0,MISS,3:30 PM,,3:55 PM,,,,,,,missing data (Fri & Thu closed)
Friday,2024-12-06,AAPL,AAPL241206P00242500,242.5,REAL,3:30 PM,0.05,3:55 PM,0.06,0.01,20,100.0,20.0,True,
Friday,2024-12-13,AAPL,AAPL241213P00247500,247.5,REAL,3:30 PM,0.03,3:55 PM,0.02,-0.01,34,102.0,-34.0,False,
Friday,2024-12-20,AAPL,AAPL241220P00252500,252.5,REAL,3:30 PM,0.11,3:55 PM,0.02,-0.09,10,110.0,-90.0,False,
Friday,2024-12-27,AAPL,AAPL241227P00255000,255.0,REAL,3:30 PM,0.14,3:55 PM,0.03,-0.11,8,112.0,-88.0,False,
Friday,2025-01-03,AAPL,AAPL250103P00242500,242.5,REAL,3:30 PM,0.11,3:55 PM,0.01,-0.1,10,110.0,-100.0,False,
Friday,2025-01-10,AAPL,AAPL250110P00235000,235.0,REAL,3:30 PM,0.07,3:55 PM,0.01,-0.06,15,105.0,-90.0,False,
Friday,2025-01-17,AAPL,AAPL250117P00230000,230.0,REAL,3:30 PM,0.56,3:55 PM,0.36,-0.2,2,112.0,-40.0,False,
Friday,2025-01-24,AAPL,AAPL250124P00222500,222.5,REAL,3:30 PM,0.36,3:55 PM,0.06,-0.3,3,108.0,-90.0,False,
Friday,2025-01-31,AAPL,AAPL250131P00235000,235.0,REAL,3:30 PM,0.91,3:55 PM,0.02,-0.89,2,182.0,-178.0,False,
Friday,2025-02-07,AAPL,AAPL250207P00227500,227.5,REAL,3:30 PM,0.1,3:55 PM,0.09,-0.01,10,100.0,-10.0,False,
Friday,2025-02-14,AAPL,AAPL250214P00245000,245.0,REAL,3:30 PM,1.04,3:55 PM,0.34,-0.7,1,104.0,-70.0,False,
Friday,2025-02-21,AAPL,AAPL250221P00245000,245.0,REAL,3:30 PM,0.08,3:55 PM,0.04,-0.04,13,104.0,-52.0,False,
Friday,2025-02-28,AAPL,AAPL250228P00240000,240.0,REAL,3:30 PM,0.67,3:55 PM,0.02,-0.65,2,134.0,-130.0,False,
Friday,2025-03-07,AAPL,AAPL250307P00240000,240.0,REAL,3:30 PM,1.0,3:55 PM,0.51,-0.49,1,100.0,-49.0,False,
Friday,2025-03-14,AAPL,AAPL250314P00212500,212.5,REAL,3:30 PM,0.15,3:55 PM,0.01,-0.14,7,105.0,-98.0,False,
Friday,2025-03-21,AAPL,AAPL250321P00215000,215.0,REAL,3:30 PM,0.2,3:55 PM,0.02,-0.18,5,100.0,-90.0,False,
Friday,2025-03-28,AAPL,AAPL250328P00217500,217.5,REAL,3:30 PM,0.07,3:55 PM,0.05,-0.02,15,105.0,-30.0,False,
Friday,2025-04-04,AAPL,AAPL250404P00190000,190.0,REAL,3:30 PM,0.85,3:55 PM,1.46,0.61,2,170.0,122.0,True,
Friday,2025-04-11,AAPL,AAPL250411P00200000,200.0,REAL,3:30 PM,2.1,3:55 PM,1.7,-0.4,1,210.0,-40.0,False,
Friday,2025-04-18,AAPL,AAPL250417P00195000,195.0,REAL,3:30 PM,0.04,3:55 PM,0.01,-0.03,25,100.0,-75.0,False,Fri closed → Thu expiry
Friday,2025-04-25,AAPL,AAPL250425P00207500,207.5,REAL,3:30 PM,0.17,3:55 PM,0.01,-0.16,6,102.0,-96.0,False,
Friday,2025-05-02,AAPL,AAPL250502P00205000,205.0,REAL,3:30 PM,0.41,3:55 PM,0.21,-0.2,3,123.0,-60.0,False,
Friday,2025-05-09,AAPL,AAPL250509P00200000,200.0,REAL,3:30 PM,1.47,3:55 PM,1.53,0.06,1,147.0,6.0,True,
Friday,2025-05-16,AAPL,AAPL250516P00212500,212.5,REAL,3:30 PM,0.88,3:55 PM,1.17,0.29,2,176.0,58.0,True,
Friday,2025-05-23,AAPL,AAPL250523P00195000,195.0,REAL,3:30 PM,0.2,3:55 PM,0.14,-0.06,5,100.0,-30.0,False,
Friday,2025-05-30,AAPL,AAPL250530P00200000,200.0,REAL,3:30 PM,0.45,3:55 PM,0.01,-0.44,3,135.0,-132.0,False,
Friday,2025-06-06,AAPL,AAPL250606P00205000,205.0,REAL,3:30 PM,0.3,3:55 PM,0.5,0.2,4,120.0,80.0,True,
Friday,2025-06-13,AAPL,AAPL250613P00195000,195.0,REAL,3:30 PM,0.03,3:55 PM,0.02,-0.01,34,102.0,-34.0,False,
Friday,2025-06-20,AAPL,AAPL250620P00200000,200.0,REAL,3:30 PM,0.35,3:55 PM,0.01,-0.34,3,105.0,-102.0,False,
Friday,2025-06-27,AAPL,AAPL250627P00200000,200.0,REAL,3:30 PM,0.03,3:55 PM,0.01,-0.02,34,102.0,-68.0,False,
Friday,2025-07-04,AAPL,,0.0,MISS,3:30 PM,,3:55 PM,,,,,,,missing data (Fri & Thu closed)
Friday,2025-07-11,AAPL,AAPL250711P00210000,210.0,REAL,3:30 PM,0.01,3:55 PM,0.01,0.0,100,100.0,0.0,False,
Friday,2025-07-18,AAPL,AAPL250718P00210000,210.0,REAL,3:30 PM,0.03,3:55 PM,0.01,-0.02,34,102.0,-68.0,False,
Friday,2025-07-25,AAPL,AAPL250725P00215000,215.0,REAL,3:30 PM,1.38,3:54 PM,1.06,-0.32,1,138.0,-32.0,False,
Friday,2025-08-01,AAPL,AAPL250801P00202500,202.5,REAL,3:30 PM,0.1,3:55 PM,0.12,0.02,10,100.0,20.0,True,
Friday,2025-08-08,AAPL,AAPL250808P00230000,230.0,REAL,3:30 PM,1.36,3:55 PM,0.77,-0.59,1,136.0,-59.0,False,
Friday,2025-08-15,AAPL,AAPL250815P00230000,230.0,REAL,3:30 PM,0.07,3:55 PM,0.05,-0.02,15,105.0,-30.0,False,
Friday,2025-08-22,AAPL,AAPL250822P00227500,227.5,REAL,3:30 PM,0.14,3:55 PM,0.22,0.08,8,112.0,64.0,True,
Friday,2025-08-29,AAPL,AAPL250829P00232500,232.5,REAL,3:30 PM,0.47,3:55 PM,0.82,0.35,3,141.0,105.0,True,
Friday,2025-09-05,AAPL,AAPL250905P00240000,240.0,REAL,3:30 PM,0.3,3:55 PM,0.71,0.41,4,120.0,164.0,True,
Friday,2025-09-12,AAPL,AAPL250912P00235000,235.0,REAL,3:30 PM,1.27,3:55 PM,1.0,-0.27,1,127.0,-27.0,False,
Friday,2025-09-19,AAPL,AAPL250919P00245000,245.0,REAL,3:30 PM,0.24,3:55 PM,0.25,0.01,5,120.0,5.0,True,
Friday,2025-09-26,AAPL,AAPL250926P00255000,255.0,REAL,3:30 PM,0.15,3:55 PM,0.03,-0.12,7,105.0,-84.0,False,
Friday,2025-10-03,AAPL,AAPL251003P00257500,257.5,REAL,3:30 PM,0.07,3:55 PM,0.05,-0.02,15,105.0,-30.0,False,
Friday,2025-10-10,AAPL,AAPL251010P00247500,247.5,REAL,3:30 PM,1.19,3:55 PM,2.49,1.3,1,119.0,130.0,True,
Friday,2025-10-17,AAPL,AAPL251017P00252500,252.5,REAL,3:30 PM,0.26,3:55 PM,0.26,0.0,4,104.0,0.0,False,
Friday,2025-10-24,AAPL,AAPL251024P00262500,262.5,REAL,3:30 PM,0.01,3:55 PM,0.03,0.02,100,100.0,200.0,True,
Friday,2025-10-31,AAPL,AAPL251031P00272500,272.5,REAL,3:30 PM,0.63,3:55 PM,1.94,1.31,2,126.0,262.0,True,
Friday,2025-11-07,AAPL,AAPL251107P00267500,267.5,REAL,3:30 PM,0.16,3:55 PM,0.03,-0.13,7,112.0,-91.0,False,
Friday,2025-11-14,AAPL,AAPL251114P00275000,275.0,REAL,3:30 PM,2.1,3:53 PM,2.63,0.53,1,210.0,53.0,True,
Friday,2025-11-21,AAPL,AAPL251121P00272500,272.5,REAL,3:30 PM,1.34,3:55 PM,1.45,0.11,1,134.0,11.0,True,
Friday,2025-11-28,AAPL,,0.0,MISS,3:30 PM,,3:55 PM,,,,,,,missing data (Fri & Thu closed)
Friday,2025-12-05,AAPL,AAPL251205P00280000,280.0,REAL,3:30 PM,1.11,3:55 PM,1.73,0.62,1,111.0,62.0,True,
Friday,2025-12-12,AAPL,AAPL251212P00277500,277.5,REAL,3:30 PM,0.08,3:55 PM,0.02,-0.06,13,104.0,-78.0,False,
Friday,2025-12-19,AAPL,AAPL251219P00272500,272.5,REAL,3:30 PM,1.85,3:55 PM,0.29,-1.56,1,185.0,-156.0,False,
Friday,2025-12-26,AAPL,AAPL251226P00275000,275.0,REAL,3:30 PM,1.13,3:55 PM,1.73,0.6,1,113.0,60.0,True,
Friday,2026-01-02,AAPL,AAPL260102P00270000,270.0,REAL,3:30 PM,0.11,3:55 PM,0.02,-0.09,10,110.0,-90.0,False,
Friday,2026-01-09,AAPL,AAPL260109P00260000,260.0,REAL,3:30 PM,0.22,3:55 PM,1.08,0.86,5,110.0,430.0,True,
Friday,2026-01-16,AAPL,AAPL260116P00257500,257.5,REAL,3:30 PM,1.33,3:55 PM,2.07,0.74,1,133.0,74.0,True,
Friday,2026-01-23,AAPL,AAPL260123P00247500,247.5,REAL,3:30 PM,0.04,3:55 PM,0.04,0.0,25,100.0,0.0,False,
Friday,2026-01-30,AAPL,AAPL260130P00257500,257.5,REAL,3:30 PM,0.02,3:55 PM,0.01,-0.01,50,100.0,-50.0,False,
Friday,2026-02-06,AAPL,AAPL260206P00277500,277.5,REAL,3:30 PM,0.17,3:55 PM,0.02,-0.15,6,102.0,-90.0,False,
Friday,2026-02-13,AAPL,AAPL260213P00257500,257.5,REAL,3:30 PM,1.58,3:55 PM,1.43,-0.15,1,158.0,-15.0,False,
Friday,2026-02-20,AAPL,AAPL260220P00265000,265.0,REAL,3:30 PM,1.55,3:55 PM,0.61,-0.94,1,155.0,-94.0,False,
Friday,2026-02-27,AAPL,AAPL260227P00265000,265.0,REAL,3:30 PM,0.05,3:55 PM,1.52,1.47,20,100.0,2940.0,True,
Friday,2026-03-06,AAPL,AAPL260306P00257500,257.5,REAL,3:30 PM,0.88,3:55 PM,0.2,-0.68,2,176.0,-136.0,False,
Friday,2026-03-13,AAPL,AAPL260313P00250000,250.0,REAL,3:30 PM,0.14,3:55 PM,0.03,-0.11,8,112.0,-88.0,False,
Friday,2026-03-20,AAPL,AAPL260320P00250000,250.0,REAL,3:30 PM,2.05,3:55 PM,2.26,0.21,1,205.0,21.0,True,
Friday,2026-03-27,AAPL,AAPL260327P00247500,247.5,REAL,3:30 PM,0.13,3:55 PM,0.01,-0.12,8,104.0,-96.0,False,
Friday,2026-04-03,AAPL,AAPL260402P00255000,255.0,REAL,3:30 PM,0.2,3:55 PM,0.02,-0.18,5,100.0,-90.0,False,Fri closed → Thu expiry
Friday,2026-04-10,AAPL,AAPL260410P00260000,260.0,REAL,3:30 PM,0.55,3:55 PM,0.05,-0.5,2,110.0,-100.0,False,
Friday,2026-04-17,AAPL,AAPL260417P00270000,270.0,REAL,3:30 PM,0.42,3:55 PM,0.22,-0.2,3,126.0,-60.0,False,
Friday,2026-04-24,AAPL,AAPL260424P00270000,270.0,REAL,3:30 PM,0.19,3:55 PM,0.01,-0.18,6,114.0,-108.0,False,
Friday,2026-05-01,AAPL,AAPL260501P00280000,280.0,REAL,3:30 PM,0.13,3:55 PM,0.27,0.14,8,104.0,112.0,True,
Friday,2026-05-08,AAPL,AAPL260508P00292500,292.5,REAL,3:30 PM,0.08,3:55 PM,0.02,-0.06,13,104.0,-78.0,False,
Friday,2026-05-15,AAPL,AAPL260515P00302500,302.5,REAL,3:30 PM,2.26,3:55 PM,1.45,-0.81,1,226.0,-81.0,False,
Friday,2026-05-22,AAPL,AAPL260522P00310000,310.0,REAL,3:30 PM,1.23,3:55 PM,1.14,-0.09,1,123.0,-9.0,False,
Friday,2026-05-29,AAPL,AAPL260529P00310000,310.0,REAL,3:30 PM,0.07,3:55 PM,0.01,-0.06,15,105.0,-90.0,False,
Friday,2026-06-05,AAPL,AAPL260605P00310000,310.0,REAL,3:30 PM,1.4,3:55 PM,1.68,0.28,1,140.0,28.0,True,
Friday,2026-06-12,AAPL,AAPL260612P00290000,290.0,REAL,3:30 PM,0.12,3:55 PM,0.01,-0.11,9,108.0,-99.0,False,
Friday,2026-06-19,AAPL,AAPL260618P00297500,297.5,REAL,3:30 PM,0.57,3:55 PM,0.15,-0.42,2,114.0,-84.0,False,Fri closed → Thu expiry
Friday,2026-06-26,AAPL,AAPL260626P00280000,280.0,REAL,3:30 PM,0.49,3:55 PM,0.02,-0.47,3,147.0,-141.0,False,
Friday,2024-07-05,TSLA,TSLA240705P00250000,250.0,REAL,3:45 PM,0.34,3:50 PM,0.3,-0.04,3,102.0,-12.0,False,
Friday,2024-07-12,TSLA,TSLA240712P00250000,250.0,REAL,3:45 PM,0.6,3:50 PM,1.7,1.1,2,120.0,220.0,True,
Friday,2024-07-19,TSLA,TSLA240719P00240000,240.0,REAL,3:45 PM,0.41,3:50 PM,0.7,0.29,3,123.0,87.0,True,
Friday,2024-07-26,TSLA,TSLA240726P00220000,220.0,REAL,3:45 PM,0.2,3:50 PM,0.37,0.17,5,100.0,85.0,True,
Friday,2024-08-02,TSLA,TSLA240802P00207500,207.5,REAL,3:45 PM,0.8,3:50 PM,1.31,0.51,2,160.0,102.0,True,
Friday,2024-08-09,TSLA,TSLA240809P00200000,200.0,REAL,3:45 PM,0.14,3:50 PM,0.2,0.06,8,112.0,48.0,True,
Friday,2024-08-16,TSLA,TSLA240816P00215000,215.0,REAL,3:45 PM,0.03,3:50 PM,0.02,-0.01,34,102.0,-34.0,False,
Friday,2024-08-23,TSLA,TSLA240823P00220000,220.0,REAL,3:45 PM,0.15,3:50 PM,0.07,-0.08,7,105.0,-56.0,False,
Friday,2024-08-30,TSLA,TSLA240830P00212500,212.5,REAL,3:45 PM,0.72,3:50 PM,0.2,-0.52,2,144.0,-104.0,False,
Friday,2024-09-06,TSLA,TSLA240906P00215000,215.0,REAL,3:45 PM,2.3,3:50 PM,2.33,0.03,1,230.0,3.0,True,
Friday,2024-09-13,TSLA,TSLA240913P00230000,230.0,REAL,3:45 PM,0.19,3:50 PM,0.07,-0.12,6,114.0,-72.0,False,
Friday,2024-09-20,TSLA,TSLA240920P00237500,237.5,REAL,3:45 PM,0.01,3:50 PM,0.1,0.09,100,100.0,900.0,True,
Friday,2024-09-27,TSLA,TSLA240927P00260000,260.0,REAL,3:45 PM,0.14,3:50 PM,0.16,0.02,8,112.0,16.0,True,
Friday,2024-10-04,TSLA,TSLA241004P00250000,250.0,REAL,3:45 PM,0.36,3:50 PM,0.23,-0.13,3,108.0,-39.0,False,
Friday,2024-10-11,TSLA,TSLA241011P00220000,220.0,REAL,3:45 PM,2.44,3:50 PM,2.11,-0.33,1,244.0,-33.0,False,
Friday,2024-10-18,TSLA,TSLA241018P00222500,222.5,REAL,3:45 PM,1.55,3:50 PM,1.64,0.09,1,155.0,9.0,True,
Friday,2024-10-25,TSLA,TSLA241025P00267500,267.5,REAL,3:45 PM,0.13,3:50 PM,0.08,-0.05,8,104.0,-40.0,False,
Friday,2024-11-01,TSLA,TSLA241101P00247500,247.5,REAL,3:45 PM,0.01,3:50 PM,0.04,0.03,100,100.0,300.0,True,
Friday,2024-11-08,TSLA,TSLA241108P00322500,322.5,REAL,3:45 PM,1.59,3:50 PM,2.05,0.46,1,159.0,46.0,True,
Friday,2024-11-15,TSLA,TSLA241115P00320000,320.0,REAL,3:45 PM,1.1,3:50 PM,0.52,-0.58,1,110.0,-58.0,False,
Friday,2024-11-22,TSLA,TSLA241122P00352500,352.5,REAL,3:45 PM,0.5,3:50 PM,0.13,-0.37,2,100.0,-74.0,False,
Friday,2024-11-29,TSLA,,0.0,MISS,3:45 PM,,3:50 PM,,,,,,,missing data (Fri & Thu closed)
Friday,2024-12-06,TSLA,TSLA241206P00380000,380.0,REAL,3:45 PM,0.04,3:50 PM,0.01,-0.03,25,100.0,-75.0,False,
Friday,2024-12-13,TSLA,TSLA241213P00432500,432.5,REAL,3:45 PM,1.45,3:50 PM,0.55,-0.9,1,145.0,-90.0,False,
Friday,2024-12-20,TSLA,TSLA241220P00440000,440.0,REAL,3:45 PM,8.71,3:50 PM,10.95,2.24,1,871.0,224.0,True,
Friday,2024-12-27,TSLA,TSLA241227P00432500,432.5,REAL,3:45 PM,3.9,3:50 PM,2.25,-1.65,1,390.0,-165.0,False,
Friday,2025-01-03,TSLA,TSLA250103P00405000,405.0,REAL,3:45 PM,0.1,3:50 PM,0.04,-0.06,10,100.0,-60.0,False,
Friday,2025-01-10,TSLA,TSLA250110P00395000,395.0,REAL,3:45 PM,1.02,3:50 PM,0.93,-0.09,1,102.0,-9.0,False,
Friday,2025-01-17,TSLA,TSLA250117P00435000,435.0,REAL,3:45 PM,4.9,3:50 PM,5.4,0.5,1,490.0,50.0,True,
Friday,2025-01-24,TSLA,TSLA250124P00407500,407.5,REAL,3:45 PM,1.37,3:50 PM,1.27,-0.1,1,137.0,-10.0,False,
Friday,2025-01-31,TSLA,TSLA250131P00405000,405.0,REAL,3:45 PM,2.09,3:50 PM,0.88,-1.21,1,209.0,-121.0,False,
Friday,2025-02-07,TSLA,TSLA250207P00362500,362.5,REAL,3:45 PM,1.88,3:50 PM,0.92,-0.96,1,188.0,-96.0,False,
Friday,2025-02-14,TSLA,TSLA250214P00355000,355.0,REAL,3:45 PM,0.66,3:50 PM,0.5,-0.16,2,132.0,-32.0,False,
Friday,2025-02-21,TSLA,TSLA250221P00337500,337.5,REAL,3:45 PM,1.73,3:50 PM,1.79,0.06,1,173.0,6.0,True,
Friday,2025-02-28,TSLA,TSLA250228P00290000,290.0,REAL,3:45 PM,1.05,3:50 PM,1.14,0.09,1,105.0,9.0,True,
Friday,2025-03-07,TSLA,TSLA250307P00260000,260.0,REAL,3:45 PM,0.63,3:50 PM,0.3,-0.33,2,126.0,-66.0,False,
Friday,2025-03-14,TSLA,TSLA250314P00250000,250.0,REAL,3:45 PM,2.18,3:50 PM,1.48,-0.7,1,218.0,-70.0,False,
Friday,2025-03-21,TSLA,TSLA250321P00245000,245.0,REAL,3:45 PM,0.13,3:50 PM,0.05,-0.08,8,104.0,-64.0,False,
Friday,2025-03-28,TSLA,TSLA250328P00265000,265.0,REAL,3:45 PM,3.25,3:50 PM,2.64,-0.61,1,325.0,-61.0,False,
Friday,2025-04-04,TSLA,TSLA250404P00240000,240.0,REAL,3:45 PM,0.08,3:50 PM,0.69,0.61,13,104.0,793.0,True,
Friday,2025-04-11,TSLA,TSLA250411P00247500,247.5,REAL,3:45 PM,0.2,3:50 PM,0.1,-0.1,5,100.0,-50.0,False,
Friday,2025-04-18,TSLA,TSLA250417P00240000,240.0,REAL,3:45 PM,0.45,3:50 PM,0.25,-0.2,3,135.0,-60.0,False,Fri closed → Thu expiry
Friday,2025-04-25,TSLA,TSLA250425P00285000,285.0,REAL,3:45 PM,1.72,3:50 PM,1.11,-0.61,1,172.0,-61.0,False,
Friday,2025-05-02,TSLA,TSLA250502P00290000,290.0,REAL,3:45 PM,3.65,3:50 PM,3.05,-0.6,1,365.0,-60.0,False,
Friday,2025-05-09,TSLA,TSLA250509P00297500,297.5,REAL,3:45 PM,0.17,3:50 PM,0.15,-0.02,6,102.0,-12.0,False,
Friday,2025-05-16,TSLA,TSLA250516P00347500,347.5,REAL,3:45 PM,0.3,3:50 PM,0.11,-0.19,4,120.0,-76.0,False,
Friday,2025-05-23,TSLA,TSLA250523P00340000,340.0,REAL,3:45 PM,0.29,3:50 PM,0.64,0.35,4,116.0,140.0,True,
Friday,2025-05-30,TSLA,TSLA250530P00350000,350.0,REAL,3:45 PM,0.19,3:50 PM,1.34,1.15,6,114.0,690.0,True,
Friday,2025-06-06,TSLA,TSLA250606P00302500,302.5,REAL,3:45 PM,6.68,3:50 PM,9.1,2.42,1,668.0,242.0,True,
Friday,2025-06-13,TSLA,TSLA250613P00325000,325.0,REAL,3:45 PM,0.72,3:50 PM,0.39,-0.33,2,144.0,-66.0,False,
Friday,2025-06-20,TSLA,TSLA250620P00322500,322.5,REAL,3:45 PM,1.43,3:50 PM,2.35,0.92,1,143.0,92.0,True,
Friday,2025-06-27,TSLA,TSLA250627P00320000,320.0,REAL,3:45 PM,0.05,3:50 PM,0.03,-0.02,20,100.0,-40.0,False,
Friday,2025-07-04,TSLA,,0.0,MISS,3:45 PM,,3:50 PM,,,,,,,missing data (Fri & Thu closed)
Friday,2025-07-11,TSLA,TSLA250711P00312500,312.5,REAL,3:45 PM,0.17,3:50 PM,0.08,-0.09,6,102.0,-54.0,False,
Friday,2025-07-18,TSLA,TSLA250718P00330000,330.0,REAL,3:45 PM,1.62,3:50 PM,0.96,-0.66,1,162.0,-66.0,False,
Friday,2025-07-25,TSLA,TSLA250725P00315000,315.0,REAL,3:45 PM,0.33,3:50 PM,0.2,-0.13,4,132.0,-52.0,False,
Friday,2025-08-01,TSLA,TSLA250801P00302500,302.5,REAL,3:45 PM,0.28,3:50 PM,0.24,-0.04,4,112.0,-16.0,False,
Friday,2025-08-08,TSLA,TSLA250808P00330000,330.0,REAL,3:45 PM,1.92,3:50 PM,1.9,-0.02,1,192.0,-2.0,False,
Friday,2025-08-15,TSLA,TSLA250815P00327500,327.5,REAL,3:45 PM,0.03,3:50 PM,0.08,0.05,34,102.0,170.0,True,
Friday,2025-08-22,TSLA,TSLA250822P00340000,340.0,REAL,3:45 PM,1.68,3:50 PM,1.3,-0.38,1,168.0,-38.0,False,
Friday,2025-08-29,TSLA,TSLA250829P00332500,332.5,REAL,3:45 PM,0.19,3:50 PM,0.09,-0.1,6,114.0,-60.0,False,
Friday,2025-09-05,TSLA,TSLA250905P00347500,347.5,REAL,3:45 PM,0.22,3:50 PM,0.02,-0.2,5,110.0,-100.0,False,
Friday,2025-09-12,TSLA,TSLA250912P00395000,395.0,REAL,3:45 PM,1.75,3:50 PM,0.6,-1.15,1,175.0,-115.0,False,
Friday,2025-09-19,TSLA,TSLA250919P00425000,425.0,REAL,3:45 PM,0.6,3:50 PM,0.26,-0.34,2,120.0,-68.0,False,
Friday,2025-09-26,TSLA,TSLA250926P00437500,437.5,REAL,3:45 PM,0.32,3:50 PM,0.13,-0.19,4,128.0,-76.0,False,
Friday,2025-10-03,TSLA,TSLA251003P00425000,425.0,REAL,3:45 PM,0.12,3:50 PM,0.12,0.0,9,108.0,0.0,False,
Friday,2025-10-10,TSLA,TSLA251010P00417500,417.5,REAL,3:45 PM,2.37,3:50 PM,2.03,-0.34,1,237.0,-34.0,False,
Friday,2025-10-17,TSLA,TSLA251017P00437500,437.5,REAL,3:45 PM,0.46,3:50 PM,0.47,0.01,3,138.0,3.0,True,
Friday,2025-10-24,TSLA,TSLA251024P00432500,432.5,REAL,3:45 PM,0.29,3:50 PM,1.64,1.35,4,116.0,540.0,True,
Friday,2025-10-31,TSLA,TSLA251031P00452500,452.5,REAL,3:45 PM,0.39,3:50 PM,0.15,-0.24,3,117.0,-72.0,False,
Friday,2025-11-07,TSLA,TSLA251107P00437500,437.5,REAL,3:45 PM,6.1,3:50 PM,8.12,2.02,1,610.0,202.0,True,
Friday,2025-11-14,TSLA,TSLA251114P00410000,410.0,REAL,3:45 PM,4.32,3:50 PM,5.55,1.23,1,432.0,123.0,True,
Friday,2025-11-21,TSLA,TSLA251121P00397500,397.5,REAL,3:45 PM,2.08,3:50 PM,3.13,1.05,1,208.0,105.0,True,
Friday,2025-11-28,TSLA,,0.0,MISS,3:45 PM,,3:50 PM,,,,,,,missing data (Fri & Thu closed)
Friday,2025-12-05,TSLA,TSLA251205P00455000,455.0,REAL,3:45 PM,0.46,3:50 PM,0.64,0.18,3,138.0,54.0,True,
Friday,2025-12-12,TSLA,TSLA251212P00452500,452.5,REAL,3:45 PM,0.07,3:50 PM,0.02,-0.05,15,105.0,-75.0,False,
Friday,2025-12-19,TSLA,TSLA251219P00482500,482.5,REAL,3:45 PM,1.01,3:50 PM,0.66,-0.35,1,101.0,-35.0,False,
Friday,2025-12-26,TSLA,TSLA251226P00477500,477.5,REAL,3:45 PM,0.29,3:50 PM,0.57,0.28,4,116.0,112.0,True,
Friday,2026-01-02,TSLA,TSLA260102P00440000,440.0,REAL,3:45 PM,1.44,3:50 PM,0.98,-0.46,1,144.0,-46.0,False,
Friday,2026-01-09,TSLA,TSLA260109P00445000,445.0,REAL,3:45 PM,0.37,3:50 PM,0.18,-0.19,3,111.0,-57.0,False,
Friday,2026-01-16,TSLA,TSLA260116P00440000,440.0,REAL,3:45 PM,0.72,3:50 PM,0.86,0.14,2,144.0,28.0,True,
Friday,2026-01-23,TSLA,TSLA260123P00447500,447.5,REAL,3:45 PM,0.33,3:50 PM,0.2,-0.13,4,132.0,-52.0,False,
Friday,2026-01-30,TSLA,TSLA260130P00432500,432.5,REAL,3:45 PM,0.54,3:50 PM,0.19,-0.35,2,108.0,-70.0,False,
Friday,2026-02-06,TSLA,TSLA260206P00412500,412.5,REAL,3:45 PM,0.1,3:50 PM,0.09,-0.01,10,100.0,-10.0,False,
Friday,2026-02-13,TSLA,TSLA260213P00420000,420.0,REAL,3:45 PM,2.85,3:50 PM,2.47,-0.38,1,285.0,-38.0,False,
Friday,2026-02-20,TSLA,TSLA260220P00410000,410.0,REAL,3:45 PM,0.15,3:50 PM,0.12,-0.03,7,105.0,-21.0,False,
Friday,2026-02-27,TSLA,TSLA260227P00400000,400.0,REAL,3:45 PM,0.61,3:50 PM,0.17,-0.44,2,122.0,-88.0,False,
Friday,2026-03-06,TSLA,TSLA260306P00400000,400.0,REAL,3:45 PM,2.28,3:50 PM,2.66,0.38,1,228.0,38.0,True,
Friday,2026-03-13,TSLA,TSLA260313P00392500,392.5,REAL,3:45 PM,2.16,3:50 PM,2.29,0.13,1,216.0,13.0,True,
Friday,2026-03-20,TSLA,TSLA260320P00367500,367.5,REAL,3:45 PM,2.33,3:50 PM,2.07,-0.26,1,233.0,-26.0,False,
Friday,2026-03-27,TSLA,TSLA260327P00360000,360.0,REAL,3:45 PM,0.2,3:50 PM,0.37,0.17,5,100.0,85.0,True,
Friday,2026-04-03,TSLA,TSLA260402P00360000,360.0,REAL,3:45 PM,0.27,3:50 PM,0.08,-0.19,4,108.0,-76.0,False,Fri closed → Thu expiry
Friday,2026-04-10,TSLA,TSLA260410P00345000,345.0,REAL,3:45 PM,0.02,3:50 PM,0.03,0.01,50,100.0,50.0,True,
Friday,2026-04-17,TSLA,TSLA260417P00402500,402.5,REAL,3:45 PM,1.84,3:50 PM,2.18,0.34,1,184.0,34.0,True,
Friday,2026-04-24,TSLA,TSLA260424P00377500,377.5,REAL,3:45 PM,0.79,3:50 PM,0.66,-0.13,2,158.0,-26.0,False,
Friday,2026-05-01,TSLA,TSLA260501P00395000,395.0,REAL,3:45 PM,2.78,3:50 PM,3.2,0.42,1,278.0,42.0,True,
Friday,2026-05-08,TSLA,TSLA260508P00427500,427.5,REAL,3:45 PM,3.05,3:50 PM,2.38,-0.67,1,305.0,-67.0,False,
Friday,2026-05-15,TSLA,TSLA260515P00425000,425.0,REAL,3:45 PM,1.26,3:50 PM,1.7,0.44,1,126.0,44.0,True,
Friday,2026-05-22,TSLA,TSLA260522P00430000,430.0,REAL,3:45 PM,4.75,3:50 PM,5.16,0.41,1,475.0,41.0,True,
Friday,2026-05-29,TSLA,TSLA260529P00435000,435.0,REAL,3:45 PM,0.26,3:50 PM,0.21,-0.05,4,104.0,-20.0,False,
Friday,2026-06-05,TSLA,TSLA260605P00390000,390.0,REAL,3:45 PM,0.26,3:50 PM,0.12,-0.14,4,104.0,-56.0,False,
Friday,2026-06-12,TSLA,TSLA260612P00402500,402.5,REAL,3:45 PM,0.55,3:50 PM,0.81,0.26,2,110.0,52.0,True,
Friday,2026-06-19,TSLA,TSLA260618P00395000,395.0,REAL,3:45 PM,0.08,3:50 PM,0.03,-0.05,13,104.0,-65.0,False,Fri closed → Thu expiry
Friday,2026-06-26,TSLA,TSLA260626P00380000,380.0,REAL,3:45 PM,1.2,3:50 PM,0.24,-0.96,1,120.0,-96.0,False,

SUMMARY BY DAY
day_of_week,ticker,optimal_entry,optimal_exit,trades,wins,win_rate,total_pnl_dollars,avg_pnl_dollars,best_day,worst_day,skipped_no_data,premium_spent,return_on_spend
Friday,AAPL,3:30 PM,3:55 PM,101,33,0.3267,1944.0,19.25,2940.0,-178.0,3,12262.0,0.1585
Friday,TSLA,3:45 PM,3:50 PM,101,38,0.3762,2255.0,22.33,900.0,-165.0,3,17349.0,0.1300

"DAY COMBINATION COMPARISON (per equity, then ALL combined)"
ticker,combination,days_included,trades,wins,win_rate,total_pnl_dollars,avg_pnl_dollars
AAPL,Friday only,Friday,101,33,0.3267,1944.0,19.25
TSLA,Friday only,Friday,101,38,0.3762,2255.0,22.33
ALL,Friday only,Friday,202,71,0.3515,4199.0,20.79
